Trd, 4318148.693, 71
Trd, 4318148.843, 72
Trd, 4318149.243, 69
Trd, 4318149.643, 87
Trd, 4318149.843, 86
Trd, 4318150.593, 70
Trd, 4318150.843, 68
Trd, 4318151.543, 61
Trd, 4318152.493, 63
Trd, 4318154.143, 72
Trd, 4318154.493, 70
Trd, 4318154.943, 77
Trd, 4318156.143, 102
Trd, 4318156.493, 111
Trd, 4318157.343, 104
Trd, 4318157.393, 101
Trd, 4318158.793, 108
Trd, 4318158.843, 102
Trd, 4318159.293, 100
Trd, 4318159.543, 89
Trd, 4318160.793, 80
Trd, 4318161.293, 87
Trd, 4318161.793, 140
Trd, 4318163.343, 63
Trd, 4318163.493, 78
Trd, 4318164.593, 61
Trd, 4318165.693, 65
Trd, 4318165.843, 67
Trd, 4318166.443, 97
Trd, 4318167.393, 73
Trd, 4318168.043, 74
Trd, 4318168.393, 73
Trd, 4318168.693, 68
Trd, 4318168.743, 87
Trd, 4318170.893, 60
Trd, 4318171.093, 60
Trd, 4318171.493, 60
Trd, 4318172.143, 61
Trd, 4318172.493, 75
Trd, 4318173.993, 85
Trd, 4318174.993, 94
Trd, 4318175.043, 93
Trd, 4318175.593, 81
Trd, 4318175.693, 119
Trd, 4318175.843, 75
Trd, 4318176.493, 73
Trd, 4318177.593, 70
Trd, 4318177.693, 69
Trd, 4318178.243, 63
Trd, 4318179.243, 83
Trd, 4318179.793, 69
Trd, 4318181.043, 95
Trd, 4318181.443, 64
Trd, 4318181.843, 72
Trd, 4318181.893, 64
Trd, 4318182.893, 112
Trd, 4318183.993, 104
Trd, 4318184.993, 116
Trd, 4318185.443, 111
Trd, 4318186.493, 104
Trd, 4318187.043, 128
Trd, 4318187.343, 72
Trd, 4318188.043, 75
Trd, 4318189.643, 80
Trd, 4318189.893, 110
Trd, 4318189.993, 73
Trd, 4318190.543, 73
Trd, 4318191.143, 72
Trd, 4318192.093, 110
Trd, 4318192.893, 111
Trd, 4318193.193, 104
Trd, 4318193.893, 106
Trd, 4318193.943, 130
Trd, 4318194.893, 103
Trd, 4318195.993, 139
Trd, 4318196.443, 104
Trd, 4318196.843, 97
Trd, 4318198.443, 92
Trd, 4318198.643, 91
Trd, 4318198.793, 89
Trd, 4318198.993, 93
Trd, 4318199.543, 88
Trd, 4318200.093, 65
Trd, 4318200.843, 63
Trd, 4318201.243, 68
Trd, 4318201.643, 64
Trd, 4318201.843, 74
Trd, 4318202.443, 66
Trd, 4318202.793, 65
Trd, 4318203.293, 140
Trd, 4318205.093, 66
Trd, 4318205.543, 63
Trd, 4318206.043, 87
Trd, 4318206.243, 67
Trd, 4318206.543, 65
Trd, 4318206.693, 61
Trd, 4318206.793, 69
Trd, 4318207.543, 87
Trd, 4318209.543, 95
Trd, 4318209.593, 93
Trd, 4318209.993, 87
Trd, 4318210.243, 86
Trd, 4318210.643, 81
Trd, 4318211.693, 89
Trd, 4318212.443, 74
Trd, 4318213.443, 67
Trd, 4318213.643, 70
Trd, 4318214.543, 66
Trd, 4318214.793, 64
Trd, 4318215.443, 65
Trd, 4318215.843, 61
Trd, 4318216.293, 61
Trd, 4318217.293, 60
Trd, 4318217.493, 104
Trd, 4318219.193, 60
Trd, 4318221.293, 60
Trd, 4318221.543, 62
Trd, 4318222.493, 121
Trd, 4318222.593, 121
Trd, 4318224.043, 114
Trd, 4318224.393, 114
Trd, 4318226.043, 76
Trd, 4318226.143, 74
Trd, 4318226.193, 73
Trd, 4318226.293, 73
Trd, 4318227.343, 64
Trd, 4318228.243, 64
Trd, 4318228.743, 68
Trd, 4318228.893, 139
Trd, 4318230.143, 66
Trd, 4318231.293, 70
Trd, 4318232.443, 74
Trd, 4318233.593, 77
Trd, 4318234.493, 115
Trd, 4318234.743, 140
Trd, 4318235.743, 140
Trd, 4318235.793, 140
Trd, 4318236.843, 123
Trd, 4318237.143, 121
Trd, 4318237.493, 98
Trd, 4318237.593, 74
Trd, 4318238.293, 65
Trd, 4318239.143, 74
Trd, 4318240.543, 63
Trd, 4318241.443, 63
Trd, 4318244.393, 62
Trd, 4318244.693, 64
Trd, 4318244.793, 62
Trd, 4318244.893, 61
Trd, 4318245.193, 64
Trd, 4318246.193, 69
Trd, 4318246.493, 140
Trd, 4318247.093, 65
Trd, 4318247.243, 64
Trd, 4318247.543, 69
Trd, 4318248.093, 63
Trd, 4318248.293, 139
Trd, 4318249.093, 65
Trd, 4318251.543, 68
Trd, 4318251.643, 69
Trd, 4318252.893, 105
Trd, 4318253.293, 101
Trd, 4318253.593, 88
Trd, 4318255.393, 88
Trd, 4318255.443, 86
Trd, 4318256.143, 77
Trd, 4318256.393, 61
Trd, 4318257.393, 105
Trd, 4318257.493, 105
Trd, 4318258.193, 94
Trd, 4318258.293, 94
Trd, 4318258.593, 94
Trd, 4318258.893, 94
Trd, 4318260.693, 82
Trd, 4318260.743, 136
Trd, 4318262.443, 95
Trd, 4318262.693, 103
Trd, 4318263.243, 126
Trd, 4318263.543, 103
Trd, 4318264.443, 90
Trd, 4318264.793, 88
Trd, 4318265.643, 107
Trd, 4318266.193, 86
Trd, 4318267.093, 139
Trd, 4318268.193, 116
Trd, 4318268.843, 96
Trd, 4318269.693, 103
Trd, 4318269.843, 102
Trd, 4318269.943, 101
Trd, 4318270.093, 88
Trd, 4318272.793, 140
Trd, 4318273.393, 139
Trd, 4318273.643, 120
Trd, 4318273.793, 119
Trd, 4318274.043, 96
Trd, 4318274.443, 101
Trd, 4318274.493, 91
Trd, 4318274.543, 87
Trd, 4318274.943, 86
Trd, 4318277.193, 62
Trd, 4318277.843, 62
Trd, 4318278.693, 62
Trd, 4318279.093, 65
Trd, 4318280.243, 68
Trd, 4318280.493, 77
Trd, 4318281.093, 60
Trd, 4318281.343, 89
Trd, 4318281.843, 88
Trd, 4318283.193, 64
Trd, 4318283.893, 65
Trd, 4318284.193, 67
Trd, 4318284.893, 61
Trd, 4318286.143, 66
Trd, 4318286.643, 122
Trd, 4318287.543, 74
Trd, 4318288.043, 67
Trd, 4318288.343, 66
Trd, 4318289.693, 64
Trd, 4318289.993, 68
Trd, 4318290.043, 70
Trd, 4318290.193, 63
Trd, 4318291.643, 71
Trd, 4318291.843, 84
Trd, 4318292.093, 66
Trd, 4318292.243, 62
Trd, 4318293.743, 67
Trd, 4318293.843, 66
Trd, 4318294.293, 85
Trd, 4318295.593, 74
Trd, 4318297.093, 61
Trd, 4318297.543, 61
Trd, 4318298.293, 96
Trd, 4318298.343, 95
Trd, 4318298.693, 93
Trd, 4318298.843, 88
Trd, 4318299.293, 114
Trd, 4318300.093, 79
Trd, 4318300.893, 139
Trd, 4318301.293, 111
Trd, 4318301.393, 105
Trd, 4318301.543, 104
Trd, 4318304.443, 77
Trd, 4318304.593, 67
Trd, 4318304.693, 61
Trd, 4318305.093, 113
Trd, 4318305.543, 70
Trd, 4318305.993, 110
Trd, 4318306.843, 66
Trd, 4318307.893, 140
Trd, 4318308.043, 123
Trd, 4318308.243, 120
Trd, 4318308.643, 88
Trd, 4318309.743, 89
Trd, 4318309.993, 83
Trd, 4318310.043, 73
Trd, 4318311.743, 83
Trd, 4318312.343, 126
Trd, 4318314.643, 60
Trd, 4318314.743, 62
Trd, 4318315.793, 71
Trd, 4318316.443, 85
Trd, 4318317.743, 129
Trd, 4318317.843, 73
Trd, 4318318.393, 103
Trd, 4318318.643, 74
Trd, 4318319.043, 69
Trd, 4318319.243, 64
Trd, 4318320.193, 60
Trd, 4318320.393, 94
Trd, 4318323.143, 64
Trd, 4318323.393, 62
Trd, 4318323.593, 61
Trd, 4318324.043, 66
Trd, 4318324.343, 76
Trd, 4318324.943, 65
Trd, 4318325.043, 67
Trd, 4318326.043, 62
Trd, 4318326.793, 107
Trd, 4318328.143, 71
Trd, 4318328.243, 92
Trd, 4318329.543, 72
Trd, 4318329.893, 70
Trd, 4318331.393, 89
Trd, 4318331.943, 71
Trd, 4318332.243, 72
Trd, 4318333.793, 77
Trd, 4318334.743, 80
Trd, 4318335.243, 77
Trd, 4318335.743, 71
Trd, 4318336.493, 73
Trd, 4318337.643, 140
Trd, 4318337.843, 140
Trd, 4318338.543, 131
Trd, 4318339.143, 110
Trd, 4318339.543, 109
Trd, 4318339.893, 109
Trd, 4318340.143, 82
Trd, 4318340.593, 79
Trd, 4318341.643, 140
Trd, 4318342.193, 120
Trd, 4318343.343, 103
Trd, 4318344.193, 103
Trd, 4318344.443, 87
Trd, 4318345.743, 65
Trd, 4318345.843, 69
Trd, 4318346.943, 80
Trd, 4318347.093, 63
Trd, 4318349.443, 62
Trd, 4318350.093, 61
Trd, 4318350.293, 61
Trd, 4318350.643, 61
Trd, 4318350.943, 62
Trd, 4318351.393, 65
Trd, 4318352.493, 60
Trd, 4318352.843, 78
Trd, 4318353.543, 73
Trd, 4318354.493, 140
Trd, 4318354.643, 140
Trd, 4318354.943, 140
Trd, 4318355.693, 124
Trd, 4318356.343, 123
Trd, 4318357.293, 88
Trd, 4318357.493, 88
Trd, 4318357.793, 86
Trd, 4318358.543, 108
Trd, 4318359.393, 75
Trd, 4318360.443, 86
Trd, 4318361.643, 87
Trd, 4318362.593, 87
Trd, 4318362.793, 99
Trd, 4318363.543, 94
Trd, 4318363.693, 99
Trd, 4318365.243, 140
Trd, 4318365.743, 140
Trd, 4318366.393, 139
Trd, 4318366.593, 137
Trd, 4318367.443, 117
Trd, 4318367.493, 100
Trd, 4318367.843, 98
Trd, 4318368.693, 64
Trd, 4318369.143, 66
Trd, 4318369.543, 62
Trd, 4318370.143, 62
Trd, 4318370.543, 63
Trd, 4318370.793, 63
Trd, 4318371.143, 79
Trd, 4318371.793, 63
Trd, 4318372.243, 92
Trd, 4318373.493, 92
Trd, 4318373.693, 91
Trd, 4318375.343, 60
Trd, 4318376.043, 63
Trd, 4318376.843, 60
Trd, 4318377.993, 79
Trd, 4318378.193, 78
Trd, 4318378.293, 77
Trd, 4318378.743, 93
Trd, 4318378.893, 82
Trd, 4318379.793, 120
Trd, 4318379.993, 76
Trd, 4318380.193, 73
Trd, 4318380.443, 69
Trd, 4318381.343, 69
Trd, 4318382.143, 65
Trd, 4318382.593, 66
Trd, 4318383.893, 84
Trd, 4318384.343, 69
Trd, 4318384.543, 68
Trd, 4318385.343, 69
Trd, 4318387.043, 67
Trd, 4318387.193, 113
Trd, 4318387.793, 105
Trd, 4318388.693, 94
Trd, 4318388.943, 92
Trd, 4318389.193, 91
Trd, 4318390.043, 125
Trd, 4318390.243, 125
Trd, 4318390.293, 85
Trd, 4318391.393, 77
Trd, 4318391.943, 82
Trd, 4318392.493, 82
Trd, 4318393.643, 61
Trd, 4318394.643, 60
Trd, 4318395.593, 66
Trd, 4318396.393, 60
Trd, 4318396.843, 60
Trd, 4318397.943, 91
Trd, 4318398.793, 79
Trd, 4318399.093, 64
Trd, 4318399.993, 81
Trd, 4318400.943, 78
Trd, 4318401.043, 118
Trd, 4318401.293, 75
Trd, 4318401.843, 94
Trd, 4318401.993, 82
Trd, 4318402.443, 82
Trd, 4318403.293, 67
Trd, 4318404.843, 73
Trd, 4318405.193, 106
Trd, 4318405.993, 139
Trd, 4318407.443, 60
Trd, 4318407.943, 60
Trd, 4318409.843, 60
Trd, 4318410.093, 62
Trd, 4318410.543, 60
Trd, 4318411.193, 78
Trd, 4318411.693, 62
Trd, 4318412.143, 60
Trd, 4318412.793, 62
Trd, 4318412.993, 60
Trd, 4318413.143, 84
Trd, 4318416.493, 78
Trd, 4318418.143, 131
Trd, 4318418.343, 121
Trd, 4318418.743, 123
Trd, 4318419.243, 121
Trd, 4318419.393, 114
Trd, 4318419.443, 95
Trd, 4318419.843, 98
Trd, 4318421.343, 62
Trd, 4318422.043, 63
Trd, 4318422.993, 61
Trd, 4318423.593, 60
Trd, 4318424.943, 86
Trd, 4318425.143, 66
Trd, 4318426.143, 70
Trd, 4318426.693, 96
Trd, 4318426.893, 72
Trd, 4318428.893, 129
Trd, 4318428.943, 119
Trd, 4318429.293, 118
Trd, 4318429.943, 118
Trd, 4318430.743, 114
Trd, 4318430.993, 117
Trd, 4318431.593, 111
Trd, 4318431.943, 100
Trd, 4318432.543, 96
Trd, 4318432.843, 92
Trd, 4318435.143, 97
Trd, 4318435.443, 95
Trd, 4318435.593, 85
Trd, 4318436.193, 125
Trd, 4318437.793, 61
Trd, 4318438.393, 78
Trd, 4318438.993, 61
Trd, 4318439.493, 61
Trd, 4318439.543, 66
Trd, 4318440.893, 82
Trd, 4318440.943, 81
Trd, 4318443.393, 60
Trd, 4318444.693, 65
Trd, 4318445.293, 69
Trd, 4318445.993, 61
Trd, 4318447.443, 69
Trd, 4318448.193, 61
Trd, 4318448.543, 61
Trd, 4318449.143, 121
Trd, 4318449.593, 126
Trd, 4318450.443, 65
Trd, 4318450.793, 65
Trd, 4318452.143, 120
Trd, 4318452.593, 138
Trd, 4318452.793, 102
Trd, 4318452.843, 96
Trd, 4318452.893, 93
Trd, 4318453.543, 90
Trd, 4318454.743, 91
Trd, 4318454.843, 88
Trd, 4318456.543, 92
Trd, 4318457.093, 75
Trd, 4318457.193, 72
Trd, 4318457.793, 140
Trd, 4318458.393, 67
Trd, 4318461.693, 62
Trd, 4318462.043, 61
Trd, 4318462.493, 62
Trd, 4318463.193, 64
Trd, 4318464.643, 61
Trd, 4318465.543, 71
Trd, 4318465.793, 82
Trd, 4318466.493, 66
Trd, 4318467.093, 68
Trd, 4318467.143, 66
Trd, 4318467.443, 73
Trd, 4318469.443, 81
Trd, 4318469.543, 78
Trd, 4318470.293, 85
Trd, 4318471.093, 137
Trd, 4318471.393, 119
Trd, 4318471.693, 84
Trd, 4318474.593, 60
Trd, 4318474.993, 62
Trd, 4318475.593, 65
Trd, 4318476.043, 65
Trd, 4318476.143, 93
Trd, 4318477.643, 78
Trd, 4318477.743, 75
Trd, 4318478.093, 105
Trd, 4318478.343, 121
Trd, 4318478.693, 79
Trd, 4318479.593, 75
Trd, 4318481.143, 62
Trd, 4318482.893, 60
Trd, 4318483.093, 62
Trd, 4318483.143, 64
Trd, 4318483.493, 99
Trd, 4318483.893, 80
Trd, 4318484.393, 69
Trd, 4318486.093, 83
Trd, 4318486.393, 113
Trd, 4318487.993, 91
Trd, 4318489.193, 93
Trd, 4318489.393, 97
Trd, 4318489.793, 91
Trd, 4318490.193, 99
Trd, 4318492.493, 107
Trd, 4318492.543, 94
Trd, 4318492.593, 93
Trd, 4318494.093, 106
Trd, 4318494.343, 104
Trd, 4318495.493, 140
Trd, 4318495.793, 129
Trd, 4318495.943, 128
Trd, 4318497.193, 128
Trd, 4318498.093, 140
Trd, 4318498.793, 121
Trd, 4318498.843, 120
Trd, 4318499.743, 109
Trd, 4318500.793, 101
Trd, 4318501.043, 101
Trd, 4318501.293, 81
Trd, 4318501.593, 98
Trd, 4318502.693, 64
Trd, 4318503.893, 62
Trd, 4318505.793, 61
Trd, 4318506.243, 65
Trd, 4318506.643, 68
Trd, 4318506.693, 62
Trd, 4318506.893, 69
Trd, 4318508.293, 108
Trd, 4318508.593, 68
Trd, 4318508.943, 100
Trd, 4318510.293, 102
Trd, 4318510.543, 99
Trd, 4318511.043, 99
Trd, 4318511.293, 98
Trd, 4318511.493, 68
Trd, 4318513.343, 72
Trd, 4318513.843, 71
Trd, 4318514.193, 98
Trd, 4318514.393, 63
Trd, 4318514.543, 128
Trd, 4318516.843, 64
Trd, 4318517.693, 65
Trd, 4318518.943, 62
Trd, 4318521.093, 61
Trd, 4318521.393, 63
Trd, 4318521.543, 62
Trd, 4318521.893, 62
Trd, 4318522.493, 140
Trd, 4318523.293, 102
Trd, 4318524.943, 140
Trd, 4318525.343, 140
Trd, 4318525.443, 139
Trd, 4318526.443, 140
Trd, 4318526.743, 139
Trd, 4318527.593, 112
Trd, 4318527.893, 82
Trd, 4318528.543, 70
Trd, 4318529.743, 65
Trd, 4318530.493, 86
Trd, 4318531.093, 88
Trd, 4318531.643, 89
Trd, 4318532.043, 89
Trd, 4318532.593, 86
Trd, 4318533.843, 66
Trd, 4318534.743, 93
Trd, 4318535.493, 70
Trd, 4318536.243, 62
Trd, 4318536.793, 140
Trd, 4318537.293, 140
Trd, 4318538.293, 126
Trd, 4318538.443, 126
Trd, 4318538.993, 126
Trd, 4318539.093, 125
Trd, 4318539.343, 107
Trd, 4318540.293, 88
Trd, 4318541.443, 94
Trd, 4318542.243, 66
Trd, 4318543.543, 102
Trd, 4318543.743, 140
Trd, 4318544.593, 106
Trd, 4318545.393, 119
Trd, 4318545.693, 120
Trd, 4318546.293, 129
Trd, 4318546.343, 121
Trd, 4318547.043, 131
Trd, 4318547.443, 108
Trd, 4318548.693, 77
Trd, 4318549.993, 94
Trd, 4318550.093, 123
Trd, 4318550.443, 66
Trd, 4318551.043, 65
Trd, 4318552.593, 62
Trd, 4318553.843, 60
Trd, 4318554.043, 64
Trd, 4318554.293, 63
Trd, 4318556.143, 66
Trd, 4318556.343, 65
Trd, 4318556.643, 100
Trd, 4318557.043, 63
Trd, 4318557.293, 66
Trd, 4318557.643, 111
Trd, 4318558.143, 63
Trd, 4318559.493, 104
Trd, 4318560.043, 62
Trd, 4318560.893, 73
Trd, 4318561.693, 65
Trd, 4318562.493, 64
Trd, 4318562.893, 91
Trd, 4318563.993, 96
Trd, 4318565.643, 79
Trd, 4318565.943, 78
Trd, 4318565.993, 92
Trd, 4318566.193, 79
Trd, 4318567.343, 140
Trd, 4318568.393, 140
Trd, 4318568.443, 139
Trd, 4318568.543, 130
Trd, 4318569.293, 140
Trd, 4318569.843, 127
Trd, 4318571.093, 114
Trd, 4318571.193, 107
Trd, 4318572.093, 100
Trd, 4318572.143, 87
Trd, 4318572.793, 82
Trd, 4318573.193, 123
Trd, 4318574.093, 95
Trd, 4318575.043, 99
Trd, 4318576.593, 106
Trd, 4318576.743, 105
Trd, 4318577.343, 105
Trd, 4318577.893, 101
Trd, 4318578.243, 107
Trd, 4318578.593, 82
Trd, 4318578.943, 71
Trd, 4318579.093, 69
Trd, 4318579.793, 68
Trd, 4318580.293, 77
Trd, 4318580.793, 68
Trd, 4318581.543, 74
Trd, 4318582.043, 69
Trd, 4318582.443, 70
Trd, 4318583.393, 72
Trd, 4318584.543, 77
Trd, 4318585.343, 90
Trd, 4318585.493, 131
Trd, 4318585.543, 74
Trd, 4318587.643, 69
Trd, 4318588.293, 69
Trd, 4318589.343, 64
Trd, 4318589.493, 61
Trd, 4318590.343, 66
Trd, 4318590.693, 86
Trd, 4318590.893, 96
Trd, 4318590.943, 65
Trd, 4318591.493, 75
Trd, 4318592.843, 65
Trd, 4318594.943, 63
Trd, 4318595.193, 77
Trd, 4318595.893, 63
Trd, 4318597.193, 63
Trd, 4318598.443, 61
Trd, 4318598.593, 62
Trd, 4318598.743, 60
Trd, 4318598.843, 70
Trd, 4318601.293, 62
Trd, 4318601.743, 60
Trd, 4318602.693, 63
Trd, 4318602.893, 64
Trd, 4318603.743, 77
Trd, 4318603.943, 85
Trd, 4318604.393, 66
Trd, 4318604.443, 63
Trd, 4318605.243, 80
Trd, 4318606.593, 74
Trd, 4318606.793, 69
Trd, 4318608.443, 62
Trd, 4318609.843, 101
Trd, 4318611.643, 106
Trd, 4318612.243, 106
Trd, 4318612.343, 103
Trd, 4318612.843, 122
Trd, 4318613.393, 127
Trd, 4318613.893, 126
Trd, 4318614.243, 123
Trd, 4318614.343, 116
Trd, 4318614.443, 113
Trd, 4318615.293, 72
Trd, 4318615.993, 71
Trd, 4318616.693, 90
Trd, 4318617.893, 71
Trd, 4318618.743, 72
Trd, 4318619.293, 78
Trd, 4318620.143, 77
Trd, 4318620.993, 74
Trd, 4318621.893, 70
Trd, 4318622.443, 72
Trd, 4318622.493, 67
Trd, 4318622.693, 90
Trd, 4318622.943, 91
Trd, 4318623.793, 65
Trd, 4318624.443, 63
Trd, 4318625.393, 89
Trd, 4318625.593, 89
Trd, 4318625.793, 83
Trd, 4318626.293, 79
Trd, 4318628.143, 60
Trd, 4318629.843, 60
Trd, 4318630.843, 60
Trd, 4318632.293, 61
Trd, 4318633.443, 61
Trd, 4318633.593, 61
Trd, 4318633.893, 61
Trd, 4318634.093, 62
Trd, 4318634.143, 64
Trd, 4318635.093, 64
Trd, 4318636.093, 68
Trd, 4318636.293, 62
Trd, 4318637.943, 98
Trd, 4318639.493, 73
Trd, 4318639.643, 129
Trd, 4318640.143, 73
Trd, 4318640.543, 80
Trd, 4318640.743, 71
Trd, 4318641.543, 70
Trd, 4318642.093, 94
Trd, 4318642.843, 70
Trd, 4318643.593, 68
Trd, 4318644.043, 66
Trd, 4318644.243, 68
Trd, 4318644.343, 65
Trd, 4318644.693, 64
Trd, 4318646.693, 69
Trd, 4318646.743, 78
Trd, 4318647.643, 60
Trd, 4318648.743, 61
Trd, 4318648.843, 61
Trd, 4318649.343, 62
Trd, 4318649.643, 70
Trd, 4318650.393, 64
Trd, 4318651.243, 94
Trd, 4318653.243, 68
Trd, 4318653.343, 67
Trd, 4318653.743, 66
Trd, 4318654.193, 64
Trd, 4318655.343, 62
Trd, 4318655.793, 80
Trd, 4318656.043, 76
Trd, 4318657.293, 66
Trd, 4318657.893, 68
Trd, 4318658.293, 86
Trd, 4318658.643, 128
Trd, 4318660.043, 102
Trd, 4318660.143, 100
Trd, 4318661.043, 116
Trd, 4318661.693, 96
Trd, 4318662.093, 97
Trd, 4318662.643, 65
Trd, 4318663.443, 112
Trd, 4318664.493, 89
Trd, 4318664.693, 89
Trd, 4318665.143, 96
Trd, 4318665.243, 88
Trd, 4318666.093, 72
Trd, 4318666.543, 136
Trd, 4318667.493, 83
Trd, 4318667.593, 82
Trd, 4318667.943, 74
Trd, 4318668.193, 99
Trd, 4318669.293, 73
Trd, 4318669.843, 66
Trd, 4318670.843, 102
Trd, 4318670.893, 92
Trd, 4318671.693, 60
Trd, 4318671.993, 64
Trd, 4318674.043, 70
Trd, 4318674.293, 69
Trd, 4318674.443, 69
Trd, 4318675.093, 104
Trd, 4318675.493, 99
Trd, 4318675.643, 93
Trd, 4318675.793, 84
Trd, 4318675.943, 73
Trd, 4318676.443, 105
Trd, 4318678.643, 102
Trd, 4318679.293, 114
Trd, 4318679.343, 101
Trd, 4318679.943, 90
Trd, 4318682.443, 67
Trd, 4318682.793, 98
Trd, 4318683.343, 72
Trd, 4318683.893, 84
Trd, 4318684.443, 92
Trd, 4318684.493, 86
Trd, 4318684.643, 72
Trd, 4318684.893, 65
Trd, 4318686.343, 63
Trd, 4318686.643, 60
Trd, 4318687.993, 85
Trd, 4318688.143, 77
Trd, 4318689.093, 70
Trd, 4318690.143, 71
Trd, 4318690.193, 69
Trd, 4318690.243, 130
Trd, 4318692.143, 97
Trd, 4318692.793, 99
Trd, 4318692.993, 111
Trd, 4318693.193, 85
Trd, 4318694.043, 84
Trd, 4318694.793, 85
Trd, 4318695.443, 140
Trd, 4318695.743, 98
Trd, 4318695.893, 93
Trd, 4318697.093, 74
Trd, 4318697.643, 90
Trd, 4318699.393, 136
Trd, 4318699.693, 88
Trd, 4318700.343, 105
Trd, 4318700.393, 126
Trd, 4318701.443, 93
Trd, 4318701.693, 92
Trd, 4318702.343, 83
Trd, 4318702.543, 71
Trd, 4318703.543, 62
Trd, 4318705.693, 62
Trd, 4318706.643, 69
Trd, 4318708.443, 65
Trd, 4318708.543, 61
Trd, 4318709.193, 66
Trd, 4318709.343, 64
Trd, 4318709.493, 69
Trd, 4318710.593, 80
Trd, 4318710.643, 72
Trd, 4318711.593, 66
Trd, 4318711.793, 62
Trd, 4318712.793, 60
Trd, 4318713.893, 61
Trd, 4318714.443, 62
Trd, 4318714.743, 64
Trd, 4318715.543, 62
Trd, 4318715.893, 101
Trd, 4318716.793, 76
Trd, 4318716.843, 71
Trd, 4318717.443, 64
Trd, 4318718.193, 69
Trd, 4318719.493, 119
Trd, 4318720.593, 140
Trd, 4318720.693, 122
Trd, 4318721.443, 120
Trd, 4318721.643, 108
Trd, 4318721.943, 106
Trd, 4318723.343, 140
Trd, 4318723.493, 140
Trd, 4318723.893, 130
Trd, 4318725.893, 60
Trd, 4318727.093, 61
Trd, 4318728.843, 60
Trd, 4318729.293, 61
Trd, 4318729.543, 63
Trd, 4318729.793, 69
Trd, 4318731.493, 61
Trd, 4318731.593, 83
Trd, 4318733.143, 73
Trd, 4318733.893, 71
Trd, 4318733.993, 72
Trd, 4318734.793, 78
Trd, 4318735.093, 72
Trd, 4318735.743, 68
Trd, 4318736.493, 62
Trd, 4318738.243, 76
Trd, 4318738.443, 72
Trd, 4318739.843, 69
Trd, 4318740.143, 74
Trd, 4318741.343, 79
Trd, 4318741.493, 78
Trd, 4318742.593, 61
Trd, 4318742.843, 64
Trd, 4318743.493, 61
Trd, 4318743.593, 63
Trd, 4318743.993, 68
Trd, 4318744.643, 61
Trd, 4318745.743, 63
Trd, 4318746.093, 107
Trd, 4318746.443, 65
Trd, 4318747.093, 64
Trd, 4318748.043, 69
Trd, 4318748.093, 61
Trd, 4318748.743, 61
Trd, 4318749.393, 73
Trd, 4318751.943, 60
Trd, 4318752.843, 60
Trd, 4318753.143, 61
Trd, 4318753.743, 61
Trd, 4318754.293, 67
Trd, 4318754.693, 83
Trd, 4318754.993, 62
Trd, 4318755.493, 65
Trd, 4318756.893, 62
Trd, 4318759.793, 60
Trd, 4318759.993, 61
Trd, 4318761.393, 62
Trd, 4318761.693, 72
Trd, 4318762.193, 70
Trd, 4318762.743, 84
Trd, 4318763.793, 64
Trd, 4318765.443, 66
Trd, 4318765.693, 64
Trd, 4318766.043, 76
Trd, 4318766.443, 60
Trd, 4318766.893, 71
Trd, 4318768.043, 63
Trd, 4318768.793, 105
Trd, 4318769.443, 81
Trd, 4318769.993, 63
Trd, 4318770.593, 64
Trd, 4318771.043, 60
Trd, 4318772.243, 82
Trd, 4318774.893, 60
Trd, 4318775.093, 61
Trd, 4318775.443, 62
Trd, 4318775.543, 66
Trd, 4318776.093, 92
Trd, 4318776.893, 67
Trd, 4318777.893, 68
Trd, 4318778.543, 66
Trd, 4318780.043, 62
Trd, 4318780.743, 66
Trd, 4318781.043, 61
Trd, 4318782.093, 62
Trd, 4318782.893, 102
Trd, 4318783.193, 71
Trd, 4318783.793, 106
Trd, 4318784.193, 67
Trd, 4318784.643, 72
Trd, 4318784.793, 71
Trd, 4318784.943, 67
Trd, 4318785.743, 65
Trd, 4318785.893, 109
Trd, 4318787.843, 87
Trd, 4318787.993, 88
Trd, 4318789.193, 128
Trd, 4318789.393, 119
Trd, 4318789.443, 118
Trd, 4318790.193, 139
Trd, 4318790.343, 123
Trd, 4318790.743, 110
Trd, 4318790.793, 110
Trd, 4318792.543, 112
Trd, 4318793.393, 100
Trd, 4318793.543, 99
Trd, 4318794.393, 92
Trd, 4318794.993, 94
Trd, 4318795.293, 85
Trd, 4318796.743, 80
Trd, 4318797.143, 138
Trd, 4318797.643, 77
Trd, 4318798.543, 86
Trd, 4318799.193, 81
Trd, 4318799.543, 71
Trd, 4318799.743, 64
Trd, 4318801.593, 60
Trd, 4318801.893, 62
Trd, 4318802.943, 60
Trd, 4318803.293, 63
Trd, 4318804.143, 70
Trd, 4318804.493, 79
Trd, 4318805.293, 83
Trd, 4318805.343, 83
Trd, 4318806.243, 80
Trd, 4318806.493, 80
Trd, 4318806.643, 64
Trd, 4318806.993, 70
Trd, 4318808.943, 65
Trd, 4318809.093, 69
Trd, 4318809.843, 92
Trd, 4318810.143, 89
Trd, 4318811.443, 93
Trd, 4318811.993, 95
Trd, 4318813.343, 110
Trd, 4318813.643, 109
Trd, 4318813.943, 108
Trd, 4318814.393, 97
Trd, 4318814.493, 74
Trd, 4318815.593, 92
Trd, 4318816.443, 63
Trd, 4318817.593, 75
Trd, 4318817.843, 82
Trd, 4318818.943, 69
Trd, 4318819.093, 68
Trd, 4318819.643, 71
Trd, 4318820.743, 64
Trd, 4318821.143, 64
Trd, 4318821.943, 64
Trd, 4318822.943, 79
Trd, 4318823.093, 76
Trd, 4318823.193, 75
Trd, 4318824.293, 65
Trd, 4318824.393, 82
Trd, 4318827.143, 62
Trd, 4318827.443, 77
Trd, 4318828.093, 61
Trd, 4318828.143, 72
Trd, 4318828.743, 65
Trd, 4318830.393, 108
Trd, 4318831.543, 96
Trd, 4318831.593, 96
Trd, 4318831.843, 96
Trd, 4318832.093, 95
Trd, 4318833.343, 140
Trd, 4318833.643, 85
Trd, 4318836.043, 64
Trd, 4318837.393, 64
Trd, 4318837.843, 70
Trd, 4318838.043, 79
Trd, 4318839.093, 84
Trd, 4318839.643, 80
Trd, 4318839.943, 103
Trd, 4318840.493, 82
Trd, 4318840.943, 79
Trd, 4318841.243, 69
Trd, 4318842.293, 74
Trd, 4318842.543, 73
Trd, 4318842.693, 98
Trd, 4318843.393, 85
Trd, 4318843.693, 105
Trd, 4318844.693, 103
Trd, 4318846.043, 108
Trd, 4318846.843, 89
Trd, 4318846.993, 76
Trd, 4318847.393, 95
Trd, 4318847.593, 60
Trd, 4318849.693, 62
Trd, 4318851.043, 67
Trd, 4318851.093, 66
Trd, 4318851.743, 140
Trd, 4318852.043, 69
Trd, 4318852.393, 79
Trd, 4318853.243, 62
Trd, 4318853.443, 80
Trd, 4318853.743, 65
Trd, 4318854.343, 67
Trd, 4318855.193, 60
Trd, 4318855.493, 62
Trd, 4318856.443, 60
Trd, 4318856.993, 63
Trd, 4318857.693, 66
Trd, 4318858.043, 97
Trd, 4318858.993, 77
Trd, 4318860.043, 79
Trd, 4318860.093, 74
Trd, 4318860.943, 78
Trd, 4318862.093, 64
Trd, 4318862.793, 63
Trd, 4318864.093, 64
Trd, 4318864.443, 82
Trd, 4318864.993, 81
Trd, 4318865.643, 118
Trd, 4318866.093, 117
Trd, 4318866.243, 139
Trd, 4318866.693, 117
Trd, 4318867.193, 113
Trd, 4318867.343, 106
Trd, 4318867.743, 93
Trd, 4318868.943, 95
Trd, 4318869.893, 140
Trd, 4318870.193, 103
Trd, 4318870.243, 100
Trd, 4318870.543, 108
Trd, 4318870.643, 94
Trd, 4318873.343, 60
Trd, 4318873.743, 61
Trd, 4318874.093, 75
Trd, 4318875.493, 60
Trd, 4318876.143, 65
Trd, 4318876.393, 67
Trd, 4318877.193, 80
Trd, 4318877.643, 115
Trd, 4318878.593, 119
Trd, 4318879.593, 108
Trd, 4318880.843, 118
Trd, 4318881.293, 117
Trd, 4318881.343, 117
Trd, 4318881.393, 116
Trd, 4318881.643, 110
Trd, 4318881.893, 134
Trd, 4318882.493, 102
Trd, 4318882.943, 81
Trd, 4318884.993, 108
Trd, 4318885.843, 111
Trd, 4318886.343, 139
Trd, 4318886.493, 138
Trd, 4318887.343, 130
Trd, 4318887.443, 118
Trd, 4318887.493, 113
Trd, 4318889.493, 92
Trd, 4318889.543, 90
Trd, 4318889.893, 88
Trd, 4318891.793, 116
Trd, 4318891.893, 110
Trd, 4318891.943, 76
Trd, 4318893.093, 67
Trd, 4318895.043, 60
Trd, 4318896.393, 64
Trd, 4318897.043, 60
Trd, 4318898.143, 61
Trd, 4318898.943, 62
Trd, 4318899.943, 84
Trd, 4318901.493, 138
Trd, 4318901.643, 85
Trd, 4318902.793, 91
Trd, 4318903.143, 103
Trd, 4318903.343, 89
Trd, 4318905.093, 76
Trd, 4318905.893, 85
Trd, 4318906.143, 99
Trd, 4318906.543, 74
Trd, 4318906.743, 73
Trd, 4318907.643, 91
Trd, 4318907.993, 70
Trd, 4318908.893, 80
Trd, 4318909.243, 140
Trd, 4318909.743, 114
Trd, 4318910.393, 100
Trd, 4318912.093, 140
Trd, 4318912.343, 139
Trd, 4318912.943, 140
Trd, 4318913.143, 140
Trd, 4318913.893, 129
Trd, 4318914.893, 112
Trd, 4318915.193, 101
Trd, 4318915.643, 100
Trd, 4318917.343, 140
Trd, 4318917.693, 140
Trd, 4318917.793, 123
Trd, 4318918.643, 81
Trd, 4318920.043, 113
Trd, 4318920.243, 107
Trd, 4318920.443, 107
Trd, 4318921.593, 99
Trd, 4318923.443, 61
Trd, 4318923.543, 86
Trd, 4318924.193, 69
Trd, 4318925.143, 66
Trd, 4318927.093, 81
Trd, 4318927.243, 74
Trd, 4318927.693, 71
Trd, 4318928.443, 74
Trd, 4318928.743, 72
Trd, 4318929.293, 68
Trd, 4318929.343, 66
Trd, 4318929.843, 60
Trd, 4318930.443, 61
Trd, 4318932.593, 65
Trd, 4318933.993, 67
Trd, 4318934.093, 67
Trd, 4318935.793, 94
Trd, 4318936.493, 77
Trd, 4318937.143, 77
Trd, 4318937.293, 74
Trd, 4318937.343, 66
Trd, 4318938.593, 60
Trd, 4318941.293, 95
Trd, 4318942.143, 107
Trd, 4318942.443, 97
Trd, 4318942.543, 94
Trd, 4318942.593, 94
Trd, 4318943.443, 91
Trd, 4318944.043, 85
Trd, 4318944.243, 79
Trd, 4318944.793, 127
Trd, 4318945.893, 140
Trd, 4318947.193, 131
Trd, 4318947.443, 122
Trd, 4318947.793, 112
Trd, 4318947.943, 105
Trd, 4318948.243, 140
Trd, 4318948.543, 130
Trd, 4318949.393, 76
Trd, 4318951.093, 63
Trd, 4318951.493, 82
Trd, 4318952.193, 82
Trd, 4318952.443, 81
Trd, 4318953.643, 65
Trd, 4318954.643, 64
Trd, 4318955.793, 64
Trd, 4318955.843, 78
Trd, 4318957.993, 61
Trd, 4318958.843, 63
Trd, 4318959.043, 63
Trd, 4318959.593, 77
Trd, 4318959.893, 135
Trd, 4318960.843, 135
Trd, 4318961.393, 134
Trd, 4318961.743, 130
Trd, 4318961.893, 129
Trd, 4318961.943, 113
Trd, 4318962.593, 113
Trd, 4318963.043, 101
Trd, 4318963.593, 70
Trd, 4318964.443, 139
Trd, 4318966.043, 107
Trd, 4318966.143, 101
Trd, 4318966.843, 66
Trd, 4318968.093, 60
Trd, 4318968.893, 74
Trd, 4318969.493, 63
Trd, 4318971.343, 65
Trd, 4318971.393, 66
Trd, 4318971.943, 62
Trd, 4318972.193, 77
Trd, 4318972.393, 64
Trd, 4318973.643, 60
Trd, 4318974.893, 69
Trd, 4318975.843, 66
Trd, 4318977.393, 62
Trd, 4318977.943, 60
Trd, 4318978.243, 61
Trd, 4318978.293, 63
Trd, 4318979.793, 75
Trd, 4318979.893, 70
Trd, 4318980.743, 113
Trd, 4318980.893, 65
Trd, 4318981.343, 70
Trd, 4318981.443, 67
Trd, 4318982.893, 69
Trd, 4318983.143, 134
Trd, 4318983.393, 65
Trd, 4318984.093, 68
Trd, 4318986.043, 70
Trd, 4318986.393, 69
Trd, 4318987.043, 70
Trd, 4318987.793, 75
Trd, 4318987.943, 79
Trd, 4318988.093, 69
Trd, 4318989.043, 67
Trd, 4318989.893, 71
Trd, 4318991.593, 92
Trd, 4318992.043, 92
Trd, 4318992.843, 100
Trd, 4318993.193, 92
Trd, 4318993.843, 78
Trd, 4318993.893, 68
Trd, 4318994.793, 88
Trd, 4318994.993, 87
Trd, 4318995.843, 98
Trd, 4318997.193, 112
Trd, 4318997.393, 95
Trd, 4318997.593, 94
Trd, 4318997.993, 90
Trd, 4318998.743, 75
Trd, 4318998.993, 74
Trd, 4318999.743, 98
Trd, 4318999.893, 71
Trd, 4319000.993, 85
Trd, 4319002.043, 140
Trd, 4319002.143, 140
Trd, 4319004.443, 60
Trd, 4319004.893, 65
Trd, 4319005.493, 64
Trd, 4319005.593, 85
Trd, 4319005.993, 63
Trd, 4319006.843, 84
Trd, 4319007.043, 92
Trd, 4319008.643, 69
Trd, 4319009.043, 71
Trd, 4319009.593, 86
Trd, 4319009.743, 92
Trd, 4319010.143, 66
Trd, 4319011.193, 65
Trd, 4319011.243, 93
Trd, 4319011.693, 63
Trd, 4319011.893, 62
Trd, 4319012.093, 61
Trd, 4319012.993, 74
Trd, 4319014.293, 61
Trd, 4319014.643, 65
Trd, 4319015.593, 71
Trd, 4319016.993, 65
Trd, 4319017.093, 130
Trd, 4319018.843, 89
Trd, 4319019.043, 73
Trd, 4319019.593, 73
Trd, 4319019.843, 101
Trd, 4319019.893, 72
Trd, 4319020.243, 70
Trd, 4319023.143, 61
Trd, 4319023.293, 60
Trd, 4319023.493, 129
Trd, 4319023.743, 64
Trd, 4319024.693, 79
Trd, 4319026.243, 104
Trd, 4319026.293, 77
Trd, 4319026.643, 77
Trd, 4319026.743, 76
Trd, 4319027.793, 74
Trd, 4319028.893, 140
Trd, 4319029.543, 140
Trd, 4319029.693, 130
Trd, 4319030.543, 137
Trd, 4319031.243, 137
Trd, 4319031.943, 106
Trd, 4319032.543, 105
Trd, 4319032.893, 92
Trd, 4319033.043, 92
Trd, 4319033.193, 78
Trd, 4319035.143, 108
Trd, 4319036.493, 103
Trd, 4319036.943, 76
Trd, 4319037.093, 76
Trd, 4319038.243, 90
Trd, 4319039.143, 64
Trd, 4319039.293, 60
Trd, 4319039.493, 60
Trd, 4319040.643, 91
Trd, 4319042.343, 61
Trd, 4319043.143, 64
Trd, 4319044.193, 63
Trd, 4319044.293, 62
Trd, 4319044.693, 62
Trd, 4319045.893, 61
Trd, 4319046.343, 82
Trd, 4319047.243, 136
Trd, 4319048.743, 115
Trd, 4319048.993, 115
Trd, 4319049.543, 114
Trd, 4319050.243, 108
Trd, 4319050.843, 103
Trd, 4319050.943, 103
Trd, 4319051.643, 99
Trd, 4319052.693, 140
Trd, 4319052.743, 86
Trd, 4319053.343, 86
Trd, 4319054.493, 66
Trd, 4319056.343, 63
Trd, 4319056.493, 63
Trd, 4319056.693, 64
Trd, 4319056.793, 64
Trd, 4319056.843, 71
Trd, 4319057.693, 108
Trd, 4319058.243, 134
Trd, 4319058.543, 134
Trd, 4319058.643, 119
Trd, 4319058.893, 108
Trd, 4319059.543, 63
Trd, 4319060.643, 128
Trd, 4319060.793, 72
Trd, 4319062.243, 63
Trd, 4319062.743, 65
Trd, 4319063.993, 66
Trd, 4319064.143, 64
Trd, 4319064.493, 115
Trd, 4319064.643, 61
Trd, 4319064.893, 93
Trd, 4319066.343, 61
Trd, 4319067.243, 99
Trd, 4319067.893, 98
Trd, 4319067.993, 100
Trd, 4319069.643, 96
Trd, 4319070.143, 78
Trd, 4319070.443, 88
Trd, 4319070.593, 77
Trd, 4319070.643, 76
Trd, 4319071.243, 71
Trd, 4319072.243, 140
Trd, 4319072.693, 87
Trd, 4319076.843, 61
Trd, 4319077.493, 61
Trd, 4319077.643, 61
Trd, 4319078.043, 72
Trd, 4319078.093, 63
Trd, 4319078.143, 60
Trd, 4319079.043, 61
Trd, 4319079.793, 61
Trd, 4319081.043, 60
Trd, 4319081.993, 62
Trd, 4319082.193, 63
Trd, 4319083.793, 88
Trd, 4319083.993, 85
Trd, 4319084.943, 140
Trd, 4319085.043, 140
Trd, 4319086.443, 140
Trd, 4319086.993, 140
Trd, 4319087.243, 131
Trd, 4319087.743, 118
Trd, 4319089.493, 107
Trd, 4319089.743, 136
Trd, 4319090.543, 129
Trd, 4319091.093, 129
Trd, 4319091.193, 128
Trd, 4319091.493, 123
Trd, 4319091.743, 114
Trd, 4319093.593, 91
Trd, 4319093.993, 137
Trd, 4319095.293, 80
Trd, 4319095.643, 84
Trd, 4319096.643, 80
Trd, 4319096.793, 76
Trd, 4319097.643, 83
Trd, 4319098.193, 83
Trd, 4319098.593, 82
Trd, 4319099.643, 74
Trd, 4319099.793, 140
Trd, 4319101.243, 91
Trd, 4319102.343, 86
Trd, 4319102.893, 90
Trd, 4319103.493, 80
Trd, 4319104.243, 78
Trd, 4319104.343, 75
Trd, 4319105.293, 77
Trd, 4319105.643, 74
Trd, 4319105.943, 138
Trd, 4319106.843, 70
Trd, 4319107.143, 81
Trd, 4319107.893, 61
Trd, 4319108.743, 61
Trd, 4319110.743, 62
Trd, 4319111.043, 63
Trd, 4319111.343, 66
Trd, 4319112.643, 140
Trd, 4319113.293, 140
Trd, 4319113.393, 140
Trd, 4319113.693, 136
Trd, 4319114.493, 116
Trd, 4319114.793, 114
Trd, 4319115.943, 60
Trd, 4319117.093, 72
Trd, 4319117.443, 65
Trd, 4319117.543, 78
Trd, 4319118.693, 64
Trd, 4319119.193, 74
Trd, 4319120.743, 70
Trd, 4319122.193, 76
Trd, 4319122.793, 63
Trd, 4319123.593, 62
Trd, 4319123.843, 64
Trd, 4319124.393, 71
Trd, 4319124.693, 72
Trd, 4319125.843, 64
Trd, 4319125.943, 67
Trd, 4319126.093, 64
Trd, 4319126.543, 66
Trd, 4319128.393, 76
Trd, 4319129.593, 140
Trd, 4319129.693, 138
Trd, 4319129.793, 85
Trd, 4319130.143, 102
Trd, 4319130.493, 77
Trd, 4319131.143, 80
Trd, 4319131.493, 105
Trd, 4319132.543, 72
Trd, 4319132.943, 71
Trd, 4319133.343, 69
Trd, 4319134.793, 68
Trd, 4319135.643, 82
Trd, 4319136.143, 94
Trd, 4319136.693, 99
Trd, 4319137.443, 105
Trd, 4319137.543, 97
Trd, 4319138.293, 94
Trd, 4319138.493, 89
Trd, 4319139.043, 82
Trd, 4319140.093, 140
Trd, 4319140.543, 140
Trd, 4319140.593, 77
Trd, 4319140.793, 84
Trd, 4319141.843, 140
Trd, 4319143.443, 61
Trd, 4319144.193, 62
Trd, 4319145.243, 81
Trd, 4319145.393, 78
Trd, 4319145.643, 77
Trd, 4319146.693, 74
Trd, 4319147.543, 86
Trd, 4319147.793, 78
Trd, 4319151.243, 68
Trd, 4319151.393, 72
Trd, 4319152.493, 106
Trd, 4319152.743, 106
Trd, 4319153.143, 106
Trd, 4319153.243, 104
Trd, 4319153.343, 103
Trd, 4319153.443, 89
Trd, 4319153.943, 90
Trd, 4319154.243, 98
Trd, 4319155.793, 62
Trd, 4319156.293, 110
Trd, 4319156.443, 111
Trd, 4319156.843, 112
Trd, 4319157.543, 111
Trd, 4319157.643, 106
Trd, 4319158.493, 101
Trd, 4319158.993, 117
Trd, 4319159.293, 74
Trd, 4319159.643, 63
Trd, 4319159.893, 128
Trd, 4319160.293, 101
Trd, 4319162.143, 61
Trd, 4319163.543, 80
Trd, 4319163.643, 79
Trd, 4319165.193, 60
Trd, 4319166.043, 73
Trd, 4319166.593, 78
Trd, 4319167.093, 80
Trd, 4319167.493, 82
Trd, 4319167.593, 117
Trd, 4319167.893, 79
Trd, 4319169.143, 86
Trd, 4319169.393, 80
Trd, 4319169.843, 73
Trd, 4319171.293, 140
Trd, 4319172.043, 139
Trd, 4319172.393, 137
Trd, 4319172.493, 136
Trd, 4319172.843, 125
Trd, 4319173.393, 119
Trd, 4319173.493, 110
Trd, 4319176.243, 60
Trd, 4319176.443, 61
Trd, 4319178.493, 62
Trd, 4319178.993, 60
Trd, 4319180.393, 64
Trd, 4319181.493, 61
Trd, 4319182.243, 65
Trd, 4319182.543, 67
Trd, 4319182.593, 65
Trd, 4319183.143, 68
Trd, 4319183.493, 70
Trd, 4319184.293, 62
Trd, 4319185.893, 96
Trd, 4319186.693, 72
Trd, 4319186.743, 67
Trd, 4319187.293, 102
Trd, 4319187.693, 102
Trd, 4319187.893, 98
Trd, 4319188.493, 97
Trd, 4319188.893, 92
Trd, 4319188.993, 85
Trd, 4319191.893, 62
Trd, 4319191.943, 67
Trd, 4319192.743, 70
Trd, 4319193.343, 84
Trd, 4319194.743, 140
Trd, 4319194.843, 140
Trd, 4319194.993, 139
Trd, 4319195.093, 122
Trd, 4319196.193, 82
Trd, 4319198.093, 60
Trd, 4319198.993, 60
Trd, 4319199.493, 60
Trd, 4319199.943, 67
Trd, 4319199.993, 66
Trd, 4319201.143, 140
Trd, 4319201.193, 140
Trd, 4319201.493, 104
Trd, 4319202.443, 98
Trd, 4319202.843, 67
Trd, 4319203.343, 105
Trd, 4319204.293, 61
Trd, 4319205.043, 61
Trd, 4319205.743, 128
Trd, 4319206.543, 66
Trd, 4319206.943, 83
Trd, 4319207.493, 68
Trd, 4319207.893, 69
Trd, 4319208.393, 77
Trd, 4319208.643, 67
Trd, 4319209.393, 71
Trd, 4319210.043, 114
Trd, 4319211.843, 127
Trd, 4319211.893, 112
Trd, 4319212.143, 91
Trd, 4319212.443, 87
Trd, 4319212.943, 86
Trd, 4319214.743, 99
Trd, 4319215.043, 91
Trd, 4319215.093, 89
Trd, 4319215.193, 89
Trd, 4319216.393, 140
Trd, 4319216.793, 138
Trd, 4319217.043, 89
Trd, 4319217.143, 80
Trd, 4319218.293, 63
Trd, 4319218.643, 62
Trd, 4319219.393, 104
Trd, 4319221.193, 61
Trd, 4319221.893, 65
Trd, 4319223.093, 61
Trd, 4319223.443, 61
Trd, 4319223.693, 62
Trd, 4319226.843, 89
Trd, 4319226.993, 87
Trd, 4319227.993, 140
Trd, 4319228.293, 85
Trd, 4319228.493, 82
Trd, 4319229.693, 68
Trd, 4319230.493, 68
Trd, 4319230.893, 61
Trd, 4319232.293, 65
Trd, 4319232.543, 66
Trd, 4319233.243, 117
Trd, 4319233.593, 102
Trd, 4319234.293, 85
Trd, 4319235.693, 62
Trd, 4319236.543, 82
Trd, 4319237.293, 72
Trd, 4319238.143, 69
Trd, 4319238.243, 68
Trd, 4319238.443, 91
Trd, 4319238.743, 65
Trd, 4319239.693, 99
Trd, 4319240.493, 119
Trd, 4319241.243, 80
Trd, 4319241.493, 87
Trd, 4319242.693, 129
Trd, 4319242.893, 98
Trd, 4319243.343, 135
Trd, 4319244.393, 62
Trd, 4319246.693, 60
Trd, 4319246.943, 61
Trd, 4319247.143, 61
Trd, 4319247.443, 61
Trd, 4319248.643, 63
Trd, 4319249.243, 65
Trd, 4319250.043, 65
Trd, 4319250.143, 63
Trd, 4319250.593, 60
Trd, 4319251.693, 121
Trd, 4319252.593, 62
Trd, 4319253.093, 61
Trd, 4319253.443, 68
Trd, 4319254.193, 61
Trd, 4319255.593, 120
Trd, 4319255.743, 63
Trd, 4319256.043, 87
Trd, 4319256.493, 101
Trd, 4319257.043, 71
Trd, 4319257.543, 77
Trd, 4319259.343, 63
Trd, 4319259.543, 69
Trd, 4319261.643, 97
Trd, 4319261.743, 98
Trd, 4319262.093, 140
Trd, 4319262.193, 139
Trd, 4319262.943, 63
Trd, 4319264.043, 60
Trd, 4319264.343, 62
Trd, 4319265.343, 62
Trd, 4319265.543, 64
Trd, 4319265.743, 111
Trd, 4319265.843, 110
Trd, 4319268.293, 105
Trd, 4319268.593, 76
Trd, 4319268.943, 76
Trd, 4319269.493, 117
Trd, 4319270.843, 89
Trd, 4319270.943, 88
Trd, 4319271.943, 107
Trd, 4319272.143, 113
Trd, 4319272.293, 140
Trd, 4319273.343, 105
Trd, 4319274.343, 75
Trd, 4319275.843, 63
Trd, 4319276.143, 63
Trd, 4319276.393, 72
Trd, 4319277.693, 61
Trd, 4319277.893, 61
Trd, 4319278.993, 71
Trd, 4319279.643, 79
Trd, 4319279.943, 102
Trd, 4319280.393, 92
Trd, 4319280.493, 91
Trd, 4319280.643, 81
Trd, 4319281.743, 78
Trd, 4319282.443, 87
Trd, 4319282.693, 136
Trd, 4319283.393, 132
Trd, 4319283.643, 84
Trd, 4319284.393, 87
Trd, 4319285.193, 75
Trd, 4319286.143, 84
Trd, 4319286.393, 72
Trd, 4319286.993, 72
Trd, 4319288.293, 84
Trd, 4319288.743, 82
Trd, 4319289.443, 84
Trd, 4319290.043, 140
Trd, 4319290.993, 82
Trd, 4319291.243, 82
Trd, 4319291.793, 97
Trd, 4319291.993, 93
Trd, 4319293.993, 114
Trd, 4319294.693, 113
Trd, 4319294.793, 102
Trd, 4319295.143, 80
Trd, 4319295.343, 75
Trd, 4319295.493, 70
Trd, 4319296.293, 100
Trd, 4319297.443, 60
Trd, 4319298.593, 60
Trd, 4319299.343, 62
Trd, 4319300.143, 74
Trd, 4319301.643, 64
Trd, 4319302.393, 60
Trd, 4319304.093, 60
Trd, 4319304.793, 60
Trd, 4319304.943, 68
Trd, 4319305.343, 69
Trd, 4319305.443, 61
Trd, 4319306.793, 66
Trd, 4319307.693, 64
Trd, 4319308.293, 79
Trd, 4319309.243, 102
Trd, 4319309.993, 77
Trd, 4319310.193, 76
Trd, 4319310.243, 75
Trd, 4319311.543, 105
Trd, 4319312.043, 74
Trd, 4319312.693, 67
Trd, 4319314.643, 69
Trd, 4319314.693, 77
Trd, 4319315.393, 79
Trd, 4319316.393, 60
Trd, 4319316.743, 60
Trd, 4319317.093, 61
Trd, 4319317.743, 90
Trd, 4319318.743, 140
Trd, 4319320.993, 69
Trd, 4319321.093, 67
Trd, 4319321.343, 74
Trd, 4319321.693, 66
Trd, 4319322.443, 70
Trd, 4319322.543, 74
Trd, 4319322.593, 90
Trd, 4319322.993, 67
Trd, 4319324.343, 72
Trd, 4319324.393, 65
Trd, 4319325.843, 69
Trd, 4319325.993, 95
Trd, 4319326.843, 62
Trd, 4319327.143, 81
Trd, 4319327.443, 71
Trd, 4319327.493, 71
Trd, 4319327.843, 84
Trd, 4319328.193, 97
Trd, 4319329.293, 81
Trd, 4319329.443, 78
Trd, 4319329.793, 78
Trd, 4319332.093, 60
Trd, 4319332.893, 69
Trd, 4319333.443, 65
Trd, 4319333.893, 106
Trd, 4319335.143, 64
Trd, 4319336.743, 67
Trd, 4319337.093, 65
Trd, 4319337.243, 67
Trd, 4319337.343, 62
Trd, 4319337.543, 87
Trd, 4319337.693, 70
Trd, 4319338.493, 69
Trd, 4319338.943, 89
Trd, 4319338.993, 67
Trd, 4319339.493, 78
Trd, 4319340.643, 65
Trd, 4319341.893, 101
Trd, 4319342.043, 91
Trd, 4319342.943, 104
Trd, 4319343.143, 99
Trd, 4319343.843, 109
Trd, 4319344.043, 98
Trd, 4319344.093, 96
Trd, 4319347.093, 60
Trd, 4319348.193, 68
Trd, 4319349.293, 62
Trd, 4319349.443, 63
Trd, 4319350.843, 92
Trd, 4319351.743, 80
Trd, 4319352.293, 87
Trd, 4319352.693, 87
Trd, 4319352.843, 85
Trd, 4319353.293, 140
Trd, 4319353.593, 121
Trd, 4319354.093, 97
Trd, 4319355.043, 136
Trd, 4319355.243, 136
Trd, 4319355.593, 119
Trd, 4319356.943, 114
Trd, 4319357.193, 126
Trd, 4319357.293, 108
Trd, 4319357.493, 107
Trd, 4319360.093, 63
Trd, 4319360.393, 61
Trd, 4319361.593, 60
Trd, 4319362.493, 63
Trd, 4319363.043, 63
Trd, 4319363.843, 60
Trd, 4319364.293, 84
Trd, 4319365.193, 70
Trd, 4319366.593, 109
Trd, 4319367.293, 108
Trd, 4319367.643, 140
Trd, 4319368.243, 95
Trd, 4319368.343, 124
Trd, 4319368.493, 85
Trd, 4319369.143, 84
Trd, 4319369.593, 84
Trd, 4319370.943, 74
Trd, 4319371.393, 105
Trd, 4319372.343, 86
Trd, 4319372.443, 86
Trd, 4319373.843, 96
Trd, 4319374.993, 80
Trd, 4319375.543, 103
Trd, 4319376.193, 84
Trd, 4319376.443, 111
Trd, 4319376.993, 86
Trd, 4319377.193, 85
Trd, 4319377.293, 84
Trd, 4319379.743, 63
Trd, 4319380.343, 61
Trd, 4319381.393, 60
Trd, 4319382.343, 62
Trd, 4319383.093, 61
Trd, 4319383.543, 72
Trd, 4319384.493, 89
Trd, 4319384.943, 63
Trd, 4319385.493, 62
Trd, 4319385.743, 61
Trd, 4319387.093, 105
Trd, 4319387.243, 139
Trd, 4319387.343, 68
Trd, 4319388.243, 66
Trd, 4319388.743, 65
Trd, 4319389.593, 62
Trd, 4319390.343, 74
Trd, 4319391.193, 60
Trd, 4319392.093, 64
Trd, 4319392.693, 60
Trd, 4319393.343, 62
Trd, 4319393.993, 62
Trd, 4319394.593, 83
Trd, 4319395.343, 66
Trd, 4319395.793, 73
Trd, 4319396.943, 60
Trd, 4319397.393, 61
Trd, 4319397.643, 66
Trd, 4319400.293, 61
Trd, 4319400.393, 62
Trd, 4319400.893, 67
Trd, 4319401.243, 61
Trd, 4319401.693, 68
Trd, 4319402.293, 121
Trd, 4319402.443, 120
Trd, 4319403.043, 123
Trd, 4319403.093, 114
Trd, 4319404.343, 140
Trd, 4319405.293, 139
Trd, 4319405.343, 131
Trd, 4319405.893, 128
Trd, 4319407.093, 140
Trd, 4319407.993, 107
Trd, 4319408.343, 98
Trd, 4319408.643, 94
Trd, 4319408.943, 90
Trd, 4319410.343, 103
Trd, 4319410.993, 83
Trd, 4319411.143, 82
Trd, 4319412.243, 139
Trd, 4319413.643, 100
Trd, 4319413.893, 75
Trd, 4319414.793, 86
Trd, 4319415.143, 74
Trd, 4319415.943, 71
Trd, 4319416.193, 94
Trd, 4319417.793, 95
Trd, 4319418.243, 93
Trd, 4319418.893, 92
Trd, 4319419.193, 94
Trd, 4319419.243, 91
Trd, 4319419.493, 87
Trd, 4319419.643, 97
Trd, 4319419.893, 86
Trd, 4319423.943, 60
Trd, 4319423.993, 63
Trd, 4319424.343, 64
Trd, 4319425.293, 60
Trd, 4319426.393, 60
Trd, 4319426.943, 84
Trd, 4319427.193, 77
Trd, 4319428.343, 99
Trd, 4319428.493, 89
Trd, 4319428.643, 89
Trd, 4319430.793, 72
Trd, 4319432.443, 61
Trd, 4319432.693, 60
Trd, 4319432.793, 101
Trd, 4319434.543, 62
Trd, 4319434.693, 64
Trd, 4319435.543, 63
Trd, 4319436.143, 62
Trd, 4319436.443, 60
Trd, 4319437.743, 68
Trd, 4319437.943, 133
Trd, 4319439.393, 102
Trd, 4319439.443, 101
Trd, 4319439.643, 95
Trd, 4319439.993, 68
Trd, 4319440.643, 85
Trd, 4319441.093, 65
Trd, 4319441.793, 64
Trd, 4319444.193, 60
Trd, 4319445.143, 61
Trd, 4319445.693, 60
Trd, 4319446.043, 60
Trd, 4319446.793, 90
Trd, 4319448.493, 63
Trd, 4319449.343, 62
Trd, 4319449.593, 68
Trd, 4319450.493, 71
Trd, 4319451.293, 65
Trd, 4319452.043, 88
Trd, 4319454.093, 63
Trd, 4319454.843, 62
Trd, 4319454.893, 64
Trd, 4319455.293, 62
Trd, 4319455.643, 89
Trd, 4319455.693, 73
Trd, 4319456.443, 71
Trd, 4319457.593, 82
Trd, 4319458.593, 86
Trd, 4319458.793, 83
Trd, 4319460.143, 60
Trd, 4319461.043, 63
Trd, 4319461.643, 67
Trd, 4319462.993, 103
Trd, 4319463.193, 72
Trd, 4319463.843, 71
Trd, 4319464.743, 91
Trd, 4319464.893, 91
Trd, 4319465.993, 83
Trd, 4319467.193, 74
Trd, 4319467.343, 68
Trd, 4319467.993, 62
Trd, 4319468.143, 63
Trd, 4319468.543, 111
Trd, 4319469.043, 140
Trd, 4319470.043, 66
Trd, 4319470.293, 68
Trd, 4319471.993, 135
Trd, 4319472.093, 135
Trd, 4319472.793, 116
Trd, 4319472.843, 109
Trd, 4319472.893, 94
Trd, 4319473.193, 73
Trd, 4319473.793, 69
Trd, 4319476.443, 60
Trd, 4319477.843, 62
Trd, 4319477.993, 64
Trd, 4319478.443, 70
Trd, 4319479.043, 72
Trd, 4319479.793, 116
Trd, 4319479.993, 70
Trd, 4319480.243, 69
Trd, 4319480.293, 68
Trd, 4319482.843, 119
Trd, 4319482.993, 89
Trd, 4319483.393, 86
Trd, 4319484.143, 140
Trd, 4319484.343, 139
Trd, 4319485.143, 116
Trd, 4319486.243, 115
Trd, 4319486.843, 105
Trd, 4319487.543, 100
Trd, 4319488.843, 87
Trd, 4319490.543, 62
Trd, 4319490.593, 64
Trd, 4319492.743, 63
Trd, 4319492.993, 65
Trd, 4319493.093, 64
Trd, 4319493.943, 103
Trd, 4319494.343, 97
Trd, 4319494.393, 84
Trd, 4319495.343, 85
Trd, 4319496.093, 78
Trd, 4319496.793, 65
Trd, 4319496.843, 64
Trd, 4319497.843, 88
Trd, 4319498.093, 79
Trd, 4319499.493, 76
Trd, 4319500.543, 67
Trd, 4319500.593, 76
Trd, 4319500.743, 63
Trd, 4319501.993, 69
Trd, 4319503.243, 78
Trd, 4319503.393, 106
Trd, 4319504.243, 89
Trd, 4319504.543, 87
Trd, 4319505.243, 69
Trd, 4319506.493, 61
Trd, 4319506.943, 76
Trd, 4319507.893, 75
Trd, 4319508.843, 65
Trd, 4319510.193, 60
Trd, 4319510.543, 61
Trd, 4319512.193, 61
Trd, 4319512.843, 62
Trd, 4319513.643, 69
Trd, 4319514.393, 87
Trd, 4319514.993, 85
Trd, 4319516.143, 80
Trd, 4319516.193, 85
Trd, 4319516.693, 81
Trd, 4319517.293, 90
Trd, 4319517.943, 140
Trd, 4319518.243, 140
Trd, 4319518.843, 100
Trd, 4319518.993, 123
Trd, 4319519.393, 91
Trd, 4319519.543, 89
Trd, 4319521.293, 61
Trd, 4319521.543, 64
Trd, 4319521.793, 110
Trd, 4319522.343, 109
Trd, 4319522.993, 102
Trd, 4319523.843, 87
Trd, 4319524.693, 109
Trd, 4319524.843, 114
Trd, 4319525.993, 74
Trd, 4319526.743, 92
Trd, 4319527.193, 90
Trd, 4319527.393, 78
Trd, 4319528.143, 84
Trd, 4319529.393, 83
Trd, 4319530.093, 140
Trd, 4319530.493, 121
Trd, 4319531.293, 120
Trd, 4319531.543, 71
Trd, 4319534.293, 60
Trd, 4319534.793, 60
Trd, 4319535.243, 61
Trd, 4319535.293, 63
Trd, 4319535.743, 75
Trd, 4319536.843, 73
Trd, 4319536.943, 71
Trd, 4319538.043, 64
Trd, 4319538.793, 68
Trd, 4319538.893, 63
Trd, 4319539.393, 83
Trd, 4319540.593, 69
Trd, 4319540.793, 130
Trd, 4319540.893, 68
Trd, 4319542.493, 61
Trd, 4319542.543, 60
Trd, 4319542.993, 62
Trd, 4319543.493, 60
Trd, 4319544.643, 60
Trd, 4319544.943, 80
Trd, 4319545.393, 71
Trd, 4319547.643, 65
Trd, 4319548.243, 75
Trd, 4319549.443, 70
Trd, 4319549.593, 68
Trd, 4319549.643, 67
Trd, 4319550.193, 75
Trd, 4319550.593, 97
Trd, 4319550.893, 91
Trd, 4319552.343, 60
Trd, 4319552.743, 137
Trd, 4319554.293, 60
Trd, 4319555.593, 61
Trd, 4319556.643, 87
Trd, 4319556.743, 62
Trd, 4319557.743, 75
Trd, 4319558.943, 83
Trd, 4319559.143, 74
Trd, 4319559.393, 74
Trd, 4319559.593, 75
Trd, 4319559.743, 73
Trd, 4319560.093, 73
Trd, 4319560.543, 110
Trd, 4319561.093, 139
Trd, 4319561.243, 68
Trd, 4319561.443, 89
Trd, 4319563.193, 71
Trd, 4319563.943, 65
Trd, 4319563.993, 64
Trd, 4319564.943, 73
Trd, 4319565.143, 63
Trd, 4319565.243, 138
Trd, 4319566.043, 60
Trd, 4319569.293, 61
Trd, 4319569.493, 62
Trd, 4319570.343, 61
Trd, 4319571.643, 61
Trd, 4319572.593, 116
Trd, 4319573.243, 116
Trd, 4319573.493, 116
Trd, 4319573.693, 109
Trd, 4319575.543, 140
Trd, 4319575.643, 97
Trd, 4319575.693, 91
Trd, 4319576.093, 84
Trd, 4319576.543, 62
Trd, 4319577.193, 78
Trd, 4319578.543, 77
Trd, 4319579.093, 76
Trd, 4319579.293, 91
Trd, 4319581.193, 71
Trd, 4319581.843, 61
Trd, 4319582.643, 66
Trd, 4319582.943, 69
Trd, 4319583.193, 70
Trd, 4319583.293, 91
Trd, 4319584.793, 80
Trd, 4319584.843, 115
Trd, 4319585.793, 77
Trd, 4319587.193, 82
Trd, 4319587.243, 81
Trd, 4319587.493, 86
Trd, 4319587.743, 81
Trd, 4319588.493, 80
Trd, 4319588.693, 115
Trd, 4319589.393, 140
Trd, 4319590.343, 140
Trd, 4319590.843, 119
Trd, 4319590.993, 108
Trd, 4319591.543, 78
Trd, 4319593.693, 62
Trd, 4319595.143, 74
Trd, 4319595.243, 62
Trd, 4319595.443, 140
Trd, 4319596.193, 96
Trd, 4319596.543, 91
Trd, 4319597.293, 60
Trd, 4319598.643, 68
Trd, 4319598.693, 70
Trd, 4319600.343, 78
Trd, 4319600.843, 61
Trd, 4319601.393, 77
Trd, 4319601.793, 65
Trd, 4319602.993, 62
Trd, 4319603.793, 62
Trd, 4319604.693, 70
Trd, 4319604.943, 71
Trd, 4319604.993, 64
Trd, 4319606.293, 62
Trd, 4319607.943, 62
Trd, 4319609.143, 60
Trd, 4319609.643, 62
Trd, 4319610.043, 73
Trd, 4319610.743, 101
Trd, 4319611.393, 76
Trd, 4319611.893, 73
Trd, 4319612.193, 70
Trd, 4319612.443, 109
Trd, 4319612.893, 81
Trd, 4319613.293, 66
Trd, 4319614.393, 68
Trd, 4319615.243, 83
Trd, 4319616.093, 87
Trd, 4319616.393, 140
Trd, 4319616.543, 64
Trd, 4319617.393, 69
Trd, 4319618.043, 81
Trd, 4319619.643, 98
Trd, 4319620.393, 140
Trd, 4319620.943, 140
Trd, 4319621.393, 123
Trd, 4319621.993, 86
Trd, 4319622.293, 84
Trd, 4319622.493, 85
Trd, 4319622.993, 95
Trd, 4319623.793, 105
Trd, 4319624.993, 86
Trd, 4319625.343, 81
Trd, 4319626.243, 68
Trd, 4319626.343, 67
Trd, 4319627.693, 140
Trd, 4319628.543, 131
Trd, 4319629.043, 131
Trd, 4319629.843, 121
Trd, 4319630.143, 116
Trd, 4319630.393, 140
Trd, 4319631.893, 107
Trd, 4319632.143, 108
Trd, 4319632.343, 102
Trd, 4319632.643, 89
Trd, 4319632.743, 84
Trd, 4319635.293, 61
Trd, 4319635.993, 70
Trd, 4319636.093, 83
Trd, 4319636.593, 70
Trd, 4319637.093, 83
Trd, 4319637.393, 69
Trd, 4319638.293, 62
Trd, 4319639.743, 70
Trd, 4319640.343, 69
Trd, 4319640.793, 61
Trd, 4319641.543, 62
Trd, 4319641.593, 61
Trd, 4319642.893, 71
Trd, 4319644.943, 67
Trd, 4319645.143, 60
Trd, 4319647.493, 123
Trd, 4319647.743, 111
Trd, 4319647.793, 91
Trd, 4319647.993, 90
Trd, 4319648.443, 87
Trd, 4319650.043, 100
Trd, 4319651.293, 100
Trd, 4319651.493, 140
Trd, 4319651.693, 96
Trd, 4319651.943, 97
Trd, 4319652.343, 68
Trd, 4319653.343, 77
Trd, 4319654.543, 103
Trd, 4319655.043, 140
Trd, 4319655.193, 104
Trd, 4319655.593, 93
Trd, 4319655.843, 90
Trd, 4319656.693, 82
Trd, 4319658.243, 91
Trd, 4319658.393, 90
Trd, 4319659.893, 92
Trd, 4319660.393, 92
Trd, 4319660.793, 89
Trd, 4319660.993, 81
Trd, 4319661.093, 80
Trd, 4319661.843, 140
Trd, 4319662.493, 64
Trd, 4319663.593, 62
Trd, 4319663.843, 61
Trd, 4319664.793, 85
Trd, 4319665.843, 75
Trd, 4319667.643, 89
Trd, 4319667.793, 97
Trd, 4319667.943, 87
Trd, 4319668.543, 96
Trd, 4319668.643, 91
Trd, 4319669.443, 72
Trd, 4319670.493, 105
Trd, 4319670.593, 71
Trd, 4319670.993, 66
Trd, 4319672.543, 95
Trd, 4319672.743, 81
Trd, 4319672.943, 68
Trd, 4319675.693, 96
Trd, 4319676.143, 89
Trd, 4319676.593, 119
Trd, 4319676.993, 119
Trd, 4319677.093, 81
Trd, 4319677.793, 140
Trd, 4319679.043, 83
Trd, 4319679.143, 87
Trd, 4319679.293, 69
Trd, 4319679.393, 65
Trd, 4319680.143, 61
Trd, 4319681.493, 93
Trd, 4319682.443, 60
Trd, 4319682.893, 68
Trd, 4319684.143, 76
Trd, 4319684.743, 79
Trd, 4319685.043, 75
Trd, 4319685.093, 75
Trd, 4319686.143, 95
Trd, 4319686.743, 74
Trd, 4319688.343, 60
Trd, 4319688.593, 67
Trd, 4319689.343, 75
Trd, 4319689.693, 92
Trd, 4319689.793, 74
Trd, 4319690.693, 139
Trd, 4319690.893, 88
Trd, 4319691.293, 101
Trd, 4319691.993, 89
Trd, 4319692.393, 88
Trd, 4319692.993, 89
Trd, 4319693.043, 86
Trd, 4319693.993, 94
Trd, 4319694.593, 80
Trd, 4319695.243, 60
Trd, 4319695.793, 75
Trd, 4319695.943, 62
Trd, 4319696.643, 113
Trd, 4319697.143, 60
Trd, 4319699.793, 61
Trd, 4319700.243, 61
Trd, 4319702.643, 63
Trd, 4319702.893, 65
Trd, 4319704.193, 61
Trd, 4319704.593, 68
Trd, 4319704.643, 73
Trd, 4319704.793, 85
Trd, 4319705.543, 72
Trd, 4319705.643, 67
Trd, 4319707.693, 61
Trd, 4319708.343, 61
Trd, 4319708.993, 61
Trd, 4319709.543, 63
Trd, 4319710.193, 65
Trd, 4319710.293, 66
Trd, 4319711.043, 140
Trd, 4319712.943, 63
Trd, 4319713.493, 66
Trd, 4319714.593, 66
Trd, 4319714.843, 71
Trd, 4319715.493, 88
Trd, 4319716.343, 86
Trd, 4319716.443, 79
Trd, 4319716.493, 76
Trd, 4319716.943, 77
Trd, 4319717.193, 87
Trd, 4319717.943, 83
Trd, 4319717.993, 128
Trd, 4319719.593, 77
Trd, 4319720.043, 108
Trd, 4319720.593, 87
Trd, 4319720.693, 84
Trd, 4319721.393, 82
Trd, 4319721.693, 78
Trd, 4319723.493, 60
Trd, 4319724.193, 62
Trd, 4319724.743, 65
Trd, 4319725.293, 85
Trd, 4319726.693, 139
Trd, 4319726.743, 95
Trd, 4319727.293, 95
Trd, 4319728.293, 140
Trd, 4319728.743, 121
Trd, 4319728.793, 120
Trd, 4319729.143, 79
Trd, 4319731.293, 106
Trd, 4319731.593, 70
Trd, 4319732.693, 101
Trd, 4319733.643, 102
Trd, 4319733.843, 92
Trd, 4319734.443, 85
Trd, 4319735.843, 62
Trd, 4319736.893, 63
Trd, 4319736.993, 66
Trd, 4319737.093, 66
Trd, 4319737.693, 71
Trd, 4319738.593, 139
Trd, 4319738.893, 140
Trd, 4319739.743, 63
Trd, 4319740.843, 73
Trd, 4319741.493, 61
Trd, 4319742.743, 79
Trd, 4319743.443, 69
Trd, 4319743.593, 67
Trd, 4319744.943, 77
Trd, 4319746.293, 81
Trd, 4319746.693, 113
Trd, 4319746.843, 69
Trd, 4319747.293, 65
Trd, 4319748.843, 62
Trd, 4319749.093, 76
Trd, 4319749.593, 67
Trd, 4319750.093, 67
Trd, 4319750.743, 72
Trd, 4319751.193, 64
Trd, 4319752.143, 94
Trd, 4319752.493, 91
Trd, 4319753.743, 95
Trd, 4319754.293, 107
Trd, 4319754.893, 66
Trd, 4319755.043, 63
Trd, 4319755.493, 121
Trd, 4319756.143, 107
Trd, 4319756.493, 140
Trd, 4319757.743, 103
Trd, 4319758.543, 103
Trd, 4319758.843, 110
Trd, 4319759.993, 75
Trd, 4319760.343, 90
Trd, 4319761.543, 77
Trd, 4319761.593, 94
Trd, 4319761.743, 76
Trd, 4319762.643, 77
Trd, 4319763.593, 69
Trd, 4319764.043, 61
Trd, 4319764.143, 95
Trd, 4319764.843, 72
Trd, 4319767.993, 61
Trd, 4319768.343, 67
Trd, 4319768.793, 62
Trd, 4319769.543, 61
Trd, 4319769.943, 62
Trd, 4319769.993, 87
Trd, 4319770.493, 63
Trd, 4319770.693, 89
Trd, 4319772.293, 60
Trd, 4319773.393, 60
Trd, 4319774.293, 62
Trd, 4319774.743, 65
Trd, 4319775.143, 66
Trd, 4319775.393, 80
Trd, 4319776.443, 60
Trd, 4319777.043, 62
Trd, 4319777.443, 67
Trd, 4319778.093, 67
Trd, 4319778.893, 127
Trd, 4319779.293, 88
Trd, 4319780.043, 83
Trd, 4319780.593, 83
Trd, 4319781.343, 75
Trd, 4319781.793, 75
Trd, 4319782.493, 76
Trd, 4319782.543, 73
Trd, 4319783.493, 86
Trd, 4319784.793, 90
Trd, 4319784.993, 115
Trd, 4319785.193, 92
Trd, 4319786.093, 90
Trd, 4319786.293, 93
Trd, 4319786.543, 116
Trd, 4319787.193, 116
Trd, 4319789.043, 105
Trd, 4319789.343, 84
Trd, 4319789.543, 119
Trd, 4319790.793, 108
Trd, 4319791.543, 111
Trd, 4319791.593, 111
Trd, 4319791.843, 116
Trd, 4319792.743, 112
Trd, 4319792.843, 112
Trd, 4319793.693, 140
Trd, 4319795.793, 110
Trd, 4319796.443, 101
Trd, 4319796.793, 95
Trd, 4319797.293, 80
Trd, 4319798.393, 67
Trd, 4319798.493, 100
Trd, 4319799.393, 72
Trd, 4319800.043, 68
Trd, 4319800.443, 66
Trd, 4319800.693, 114
Trd, 4319801.893, 127
Trd, 4319802.093, 111
Trd, 4319802.543, 95
Trd, 4319803.943, 84
Trd, 4319805.193, 86
Trd, 4319806.293, 81
Trd, 4319806.393, 78
Trd, 4319806.543, 100
Trd, 4319806.593, 72
Trd, 4319806.993, 70
Trd, 4319807.043, 69
Trd, 4319807.293, 139
Trd, 4319807.943, 86
Trd, 4319808.093, 60
Trd, 4319810.343, 140
Trd, 4319810.693, 127
Trd, 4319811.043, 118
Trd, 4319812.043, 100
Trd, 4319812.193, 104
Trd, 4319812.943, 137
Trd, 4319813.693, 96
Trd, 4319814.493, 96
Trd, 4319814.543, 92
Trd, 4319815.243, 92
Trd, 4319815.293, 90
Trd, 4319816.643, 90
Trd, 4319818.093, 61
Trd, 4319819.643, 60
Trd, 4319820.343, 66
Trd, 4319821.193, 76
Trd, 4319821.393, 75
Trd, 4319822.993, 119
Trd, 4319823.743, 140
Trd, 4319823.993, 140
Trd, 4319824.893, 139
Trd, 4319825.593, 84
Trd, 4319826.793, 82
Trd, 4319827.343, 118
Trd, 4319829.193, 85
Trd, 4319829.593, 85
Trd, 4319829.993, 113
Trd, 4319830.393, 84
Trd, 4319830.643, 82
Trd, 4319831.343, 80
Trd, 4319831.893, 94
Trd, 4319832.143, 68
Trd, 4319833.943, 116
Trd, 4319834.043, 101
Trd, 4319835.343, 139
Trd, 4319836.043, 122
Trd, 4319836.443, 118
Trd, 4319836.543, 99
Trd, 4319839.043, 138
Trd, 4319839.093, 91
Trd, 4319839.743, 70
Trd, 4319840.543, 71
Trd, 4319840.643, 70
Trd, 4319840.893, 69
Trd, 4319842.993, 111
Trd, 4319843.243, 104
Trd, 4319843.393, 105
Trd, 4319843.493, 83
Trd, 4319844.543, 66
Trd, 4319846.143, 66
Trd, 4319846.193, 83
Trd, 4319846.743, 100
Trd, 4319846.943, 60
Trd, 4319847.443, 101
Trd, 4319848.493, 97
Trd, 4319849.493, 109
Trd, 4319851.093, 60
Trd, 4319851.143, 67
Trd, 4319853.793, 65
Trd, 4319854.093, 66
Trd, 4319854.143, 70
Trd, 4319854.593, 118
Trd, 4319854.993, 84
Trd, 4319855.843, 69
Trd, 4319855.993, 67
Trd, 4319857.393, 77
Trd, 4319857.893, 73
Trd, 4319858.593, 84
Trd, 4319858.643, 65
Trd, 4319860.343, 68
Trd, 4319861.243, 65
Trd, 4319861.493, 62
Trd, 4319862.293, 62
Trd, 4319862.543, 62
Trd, 4319863.593, 64
Trd, 4319863.643, 73
Trd, 4319863.793, 77
Trd, 4319864.443, 86
Trd, 4319865.293, 60
Trd, 4319866.043, 103
Trd, 4319866.693, 61
Trd, 4319868.193, 60
Trd, 4319869.143, 60
Trd, 4319869.443, 61
Trd, 4319869.743, 76
Trd, 4319870.243, 75
Trd, 4319870.543, 77
Trd, 4319870.843, 83
Trd, 4319870.993, 71
Trd, 4319871.893, 60
Trd, 4319872.943, 61
Trd, 4319873.043, 61
Trd, 4319873.743, 61
Trd, 4319875.093, 60
Trd, 4319875.993, 66
Trd, 4319877.943, 65
Trd, 4319879.093, 60
Trd, 4319879.643, 61
Trd, 4319879.693, 60
Trd, 4319879.893, 60
Trd, 4319880.693, 73
Trd, 4319882.593, 75
Trd, 4319883.093, 77
Trd, 4319883.643, 60
Trd, 4319883.743, 63
Trd, 4319884.593, 122
Trd, 4319885.793, 140
Trd, 4319885.893, 139
Trd, 4319886.793, 62
Trd, 4319887.543, 78
Trd, 4319888.093, 67
Trd, 4319888.543, 68
Trd, 4319889.343, 63
Trd, 4319889.443, 64
Trd, 4319890.193, 119
Trd, 4319892.193, 139
Trd, 4319892.293, 139
Trd, 4319893.793, 124
Trd, 4319893.843, 121
Trd, 4319895.093, 74
Trd, 4319895.793, 79
Trd, 4319896.493, 73
Trd, 4319897.693, 72
Trd, 4319897.993, 83
Trd, 4319898.193, 72
Trd, 4319898.643, 92
Trd, 4319899.043, 74
Trd, 4319899.093, 73
Trd, 4319900.993, 64
Trd, 4319902.693, 67
Trd, 4319902.893, 65
Trd, 4319903.493, 63
Trd, 4319904.193, 69
Trd, 4319904.443, 129
Trd, 4319905.393, 75
Trd, 4319906.043, 61
Trd, 4319906.193, 61
Trd, 4319906.443, 76
Trd, 4319906.943, 71
Trd, 4319907.993, 74
Trd, 4319908.293, 72
Trd, 4319908.343, 71
Trd, 4319910.343, 79
Trd, 4319910.593, 82
Trd, 4319910.693, 123
Trd, 4319911.143, 78
Trd, 4319911.443, 69
Trd, 4319915.293, 61
Trd, 4319915.693, 61
Trd, 4319917.893, 62
Trd, 4319918.343, 60
Trd, 4319918.643, 60
Trd, 4319919.343, 62
Trd, 4319919.893, 84
Trd, 4319920.443, 69
Trd, 4319920.643, 101
Trd, 4319921.493, 99
Trd, 4319921.593, 95
Trd, 4319921.943, 98
Trd, 4319921.993, 95
Trd, 4319924.043, 60
Trd, 4319924.643, 139
Trd, 4319925.943, 63
Trd, 4319926.393, 60
Trd, 4319927.093, 65
Trd, 4319928.593, 63
Trd, 4319929.443, 63
Trd, 4319929.493, 60
Trd, 4319930.643, 61
Trd, 4319931.793, 68
Trd, 4319932.093, 67
Trd, 4319932.493, 78
Trd, 4319932.643, 80
Trd, 4319933.293, 64
Trd, 4319933.693, 68
Trd, 4319934.993, 71
Trd, 4319935.193, 70
Trd, 4319936.843, 99
Trd, 4319936.993, 93
Trd, 4319937.243, 81
Trd, 4319938.443, 71
Trd, 4319938.943, 94
Trd, 4319939.093, 79
Trd, 4319939.243, 71
Trd, 4319939.993, 61
Trd, 4319940.343, 114
Trd, 4319940.893, 61
Trd, 4319943.643, 60
Trd, 4319944.343, 61
Trd, 4319944.793, 63
Trd, 4319944.993, 64
Trd, 4319945.493, 71
Trd, 4319947.093, 66
Trd, 4319948.543, 64
Trd, 4319949.293, 66
Trd, 4319949.593, 68
Trd, 4319950.093, 73
Trd, 4319950.493, 77
Trd, 4319950.593, 77
Trd, 4319951.293, 95
Trd, 4319951.793, 94
Trd, 4319951.843, 94
Trd, 4319954.193, 110
Trd, 4319954.393, 96
Trd, 4319954.993, 78
Trd, 4319955.393, 67
Trd, 4319957.093, 82
Trd, 4319957.293, 96
Trd, 4319957.993, 89
Trd, 4319958.293, 76
Trd, 4319959.343, 93
Trd, 4319959.793, 80
Trd, 4319960.293, 140
Trd, 4319960.943, 140
Trd, 4319961.843, 140
Trd, 4319962.193, 139
Trd, 4319962.843, 130
Trd, 4319963.243, 102
Trd, 4319964.243, 137
Trd, 4319964.593, 136
Trd, 4319964.743, 115
Trd, 4319965.343, 124
Trd, 4319965.993, 93
Trd, 4319966.243, 89
Trd, 4319968.593, 60
Trd, 4319968.893, 67
Trd, 4319969.743, 83
Trd, 4319969.993, 108
Trd, 4319970.043, 80
Trd, 4319971.093, 63
Trd, 4319971.993, 61
Trd, 4319973.143, 69
Trd, 4319974.093, 71
Trd, 4319974.243, 85
Trd, 4319974.643, 66
Trd, 4319974.743, 101
Trd, 4319975.493, 65
Trd, 4319975.993, 94
Trd, 4319977.343, 140
Trd, 4319977.993, 140
Trd, 4319978.193, 139
Trd, 4319978.793, 118
Trd, 4319979.343, 91
Trd, 4319979.943, 66
Trd, 4319980.293, 61
Trd, 4319981.693, 60
Trd, 4319982.743, 70
Trd, 4319983.443, 106
Trd, 4319983.993, 102
Trd, 4319984.443, 103
Trd, 4319984.943, 107
Trd, 4319985.493, 139
Trd, 4319986.043, 107
Trd, 4319986.393, 102
Trd, 4319987.493, 98
Trd, 4319988.393, 139
Trd, 4319988.643, 101
Trd, 4319988.993, 97
Trd, 4319989.343, 98
Trd, 4319989.743, 94
Trd, 4319990.193, 92
Trd, 4319990.843, 82
Trd, 4319991.343, 81
Trd, 4319991.493, 77
Trd, 4319993.143, 99
Trd, 4319993.343, 91
Trd, 4319993.543, 88
Trd, 4319993.943, 116
Trd, 4319994.243, 109
Trd, 4319995.093, 108
Trd, 4319995.893, 110
Trd, 4319996.793, 107
Trd, 4319997.193, 100
Trd, 4319997.293, 94
Trd, 4319998.093, 65
Trd, 4319999.593, 66
