B00, 100
B00, Trade, 4318841.443, 65, S04, B00, 1
B00, Trade, 4318851.443, 116, B00, S00, 1
B00, Trade, 4318858.943, 95, B00, S02, 1
B00, Trade, 4318860.843, 129, B00, S01, 1
B00, Trade, 4318893.043, 82, B00, S04, 1
B00, Trade, 4318918.443, 99, B00, S06, 1
B00, Trade, 4318931.843, 138, B00, S06, 1
B00, Trade, 4318939.043, 115, B00, S03, 1
B00, Trade, 4318958.693, 128, B00, S07, 1
B00, Trade, 4318972.643, 86, B00, S03, 1
B00, Trade, 4318989.043, 102, B00, S06, 1
B00, Trade, 4318997.443, 122, B00, S03, 1
B00, Trade, 4319016.293, 99, B00, S08, 1
B00, Trade, 4319024.843, 113, B00, S03, 1
B00, Trade, 4319029.543, 72, B00, S02, 1
B00, Trade, 4319043.193, 98, B00, S02, 1
B00, Trade, 4319059.643, 83, B00, S06, 1
B00, Trade, 4319066.743, 115, B00, S09, 1
B00, Trade, 4319071.293, 99, B00, S01, 1
B00, Trade, 4319075.993, 111, B00, S04, 1
B00, Trade, 4319092.143, 77, B00, S06, 1
B00, Trade, 4319097.843, 93, B00, S08, 1
B00, Trade, 4319108.843, 124, B00, S00, 1
B00, Trade, 4319122.443, 99, S00, B00, 1
B00, Trade, 4319132.843, 62, B00, S03, 1
B00, Trade, 4319145.943, 73, B00, S03, 1
B00, Trade, 4319149.893, 96, B00, S00, 1
B00, Trade, 4319164.843, 82, B00, S08, 1
B00, Trade, 4319171.143, 129, B00, S08, 1
B00, Trade, 4319180.243, 91, B00, S08, 1
B00, Trade, 4319205.693, 116, B00, S00, 1
B00, Trade, 4319210.343, 104, B00, S04, 1
B00, Trade, 4319222.293, 98, B00, S03, 1
B00, Trade, 4319231.593, 115, B00, S00, 1
B00, Trade, 4319235.693, 86, B00, S03, 1
B00, Trade, 4319247.593, 120, B00, S04, 1
B00, Trade, 4319256.593, 98, B00, S06, 1
B00, Trade, 4319262.993, 95, B00, S04, 1
B00, Trade, 4319287.293, 98, B00, S03, 1
B00, Trade, 4319301.543, 116, B00, S02, 1
B00, Trade, 4319303.893, 73, B00, S06, 1
B00, Trade, 4319306.743, 85, B00, S01, 1
B00, Trade, 4319320.743, 117, B00, S03, 1
B00, Trade, 4319330.443, 110, B00, S06, 1
B00, Trade, 4319353.343, 95, B00, S02, 1
B00, Trade, 4319367.443, 90, B00, S02, 1
B00, Trade, 4319372.743, 101, B00, S04, 1
B00, Trade, 4319382.443, 73, B00, S08, 1
B00, Trade, 4319400.043, 91, B00, S08, 1
B00, Trade, 4319408.993, 104, B00, S04, 1
B00, Trade, 4319412.993, 99, B00, S02, 1
B00, Trade, 4319418.093, 68, S02, B00, 1
B00, Trade, 4319429.643, 92, B00, S03, 1
B00, Trade, 4319441.143, 110, B00, S00, 1
B00, Trade, 4319450.743, 66, B00, S02, 1
B00, Trade, 4319463.093, 126, B00, S08, 1
B00, Trade, 4319484.393, 94, B00, S04, 1
B00, Trade, 4319491.343, 85, B00, S06, 1
B00, Trade, 4319492.743, 66, S08, B00, 1
B00, Trade, 4319504.193, 121, S05, B00, 1
B00, Trade, 4319506.443, 64, S02, B00, 1
B00, Trade, 4319511.693, 118, B00, S06, 1
B00, Trade, 4319521.693, 99, B00, S08, 1
B00, Trade, 4319527.693, 106, B00, S08, 1
B00, Trade, 4319536.543, 94, B00, S06, 1
B00, Trade, 4319549.743, 75, B00, S06, 1
B00, Trade, 4319554.343, 114, B00, S08, 1
B00, Trade, 4319563.543, 93, B00, S04, 1
B00, Trade, 4319580.143, 102, B00, S02, 1
B00, Trade, 4319587.443, 110, B00, S04, 1
B00, Trade, 4319589.343, 105, B00, S08, 1
B00, Trade, 4319615.643, 135, B00, S03, 1
B00, Trade, 4319619.193, 76, S08, B00, 1
B00, Trade, 4319650.093, 113, B00, S06, 1
B00, Trade, 4319652.393, 111, B00, S02, 1
B00, Trade, 4319675.893, 96, B00, S02, 1
B00, Trade, 4319686.643, 112, S00, B00, 1
B00, Trade, 4319699.843, 111, B00, S03, 1
B00, Trade, 4319703.193, 112, B00, S02, 1
B00, Trade, 4319725.993, 127, B00, S08, 1
B00, Trade, 4319729.643, 96, B00, S09, 1
B00, Trade, 4319759.893, 110, B00, S04, 1
B00, Trade, 4319781.643, 127, B00, S01, 1
B00, Trade, 4319812.993, 74, B00, S08, 1
B00, Trade, 4319823.393, 97, B00, S00, 1
B00, Trade, 4319836.943, 112, B00, S04, 1
B00, Trade, 4319842.893, 88, B00, S02, 1
B00, Trade, 4319848.093, 105, B00, S04, 1
B00, Trade, 4319858.943, 91, B00, S03, 1
B00, Trade, 4319865.043, 88, B00, S03, 1
B00, Trade, 4319881.193, 81, B00, S01, 1
B00, Trade, 4319889.293, 68, S01, B00, 1
B00, Trade, 4319891.843, 98, B00, S08, 1
B00, Trade, 4319899.243, 92, B00, S04, 1
B00, Trade, 4319922.643, 125, B00, S07, 1
B00, Trade, 4319939.393, 89, B00, S02, 1
B00, Trade, 4319943.243, 88, S01, B00, 1
B00, Trade, 4319954.043, 112, B00, S02, 1
B00, Trade, 4319968.293, 86, B00, S04, 1
B00, Trade, 4319979.293, 130, B00, S03, 1
B01, 100
B01, Trade, 4318687.243, 61, S03, B01, 1
B01, Trade, 4318703.293, 75, B01, S08, 1
B01, Trade, 4318703.793, 87, B01, S04, 1
B01, Trade, 4318708.943, 109, B01, S06, 1
B01, Trade, 4318729.443, 95, B01, S08, 1
B01, Trade, 4318743.893, 69, S02, B01, 1
B01, Trade, 4318771.743, 92, B01, S08, 1
B01, Trade, 4318776.693, 96, B01, S01, 1
B01, Trade, 4318816.693, 88, B01, S04, 1
B01, Trade, 4318824.343, 62, S05, B01, 1
B01, Trade, 4318831.243, 93, B01, S00, 1
B01, Trade, 4318839.443, 61, S08, B01, 1
B01, Trade, 4318845.893, 94, B01, S01, 1
B01, Trade, 4318857.893, 111, B01, S06, 1
B01, Trade, 4318882.843, 87, B01, S04, 1
B01, Trade, 4318892.493, 88, B01, S01, 1
B01, Trade, 4318922.593, 90, B01, S03, 1
B01, Trade, 4318930.243, 91, B01, S02, 1
B01, Trade, 4318937.243, 109, B01, S01, 1
B01, Trade, 4318959.293, 60, S02, B01, 1
B01, Trade, 4318988.243, 95, B01, S08, 1
B01, Trade, 4319006.693, 127, B01, S01, 1
B01, Trade, 4319015.893, 130, B01, S02, 1
B01, Trade, 4319021.843, 106, B01, S00, 1
B01, Trade, 4319025.043, 93, B01, S08, 1
B01, Trade, 4319032.843, 76, B01, S02, 1
B01, Trade, 4319043.243, 92, B01, S03, 1
B01, Trade, 4319056.393, 108, B01, S00, 1
B01, Trade, 4319080.443, 71, B01, S06, 1
B01, Trade, 4319116.893, 61, B01, S04, 1
B01, Trade, 4319135.993, 64, S08, B01, 1
B01, Trade, 4319145.593, 87, B01, S08, 1
B01, Trade, 4319156.143, 60, S05, B01, 1
B01, Trade, 4319216.443, 102, B01, S08, 1
B01, Trade, 4319236.843, 96, B01, S04, 1
B01, Trade, 4319271.593, 123, B01, S08, 1
B01, Trade, 4319292.243, 100, B01, S08, 1
B01, Trade, 4319344.643, 88, B01, S06, 1
B01, Trade, 4319353.193, 111, B01, S06, 1
B01, Trade, 4319365.693, 64, B01, S03, 1
B01, Trade, 4319370.243, 135, B01, S01, 1
B01, Trade, 4319380.843, 132, B01, S01, 1
B01, Trade, 4319396.043, 125, B01, S08, 1
B01, Trade, 4319404.343, 84, B01, S04, 1
B01, Trade, 4319415.643, 62, S08, B01, 1
B01, Trade, 4319425.943, 96, B01, S06, 1
B01, Trade, 4319438.293, 126, B01, S08, 1
B01, Trade, 4319454.443, 122, B01, S04, 1
B01, Trade, 4319465.543, 113, B01, S02, 1
B01, Trade, 4319468.093, 69, B01, S08, 1
B01, Trade, 4319478.393, 66, B01, S08, 1
B01, Trade, 4319479.943, 61, S04, B01, 1
B01, Trade, 4319485.643, 119, B01, S00, 1
B01, Trade, 4319489.243, 84, S01, B01, 1
B01, Trade, 4319495.543, 100, B01, S00, 1
B01, Trade, 4319503.393, 113, B01, S06, 1
B01, Trade, 4319510.093, 102, B01, S09, 1
B01, Trade, 4319516.143, 75, B01, S06, 1
B01, Trade, 4319521.993, 92, B01, S06, 1
B01, Trade, 4319523.693, 63, S03, B01, 1
B01, Trade, 4319536.643, 65, B01, S03, 1
B01, Trade, 4319549.393, 106, B01, S08, 1
B01, Trade, 4319565.943, 80, S01, B01, 1
B01, Trade, 4319571.543, 127, B01, S05, 1
B01, Trade, 4319586.143, 83, S00, B01, 1
B01, Trade, 4319606.993, 85, B01, S04, 1
B01, Trade, 4319613.493, 107, B01, S04, 1
B01, Trade, 4319629.543, 129, B01, S00, 1
B01, Trade, 4319644.493, 89, S01, B01, 1
B01, Trade, 4319653.143, 109, B01, S04, 1
B01, Trade, 4319662.243, 61, S08, B01, 1
B01, Trade, 4319673.793, 109, B01, S03, 1
B01, Trade, 4319679.393, 120, B01, S04, 1
B01, Trade, 4319684.993, 66, B01, S08, 1
B01, Trade, 4319696.293, 119, B01, S08, 1
B01, Trade, 4319711.543, 132, B01, S04, 1
B01, Trade, 4319722.243, 110, B01, S03, 1
B01, Trade, 4319756.793, 115, B01, S07, 1
B01, Trade, 4319760.593, 113, B01, S00, 1
B01, Trade, 4319767.743, 115, B01, S00, 1
B01, Trade, 4319769.043, 127, B01, S08, 1
B01, Trade, 4319794.343, 116, B01, S08, 1
B01, Trade, 4319804.043, 81, B01, S03, 1
B01, Trade, 4319823.193, 125, B01, S08, 1
B01, Trade, 4319835.193, 65, B01, S03, 1
B01, Trade, 4319837.693, 99, B01, S01, 1
B01, Trade, 4319852.843, 106, B01, S01, 1
B01, Trade, 4319867.743, 82, S01, B01, 1
B01, Trade, 4319873.143, 87, B01, S02, 1
B01, Trade, 4319884.093, 62, S08, B01, 1
B01, Trade, 4319888.143, 129, B01, S03, 1
B01, Trade, 4319897.243, 118, B01, S02, 1
B01, Trade, 4319902.893, 63, S06, B01, 1
B01, Trade, 4319916.993, 80, B01, S08, 1
B01, Trade, 4319931.643, 104, S00, B01, 1
B01, Trade, 4319939.193, 127, B01, S06, 1
B01, Trade, 4319949.593, 119, B01, S03, 1
B01, Trade, 4319957.643, 72, S05, B01, 1
B01, Trade, 4319958.343, 81, S09, B01, 1
B01, Trade, 4319983.543, 109, B01, S02, 1
B02, 100
B02, Trade, 4319294.543, 106, B02, S01, 1
B02, Trade, 4319303.093, 106, B02, S08, 1
B02, Trade, 4319309.843, 136, B02, S04, 1
B02, Trade, 4319312.193, 131, B02, S06, 1
B02, Trade, 4319317.143, 100, B02, S08, 1
B02, Trade, 4319322.693, 105, B02, S08, 1
B02, Trade, 4319329.243, 112, B02, S04, 1
B02, Trade, 4319336.443, 117, B02, S01, 1
B02, Trade, 4319342.043, 136, B02, S03, 1
B02, Trade, 4319352.793, 120, B02, S04, 1
B02, Trade, 4319356.243, 129, B02, S02, 1
B02, Trade, 4319374.693, 117, S01, B02, 1
B02, Trade, 4319380.693, 140, B02, S03, 1
B02, Trade, 4319389.793, 124, B02, S08, 1
B02, Trade, 4319399.643, 124, B02, S06, 1
B02, Trade, 4319401.443, 129, B02, S06, 1
B02, Trade, 4319409.843, 122, B02, S00, 1
B02, Trade, 4319415.293, 70, S03, B02, 1
B02, Trade, 4319426.193, 86, B02, S08, 1
B02, Trade, 4319436.743, 138, B02, S02, 1
B02, Trade, 4319443.443, 111, B02, S02, 1
B02, Trade, 4319448.343, 117, B02, S01, 1
B02, Trade, 4319452.093, 83, S00, B02, 1
B02, Trade, 4319459.943, 133, B02, S06, 1
B02, Trade, 4319465.243, 120, B02, S09, 1
B02, Trade, 4319471.943, 127, B02, S06, 1
B02, Trade, 4319477.093, 118, S00, B02, 1
B02, Trade, 4319479.743, 60, S05, B02, 1
B02, Trade, 4319485.743, 115, B02, S06, 1
B02, Trade, 4319488.693, 61, S06, B02, 1
B02, Trade, 4319491.093, 106, S09, B02, 1
B02, Trade, 4319502.193, 127, B02, S08, 1
B02, Trade, 4319512.443, 80, B02, S03, 1
B02, Trade, 4319522.293, 64, B02, S02, 1
B02, Trade, 4319537.443, 60, S03, B02, 1
B02, Trade, 4319544.293, 111, B02, S00, 1
B02, Trade, 4319548.343, 125, B02, S00, 1
B02, Trade, 4319560.343, 119, B02, S09, 1
B02, Trade, 4319571.793, 116, B02, S01, 1
B02, Trade, 4319574.893, 121, B02, S03, 1
B02, Trade, 4319580.043, 132, B02, S07, 1
B02, Trade, 4319582.943, 99, B02, S02, 1
B02, Trade, 4319589.143, 96, B02, S01, 1
B02, Trade, 4319597.643, 109, B02, S04, 1
B02, Trade, 4319604.093, 137, B02, S08, 1
B02, Trade, 4319611.143, 114, B02, S06, 1
B02, Trade, 4319615.993, 106, B02, S01, 1
B02, Trade, 4319628.843, 136, B02, S01, 1
B02, Trade, 4319644.043, 91, B02, S08, 1
B02, Trade, 4319658.843, 98, B02, S04, 1
B02, Trade, 4319662.293, 61, S01, B02, 1
B02, Trade, 4319668.843, 117, B02, S04, 1
B02, Trade, 4319676.643, 66, B02, S03, 1
B02, Trade, 4319681.943, 112, B02, S03, 1
B02, Trade, 4319687.243, 109, B02, S04, 1
B02, Trade, 4319695.493, 135, B02, S06, 1
B02, Trade, 4319702.993, 104, B02, S03, 1
B02, Trade, 4319710.393, 120, B02, S02, 1
B02, Trade, 4319718.893, 116, B02, S00, 1
B02, Trade, 4319729.043, 115, B02, S03, 1
B02, Trade, 4319734.143, 110, B02, S08, 1
B02, Trade, 4319742.293, 122, B02, S01, 1
B02, Trade, 4319746.093, 69, S04, B02, 1
B02, Trade, 4319756.193, 108, B02, S08, 1
B02, Trade, 4319760.843, 99, B02, S08, 1
B02, Trade, 4319762.893, 98, B02, S08, 1
B02, Trade, 4319771.993, 102, B02, S02, 1
B02, Trade, 4319785.393, 68, S06, B02, 1
B02, Trade, 4319792.843, 134, B02, S01, 1
B02, Trade, 4319795.493, 130, B02, S04, 1
B02, Trade, 4319802.743, 133, B02, S03, 1
B02, Trade, 4319804.543, 109, B02, S01, 1
B02, Trade, 4319812.343, 76, B02, S02, 1
B02, Trade, 4319818.293, 134, B02, S04, 1
B02, Trade, 4319822.443, 126, B02, S06, 1
B02, Trade, 4319830.893, 127, B02, S08, 1
B02, Trade, 4319835.293, 104, S09, B02, 1
B02, Trade, 4319842.443, 136, B02, S04, 1
B02, Trade, 4319846.993, 124, B02, S08, 1
B02, Trade, 4319856.793, 127, B02, S02, 1
B02, Trade, 4319861.293, 115, B02, S02, 1
B02, Trade, 4319878.393, 63, S02, B02, 1
B02, Trade, 4319884.343, 63, S03, B02, 1
B02, Trade, 4319889.793, 62, S02, B02, 1
B02, Trade, 4319900.543, 139, B02, S00, 1
B02, Trade, 4319904.893, 71, S02, B02, 1
B02, Trade, 4319908.443, 121, B02, S08, 1
B02, Trade, 4319914.043, 119, B02, S03, 1
B02, Trade, 4319924.193, 136, B02, S08, 1
B02, Trade, 4319927.293, 139, B02, S08, 1
B02, Trade, 4319934.443, 87, B02, S08, 1
B02, Trade, 4319939.443, 83, B02, S00, 1
B02, Trade, 4319944.393, 135, B02, S09, 1
B02, Trade, 4319948.043, 114, B02, S04, 1
B02, Trade, 4319953.593, 113, B02, S00, 1
B02, Trade, 4319958.493, 62, B02, S06, 1
B02, Trade, 4319964.543, 134, B02, S08, 1
B02, Trade, 4319979.243, 137, B02, S06, 1
B02, Trade, 4319981.893, 114, B02, S02, 1
B02, Trade, 4319996.393, 140, B02, S01, 1
B03, 100
B03, Trade, 4318989.993, 131, B03, S02, 1
B03, Trade, 4319031.893, 61, S04, B03, 1
B03, Trade, 4319036.393, 89, S01, B03, 1
B03, Trade, 4319038.443, 79, B03, S08, 1
B03, Trade, 4319048.693, 91, B03, S01, 1
B03, Trade, 4319056.693, 97, B03, S04, 1
B03, Trade, 4319059.893, 81, B03, S04, 1
B03, Trade, 4319070.293, 85, B03, S06, 1
B03, Trade, 4319080.243, 108, B03, S08, 1
B03, Trade, 4319090.943, 104, B03, S08, 1
B03, Trade, 4319101.443, 88, B03, S04, 1
B03, Trade, 4319115.793, 78, B03, S03, 1
B03, Trade, 4319131.643, 133, B03, S00, 1
B03, Trade, 4319137.193, 85, B03, S02, 1
B03, Trade, 4319141.493, 60, S05, B03, 1
B03, Trade, 4319156.593, 68, B03, S08, 1
B03, Trade, 4319164.143, 107, B03, S00, 1
B03, Trade, 4319168.193, 89, B03, S07, 1
B03, Trade, 4319187.043, 96, B03, S08, 1
B03, Trade, 4319195.443, 116, B03, S01, 1
B03, Trade, 4319205.793, 94, B03, S01, 1
B03, Trade, 4319210.593, 108, B03, S03, 1
B03, Trade, 4319221.743, 102, B03, S00, 1
B03, Trade, 4319231.493, 118, B03, S04, 1
B03, Trade, 4319245.043, 100, B03, S08, 1
B03, Trade, 4319249.043, 125, B03, S06, 1
B03, Trade, 4319257.393, 83, B03, S01, 1
B03, Trade, 4319263.143, 85, B03, S08, 1
B03, Trade, 4319272.493, 130, B03, S00, 1
B03, Trade, 4319291.593, 120, B03, S08, 1
B03, Trade, 4319304.593, 60, S05, B03, 1
B03, Trade, 4319308.943, 123, B03, S03, 1
B03, Trade, 4319313.493, 100, B03, S09, 1
B03, Trade, 4319324.843, 74, B03, S06, 1
B03, Trade, 4319346.093, 71, B03, S02, 1
B03, Trade, 4319353.543, 91, B03, S03, 1
B03, Trade, 4319374.193, 86, B03, S04, 1
B03, Trade, 4319377.893, 107, B03, S06, 1
B03, Trade, 4319388.993, 113, B03, S06, 1
B03, Trade, 4319398.493, 78, B03, S02, 1
B03, Trade, 4319402.743, 97, B03, S03, 1
B03, Trade, 4319413.543, 91, B03, S01, 1
B03, Trade, 4319420.743, 75, B03, S02, 1
B03, Trade, 4319425.443, 107, B03, S04, 1
B03, Trade, 4319429.993, 73, S00, B03, 1
B03, Trade, 4319443.343, 124, B03, S04, 1
B03, Trade, 4319453.043, 127, B03, S08, 1
B03, Trade, 4319466.243, 77, B03, S03, 1
B03, Trade, 4319477.493, 75, B03, S06, 1
B03, Trade, 4319487.943, 60, S03, B03, 1
B03, Trade, 4319495.793, 137, S07, B03, 1
B03, Trade, 4319501.543, 100, B03, S03, 1
B03, Trade, 4319512.343, 86, B03, S00, 1
B03, Trade, 4319521.893, 97, B03, S08, 1
B03, Trade, 4319530.593, 110, B03, S03, 1
B03, Trade, 4319545.943, 118, B03, S04, 1
B03, Trade, 4319555.143, 131, B03, S04, 1
B03, Trade, 4319561.493, 87, B03, S06, 1
B03, Trade, 4319566.693, 125, B03, S00, 1
B03, Trade, 4319569.943, 100, B03, S06, 1
B03, Trade, 4319584.493, 107, B03, S04, 1
B03, Trade, 4319589.393, 80, B03, S03, 1
B03, Trade, 4319599.043, 72, B03, S02, 1
B03, Trade, 4319633.293, 100, B03, S08, 1
B03, Trade, 4319659.593, 93, B03, S03, 1
B03, Trade, 4319662.593, 111, B03, S03, 1
B03, Trade, 4319667.893, 134, B03, S06, 1
B03, Trade, 4319676.543, 95, B03, S08, 1
B03, Trade, 4319682.643, 84, B03, S08, 1
B03, Trade, 4319693.443, 113, B03, S04, 1
B03, Trade, 4319703.343, 84, B03, S04, 1
B03, Trade, 4319714.243, 103, B03, S03, 1
B03, Trade, 4319734.443, 96, B03, S02, 1
B03, Trade, 4319745.893, 76, B03, S02, 1
B03, Trade, 4319755.643, 125, B03, S01, 1
B03, Trade, 4319773.543, 112, S00, B03, 1
B03, Trade, 4319783.243, 89, B03, S08, 1
B03, Trade, 4319799.293, 105, B03, S06, 1
B03, Trade, 4319800.693, 96, B03, S08, 1
B03, Trade, 4319809.043, 77, B03, S04, 1
B03, Trade, 4319813.043, 73, B03, S04, 1
B03, Trade, 4319830.193, 97, B03, S04, 1
B03, Trade, 4319837.743, 94, B03, S06, 1
B03, Trade, 4319847.243, 101, B03, S06, 1
B03, Trade, 4319853.343, 99, B03, S08, 1
B03, Trade, 4319866.043, 100, B03, S06, 1
B03, Trade, 4319872.493, 96, B03, S04, 1
B03, Trade, 4319879.243, 90, B03, S04, 1
B03, Trade, 4319886.493, 96, B03, S00, 1
B03, Trade, 4319893.293, 60, S06, B03, 1
B03, Trade, 4319901.743, 83, B03, S04, 1
B03, Trade, 4319905.743, 102, B03, S04, 1
B03, Trade, 4319916.743, 122, S01, B03, 1
B03, Trade, 4319925.093, 100, B03, S02, 1
B03, Trade, 4319948.143, 91, B03, S02, 1
B03, Trade, 4319951.793, 70, B03, S01, 1
B03, Trade, 4319959.843, 103, B03, S02, 1
B03, Trade, 4319963.943, 64, S06, B03, 1
B03, Trade, 4319968.193, 92, B03, S08, 1
B03, Trade, 4319979.543, 125, B03, S00, 1
B04, 100
B04, Trade, 4319450.543, 137, B04, S00, 1
B04, Trade, 4319456.243, 137, B04, S08, 1
B04, Trade, 4319460.593, 138, B04, S04, 1
B04, Trade, 4319463.593, 139, B04, S04, 1
B04, Trade, 4319470.093, 140, B04, S06, 1
B04, Trade, 4319476.793, 139, B04, S01, 1
B04, Trade, 4319485.843, 121, S05, B04, 1
B04, Trade, 4319494.443, 140, B04, S02, 1
B04, Trade, 4319498.743, 140, B04, S08, 1
B04, Trade, 4319505.993, 62, S01, B04, 1
B04, Trade, 4319509.393, 140, B04, S04, 1
B04, Trade, 4319515.893, 136, B04, S01, 1
B04, Trade, 4319525.743, 140, B04, S06, 1
B04, Trade, 4319526.543, 140, B04, S01, 1
B04, Trade, 4319532.093, 136, S07, B04, 1
B04, Trade, 4319536.093, 140, B04, S01, 1
B04, Trade, 4319542.143, 140, B04, S06, 1
B04, Trade, 4319545.693, 140, B04, S01, 1
B04, Trade, 4319551.143, 140, B04, S02, 1
B04, Trade, 4319553.143, 140, B04, S02, 1
B04, Trade, 4319562.043, 140, B04, S08, 1
B04, Trade, 4319564.743, 140, B04, S01, 1
B04, Trade, 4319573.093, 140, B04, S03, 1
B04, Trade, 4319575.843, 139, B04, S01, 1
B04, Trade, 4319578.643, 138, B04, S08, 1
B04, Trade, 4319587.143, 139, B04, S06, 1
B04, Trade, 4319591.143, 63, S06, B04, 1
B04, Trade, 4319593.643, 66, S04, B04, 1
B04, Trade, 4319600.293, 140, B04, S08, 1
B04, Trade, 4319608.443, 136, B04, S03, 1
B04, Trade, 4319610.343, 130, S07, B04, 1
B04, Trade, 4319619.143, 61, S03, B04, 1
B04, Trade, 4319626.343, 140, B04, S02, 1
B04, Trade, 4319633.143, 139, B04, S06, 1
B04, Trade, 4319638.993, 140, B04, S06, 1
B04, Trade, 4319643.793, 138, B04, S09, 1
B04, Trade, 4319647.393, 140, B04, S02, 1
B04, Trade, 4319652.843, 107, S00, B04, 1
B04, Trade, 4319659.443, 139, B04, S02, 1
B04, Trade, 4319662.993, 132, S09, B04, 1
B04, Trade, 4319670.043, 140, B04, S03, 1
B04, Trade, 4319670.693, 140, B04, S02, 1
B04, Trade, 4319679.793, 123, S05, B04, 1
B04, Trade, 4319680.993, 126, S01, B04, 1
B04, Trade, 4319687.593, 137, B04, S09, 1
B04, Trade, 4319694.143, 140, B04, S08, 1
B04, Trade, 4319697.893, 140, B04, S02, 1
B04, Trade, 4319705.443, 139, B04, S00, 1
B04, Trade, 4319709.493, 139, B04, S03, 1
B04, Trade, 4319713.443, 140, B04, S00, 1
B04, Trade, 4319718.293, 140, B04, S09, 1
B04, Trade, 4319724.243, 140, B04, S06, 1
B04, Trade, 4319731.243, 140, B04, S01, 1
B04, Trade, 4319733.543, 130, B04, S03, 1
B04, Trade, 4319739.143, 140, B04, S08, 1
B04, Trade, 4319744.693, 140, B04, S03, 1
B04, Trade, 4319751.793, 140, B04, S08, 1
B04, Trade, 4319755.193, 139, B04, S02, 1
B04, Trade, 4319761.793, 138, S00, B04, 1
B04, Trade, 4319767.193, 140, B04, S06, 1
B04, Trade, 4319774.793, 64, S08, B04, 1
B04, Trade, 4319781.443, 136, B04, S05, 1
B04, Trade, 4319786.493, 137, B04, S02, 1
B04, Trade, 4319790.293, 139, B04, S06, 1
B04, Trade, 4319797.693, 140, B04, S04, 1
B04, Trade, 4319800.643, 139, B04, S07, 1
B04, Trade, 4319806.343, 138, B04, S04, 1
B04, Trade, 4319810.093, 140, B04, S00, 1
B04, Trade, 4319820.593, 137, B04, S09, 1
B04, Trade, 4319826.393, 140, B04, S03, 1
B04, Trade, 4319828.043, 140, B04, S03, 1
B04, Trade, 4319839.643, 140, B04, S06, 1
B04, Trade, 4319842.343, 139, B04, S01, 1
B04, Trade, 4319844.543, 140, B04, S00, 1
B04, Trade, 4319852.543, 140, B04, S06, 1
B04, Trade, 4319853.093, 140, B04, S00, 1
B04, Trade, 4319864.993, 138, S05, B04, 1
B04, Trade, 4319869.493, 140, B04, S08, 1
B04, Trade, 4319876.543, 138, B04, S01, 1
B04, Trade, 4319880.043, 133, S00, B04, 1
B04, Trade, 4319889.393, 110, S00, B04, 1
B04, Trade, 4319894.543, 139, B04, S07, 1
B04, Trade, 4319896.643, 139, B04, S01, 1
B04, Trade, 4319904.443, 60, S06, B04, 1
B04, Trade, 4319910.493, 140, B04, S02, 1
B04, Trade, 4319917.443, 140, B04, S00, 1
B04, Trade, 4319925.643, 96, S00, B04, 1
B04, Trade, 4319928.693, 136, B04, S04, 1
B04, Trade, 4319933.243, 140, B04, S03, 1
B04, Trade, 4319940.243, 140, B04, S06, 1
B04, Trade, 4319945.893, 139, B04, S06, 1
B04, Trade, 4319955.393, 140, B04, S04, 1
B04, Trade, 4319959.243, 126, S07, B04, 1
B04, Trade, 4319963.243, 138, B04, S04, 1
B04, Trade, 4319971.693, 138, B04, S03, 1
B04, Trade, 4319977.043, 139, B04, S08, 1
B04, Trade, 4319985.643, 140, B04, S01, 1
B04, Trade, 4319991.893, 139, B04, S00, 1
B04, Trade, 4319994.343, 140, B04, S02, 1
B04, Trade, 4319996.743, 98, S07, B04, 1
B05, 100
B05, Trade, 4319409.043, 94, B05, S06, 1
B05, Trade, 4319420.293, 106, B05, S00, 1
B05, Trade, 4319424.743, 139, B05, S01, 1
B05, Trade, 4319439.193, 101, B05, S06, 1
B05, Trade, 4319440.843, 111, B05, S04, 1
B05, Trade, 4319450.443, 140, B05, S07, 1
B05, Trade, 4319453.693, 68, B05, S02, 1
B05, Trade, 4319459.893, 135, B05, S00, 1
B05, Trade, 4319465.143, 128, B05, S01, 1
B05, Trade, 4319470.193, 133, B05, S04, 1
B05, Trade, 4319473.443, 140, B05, S02, 1
B05, Trade, 4319481.443, 86, B05, S00, 1
B05, Trade, 4319498.393, 140, B05, S04, 1
B05, Trade, 4319500.743, 140, B05, S08, 1
B05, Trade, 4319504.893, 81, B05, S04, 1
B05, Trade, 4319508.843, 140, B05, S03, 1
B05, Trade, 4319513.693, 140, B05, S04, 1
B05, Trade, 4319520.443, 126, B05, S02, 1
B05, Trade, 4319526.493, 140, B05, S00, 1
B05, Trade, 4319530.143, 99, B05, S04, 1
B05, Trade, 4319535.393, 105, B05, S00, 1
B05, Trade, 4319543.743, 121, B05, S02, 1
B05, Trade, 4319553.043, 140, B05, S06, 1
B05, Trade, 4319557.843, 140, B05, S03, 1
B05, Trade, 4319567.293, 77, B05, S02, 1
B05, Trade, 4319574.143, 136, B05, S08, 1
B05, Trade, 4319577.143, 130, B05, S02, 1
B05, Trade, 4319582.443, 100, B05, S09, 1
B05, Trade, 4319585.093, 82, B05, S03, 1
B05, Trade, 4319596.493, 140, B05, S01, 1
B05, Trade, 4319600.993, 128, B05, S00, 1
B05, Trade, 4319606.143, 140, B05, S06, 1
B05, Trade, 4319615.043, 120, B05, S09, 1
B05, Trade, 4319620.343, 137, B05, S00, 1
B05, Trade, 4319624.543, 135, B05, S04, 1
B05, Trade, 4319627.693, 104, B05, S06, 1
B05, Trade, 4319633.043, 136, B05, S03, 1
B05, Trade, 4319638.593, 137, B05, S01, 1
B05, Trade, 4319642.193, 132, B05, S02, 1
B05, Trade, 4319646.343, 140, B05, S06, 1
B05, Trade, 4319652.893, 99, B05, S03, 1
B05, Trade, 4319658.243, 134, B05, S00, 1
B05, Trade, 4319666.543, 133, B05, S02, 1
B05, Trade, 4319672.443, 138, B05, S08, 1
B05, Trade, 4319678.893, 140, B05, S07, 1
B05, Trade, 4319683.693, 67, B05, S04, 1
B05, Trade, 4319690.743, 112, B05, S02, 1
B05, Trade, 4319695.393, 140, B05, S01, 1
B05, Trade, 4319701.393, 73, B05, S06, 1
B05, Trade, 4319705.193, 140, B05, S08, 1
B05, Trade, 4319709.243, 140, B05, S06, 1
B05, Trade, 4319717.543, 140, B05, S08, 1
B05, Trade, 4319723.393, 132, B05, S01, 1
B05, Trade, 4319727.793, 137, B05, S02, 1
B05, Trade, 4319739.043, 140, B05, S00, 1
B05, Trade, 4319741.893, 125, B05, S04, 1
B05, Trade, 4319751.443, 140, B05, S06, 1
B05, Trade, 4319754.893, 140, B05, S03, 1
B05, Trade, 4319760.893, 91, B05, S02, 1
B05, Trade, 4319765.343, 140, B05, S06, 1
B05, Trade, 4319769.793, 100, B05, S04, 1
B05, Trade, 4319773.843, 73, B05, S06, 1
B05, Trade, 4319782.743, 129, B05, S06, 1
B05, Trade, 4319790.893, 121, B05, S07, 1
B05, Trade, 4319794.693, 99, B05, S06, 1
B05, Trade, 4319801.693, 128, B05, S01, 1
B05, Trade, 4319807.043, 98, B05, S03, 1
B05, Trade, 4319807.943, 97, B05, S02, 1
B05, Trade, 4319817.193, 140, B05, S03, 1
B05, Trade, 4319821.843, 130, B05, S03, 1
B05, Trade, 4319824.593, 140, B05, S02, 1
B05, Trade, 4319829.243, 130, B05, S01, 1
B05, Trade, 4319833.743, 139, B05, S02, 1
B05, Trade, 4319839.843, 140, B05, S03, 1
B05, Trade, 4319845.893, 140, B05, S03, 1
B05, Trade, 4319851.043, 140, B05, S02, 1
B05, Trade, 4319858.293, 116, B05, S08, 1
B05, Trade, 4319862.843, 140, B05, S04, 1
B05, Trade, 4319870.993, 131, B05, S00, 1
B05, Trade, 4319874.993, 140, B05, S08, 1
B05, Trade, 4319888.093, 130, B05, S04, 1
B05, Trade, 4319893.993, 140, B05, S08, 1
B05, Trade, 4319900.443, 140, B05, S03, 1
B05, Trade, 4319907.343, 140, B05, S09, 1
B05, Trade, 4319912.843, 140, B05, S01, 1
B05, Trade, 4319916.643, 105, B05, S06, 1
B05, Trade, 4319924.393, 101, B05, S03, 1
B05, Trade, 4319930.943, 133, B05, S07, 1
B05, Trade, 4319938.693, 128, B05, S03, 1
B05, Trade, 4319940.743, 139, B05, S01, 1
B05, Trade, 4319954.593, 99, B05, S06, 1
B05, Trade, 4319957.393, 65, B05, S04, 1
B05, Trade, 4319965.593, 112, B05, S02, 1
B05, Trade, 4319971.493, 140, B05, S00, 1
B05, Trade, 4319973.593, 135, B05, S01, 1
B05, Trade, 4319981.743, 132, B05, S04, 1
B05, Trade, 4319988.893, 140, B05, S00, 1
B05, Trade, 4319990.643, 139, B05, S03, 1
B05, Trade, 4319993.943, 140, B05, S04, 1
B05, Trade, 4319999.643, 140, B05, S04, 1
B06, 100
B06, Trade, 4319452.493, 62, S06, B06, 1
B06, Trade, 4319457.443, 140, B06, S02, 1
B06, Trade, 4319461.893, 140, S05, B06, 1
B06, Trade, 4319465.943, 128, S00, B06, 1
B06, Trade, 4319475.293, 140, B06, S08, 1
B06, Trade, 4319475.843, 140, B06, S05, 1
B06, Trade, 4319482.543, 113, S01, B06, 1
B06, Trade, 4319490.043, 64, S04, B06, 1
B06, Trade, 4319495.743, 136, S05, B06, 1
B06, Trade, 4319506.693, 138, B06, S00, 1
B06, Trade, 4319510.843, 140, B06, S08, 1
B06, Trade, 4319514.193, 139, B06, S02, 1
B06, Trade, 4319520.043, 130, S05, B06, 1
B06, Trade, 4319529.143, 107, S05, B06, 1
B06, Trade, 4319539.793, 140, B06, S08, 1
B06, Trade, 4319541.193, 140, B06, S04, 1
B06, Trade, 4319548.943, 136, B06, S03, 1
B06, Trade, 4319558.593, 135, S00, B06, 1
B06, Trade, 4319563.893, 140, B06, S08, 1
B06, Trade, 4319574.093, 136, B06, S04, 1
B06, Trade, 4319580.893, 140, B06, S06, 1
B06, Trade, 4319583.993, 107, S01, B06, 1
B06, Trade, 4319592.693, 70, S05, B06, 1
B06, Trade, 4319597.393, 137, B06, S06, 1
B06, Trade, 4319602.943, 140, B06, S01, 1
B06, Trade, 4319606.443, 140, S05, B06, 1
B06, Trade, 4319611.493, 138, B06, S02, 1
B06, Trade, 4319616.143, 138, S05, B06, 1
B06, Trade, 4319621.143, 140, B06, S08, 1
B06, Trade, 4319628.543, 140, B06, S08, 1
B06, Trade, 4319632.793, 140, B06, S02, 1
B06, Trade, 4319638.293, 140, B06, S00, 1
B06, Trade, 4319643.593, 139, B06, S00, 1
B06, Trade, 4319647.293, 140, B06, S07, 1
B06, Trade, 4319654.193, 79, S01, B06, 1
B06, Trade, 4319656.743, 140, B06, S02, 1
B06, Trade, 4319664.343, 138, B06, S00, 1
B06, Trade, 4319667.443, 140, B06, S00, 1
B06, Trade, 4319672.743, 137, B06, S04, 1
B06, Trade, 4319678.393, 139, B06, S06, 1
B06, Trade, 4319684.943, 68, S00, B06, 1
B06, Trade, 4319685.893, 139, B06, S06, 1
B06, Trade, 4319692.943, 140, B06, S03, 1
B06, Trade, 4319698.843, 63, S04, B06, 1
B06, Trade, 4319703.393, 113, S01, B06, 1
B06, Trade, 4319708.693, 140, B06, S04, 1
B06, Trade, 4319713.493, 140, B06, S06, 1
B06, Trade, 4319720.593, 140, B06, S01, 1
B06, Trade, 4319725.393, 130, S00, B06, 1
B06, Trade, 4319728.893, 139, B06, S08, 1
B06, Trade, 4319736.093, 139, B06, S06, 1
B06, Trade, 4319741.593, 140, B06, S02, 1
B06, Trade, 4319747.543, 140, B06, S06, 1
B06, Trade, 4319749.293, 140, B06, S01, 1
B06, Trade, 4319752.943, 138, S00, B06, 1
B06, Trade, 4319759.693, 140, B06, S03, 1
B06, Trade, 4319763.543, 139, B06, S02, 1
B06, Trade, 4319767.043, 140, B06, S01, 1
B06, Trade, 4319775.643, 139, B06, S04, 1
B06, Trade, 4319779.643, 139, B06, S04, 1
B06, Trade, 4319784.393, 62, S03, B06, 1
B06, Trade, 4319788.043, 140, B06, S08, 1
B06, Trade, 4319795.743, 137, B06, S03, 1
B06, Trade, 4319806.093, 137, B06, S08, 1
B06, Trade, 4319809.493, 136, S05, B06, 1
B06, Trade, 4319813.093, 128, S05, B06, 1
B06, Trade, 4319824.943, 139, B06, S04, 1
B06, Trade, 4319832.493, 140, B06, S07, 1
B06, Trade, 4319840.193, 140, B06, S00, 1
B06, Trade, 4319843.943, 140, B06, S04, 1
B06, Trade, 4319846.243, 140, B06, S01, 1
B06, Trade, 4319850.343, 140, B06, S03, 1
B06, Trade, 4319854.693, 140, B06, S06, 1
B06, Trade, 4319863.993, 140, B06, S08, 1
B06, Trade, 4319865.593, 138, B06, S02, 1
B06, Trade, 4319874.193, 140, B06, S03, 1
B06, Trade, 4319876.093, 140, B06, S00, 1
B06, Trade, 4319882.143, 60, S02, B06, 1
B06, Trade, 4319886.143, 139, B06, S01, 1
B06, Trade, 4319891.543, 140, B06, S04, 1
B06, Trade, 4319898.643, 140, B06, S00, 1
B06, Trade, 4319906.693, 140, B06, S02, 1
B06, Trade, 4319909.843, 140, B06, S00, 1
B06, Trade, 4319911.643, 140, B06, S06, 1
B06, Trade, 4319915.643, 140, B06, S02, 1
B06, Trade, 4319923.493, 140, B06, S06, 1
B06, Trade, 4319929.143, 140, S05, B06, 1
B06, Trade, 4319933.893, 138, B06, S02, 1
B06, Trade, 4319936.393, 140, B06, S04, 1
B06, Trade, 4319941.693, 138, B06, S02, 1
B06, Trade, 4319948.893, 140, B06, S08, 1
B06, Trade, 4319952.593, 61, S05, B06, 1
B06, Trade, 4319959.143, 78, S01, B06, 1
B06, Trade, 4319961.293, 140, B06, S00, 1
B06, Trade, 4319966.393, 139, B06, S06, 1
B06, Trade, 4319975.043, 139, B06, S02, 1
B06, Trade, 4319978.043, 139, B06, S01, 1
B06, Trade, 4319983.243, 140, B06, S06, 1
B06, Trade, 4319989.893, 140, B06, S08, 1
B06, Trade, 4319992.443, 138, B06, S04, 1
B07, 100
B07, Trade, 4319425.393, 137, B07, S00, 1
B07, Trade, 4319428.743, 129, B07, S03, 1
B07, Trade, 4319430.593, 115, B07, S01, 1
B07, Trade, 4319437.743, 107, S01, B07, 1
B07, Trade, 4319445.543, 134, B07, S06, 1
B07, Trade, 4319457.943, 124, B07, S01, 1
B07, Trade, 4319462.143, 137, B07, S06, 1
B07, Trade, 4319467.243, 138, B07, S00, 1
B07, Trade, 4319476.043, 136, B07, S07, 1
B07, Trade, 4319480.793, 139, B07, S03, 1
B07, Trade, 4319483.643, 122, B07, S08, 1
B07, Trade, 4319493.843, 60, S04, B07, 1
B07, Trade, 4319499.443, 117, B07, S00, 1
B07, Trade, 4319500.843, 140, B07, S02, 1
B07, Trade, 4319509.993, 123, B07, S00, 1
B07, Trade, 4319517.543, 126, B07, S08, 1
B07, Trade, 4319522.543, 122, S01, B07, 1
B07, Trade, 4319531.593, 133, B07, S02, 1
B07, Trade, 4319535.193, 132, B07, S02, 1
B07, Trade, 4319538.793, 137, B07, S00, 1
B07, Trade, 4319544.893, 114, B07, S07, 1
B07, Trade, 4319548.493, 110, B07, S04, 1
B07, Trade, 4319563.193, 132, B07, S06, 1
B07, Trade, 4319574.793, 136, B07, S06, 1
B07, Trade, 4319580.943, 138, B07, S03, 1
B07, Trade, 4319593.143, 71, S08, B07, 1
B07, Trade, 4319597.443, 134, B07, S08, 1
B07, Trade, 4319599.593, 80, S00, B07, 1
B07, Trade, 4319609.443, 130, B07, S03, 1
B07, Trade, 4319620.793, 137, B07, S04, 1
B07, Trade, 4319628.893, 135, B07, S04, 1
B07, Trade, 4319634.993, 124, B07, S08, 1
B07, Trade, 4319638.543, 137, B07, S02, 1
B07, Trade, 4319645.093, 137, B07, S08, 1
B07, Trade, 4319648.943, 135, B07, S08, 1
B07, Trade, 4319651.043, 134, B07, S09, 1
B07, Trade, 4319657.743, 139, B07, S06, 1
B07, Trade, 4319663.843, 71, S04, B07, 1
B07, Trade, 4319667.793, 134, B07, S08, 1
B07, Trade, 4319673.693, 140, B07, S06, 1
B07, Trade, 4319679.243, 139, B07, S09, 1
B07, Trade, 4319683.843, 77, S01, B07, 1
B07, Trade, 4319690.193, 136, B07, S01, 1
B07, Trade, 4319693.043, 130, B07, S02, 1
B07, Trade, 4319700.743, 120, B07, S08, 1
B07, Trade, 4319709.543, 135, B07, S00, 1
B07, Trade, 4319716.093, 133, B07, S03, 1
B07, Trade, 4319718.493, 137, B07, S04, 1
B07, Trade, 4319727.993, 135, B07, S04, 1
B07, Trade, 4319730.243, 128, B07, S06, 1
B07, Trade, 4319732.393, 116, B07, S00, 1
B07, Trade, 4319739.793, 134, B07, S03, 1
B07, Trade, 4319742.643, 140, B07, S00, 1
B07, Trade, 4319748.443, 140, B07, S03, 1
B07, Trade, 4319755.293, 129, B07, S00, 1
B07, Trade, 4319758.493, 132, B07, S09, 1
B07, Trade, 4319765.943, 137, B07, S09, 1
B07, Trade, 4319768.393, 136, B07, S03, 1
B07, Trade, 4319773.293, 111, S05, B07, 1
B07, Trade, 4319781.243, 133, B07, S08, 1
B07, Trade, 4319789.293, 139, B07, S04, 1
B07, Trade, 4319791.843, 133, B07, S00, 1
B07, Trade, 4319794.143, 140, B07, S02, 1
B07, Trade, 4319799.593, 105, B07, S02, 1
B07, Trade, 4319803.843, 136, B07, S00, 1
B07, Trade, 4319811.343, 136, B07, S07, 1
B07, Trade, 4319818.893, 133, B07, S06, 1
B07, Trade, 4319821.993, 129, B07, S07, 1
B07, Trade, 4319828.293, 134, B07, S08, 1
B07, Trade, 4319834.193, 140, B07, S02, 1
B07, Trade, 4319837.143, 132, S05, B07, 1
B07, Trade, 4319841.143, 132, B07, S08, 1
B07, Trade, 4319848.743, 140, B07, S02, 1
B07, Trade, 4319855.493, 140, B07, S03, 1
B07, Trade, 4319859.143, 89, B07, S04, 1
B07, Trade, 4319865.643, 125, B07, S00, 1
B07, Trade, 4319870.693, 137, B07, S06, 1
B07, Trade, 4319877.243, 138, B07, S03, 1
B07, Trade, 4319881.643, 117, S05, B07, 1
B07, Trade, 4319883.943, 60, S04, B07, 1
B07, Trade, 4319896.143, 139, B07, S03, 1
B07, Trade, 4319897.193, 139, B07, S06, 1
B07, Trade, 4319903.243, 117, S05, B07, 1
B07, Trade, 4319910.543, 138, B07, S07, 1
B07, Trade, 4319913.243, 131, B07, S08, 1
B07, Trade, 4319922.543, 140, B07, S04, 1
B07, Trade, 4319928.243, 114, B07, S01, 1
B07, Trade, 4319932.993, 138, B07, S09, 1
B07, Trade, 4319936.443, 125, B07, S07, 1
B07, Trade, 4319942.293, 139, B07, S00, 1
B07, Trade, 4319947.643, 125, B07, S01, 1
B07, Trade, 4319954.543, 101, S09, B07, 1
B07, Trade, 4319962.393, 122, B07, S03, 1
B07, Trade, 4319968.093, 122, B07, S03, 1
B07, Trade, 4319972.543, 139, B07, S00, 1
B07, Trade, 4319980.043, 137, S05, B07, 1
B07, Trade, 4319985.243, 110, B07, S03, 1
B07, Trade, 4319987.943, 133, B07, S06, 1
B07, Trade, 4319995.493, 135, B07, S08, 1
B07, Trade, 4319999.943, 133, B07, S06, 1
B08, 100
B08, Trade, 4319211.593, 83, B08, S06, 1
B08, Trade, 4319214.043, 124, B08, S04, 1
B08, Trade, 4319221.993, 124, B08, S07, 1
B08, Trade, 4319228.943, 120, B08, S06, 1
B08, Trade, 4319235.343, 122, B08, S03, 1
B08, Trade, 4319243.343, 132, B08, S03, 1
B08, Trade, 4319245.743, 93, B08, S06, 1
B08, Trade, 4319249.193, 121, B08, S02, 1
B08, Trade, 4319259.543, 136, B08, S04, 1
B08, Trade, 4319265.493, 117, B08, S06, 1
B08, Trade, 4319271.193, 140, B08, S01, 1
B08, Trade, 4319278.693, 109, B08, S03, 1
B08, Trade, 4319282.293, 139, B08, S00, 1
B08, Trade, 4319291.893, 97, B08, S00, 1
B08, Trade, 4319294.643, 71, B08, S04, 1
B08, Trade, 4319301.393, 92, B08, S08, 1
B08, Trade, 4319305.893, 62, S02, B08, 1
B08, Trade, 4319316.893, 115, B08, S02, 1
B08, Trade, 4319321.143, 109, B08, S06, 1
B08, Trade, 4319337.893, 79, B08, S04, 1
B08, Trade, 4319345.393, 103, B08, S01, 1
B08, Trade, 4319354.993, 108, B08, S06, 1
B08, Trade, 4319362.993, 136, B08, S01, 1
B08, Trade, 4319369.443, 112, B08, S00, 1
B08, Trade, 4319374.893, 74, B08, S02, 1
B08, Trade, 4319381.493, 130, B08, S06, 1
B08, Trade, 4319402.393, 137, B08, S01, 1
B08, Trade, 4319407.043, 96, B08, S01, 1
B08, Trade, 4319410.343, 117, B08, S08, 1
B08, Trade, 4319417.093, 84, S05, B08, 1
B08, Trade, 4319430.793, 125, B08, S00, 1
B08, Trade, 4319434.643, 94, B08, S04, 1
B08, Trade, 4319437.793, 105, B08, S03, 1
B08, Trade, 4319442.143, 123, B08, S01, 1
B08, Trade, 4319449.093, 63, S03, B08, 1
B08, Trade, 4319454.093, 132, B08, S03, 1
B08, Trade, 4319458.543, 119, B08, S03, 1
B08, Trade, 4319464.343, 136, B08, S07, 1
B08, Trade, 4319470.693, 136, B08, S03, 1
B08, Trade, 4319483.043, 96, B08, S02, 1
B08, Trade, 4319486.643, 117, S07, B08, 1
B08, Trade, 4319496.243, 88, B08, S06, 1
B08, Trade, 4319503.593, 112, B08, S02, 1
B08, Trade, 4319509.893, 130, B08, S01, 1
B08, Trade, 4319517.443, 139, B08, S04, 1
B08, Trade, 4319521.343, 132, B08, S04, 1
B08, Trade, 4319528.293, 104, B08, S06, 1
B08, Trade, 4319536.443, 102, B08, S04, 1
B08, Trade, 4319547.193, 126, B08, S03, 1
B08, Trade, 4319554.943, 140, B08, S01, 1
B08, Trade, 4319561.443, 126, B08, S02, 1
B08, Trade, 4319566.593, 139, B08, S03, 1
B08, Trade, 4319569.793, 114, B08, S00, 1
B08, Trade, 4319590.393, 68, S02, B08, 1
B08, Trade, 4319604.593, 140, B08, S03, 1
B08, Trade, 4319611.193, 94, B08, S08, 1
B08, Trade, 4319616.493, 134, B08, S06, 1
B08, Trade, 4319622.293, 129, B08, S06, 1
B08, Trade, 4319631.393, 136, B08, S01, 1
B08, Trade, 4319635.693, 121, B08, S03, 1
B08, Trade, 4319643.943, 125, B08, S04, 1
B08, Trade, 4319648.643, 139, B08, S07, 1
B08, Trade, 4319654.293, 81, S00, B08, 1
B08, Trade, 4319658.493, 130, B08, S08, 1
B08, Trade, 4319680.893, 60, S06, B08, 1
B08, Trade, 4319689.293, 117, B08, S03, 1
B08, Trade, 4319699.093, 133, B08, S06, 1
B08, Trade, 4319700.843, 131, S07, B08, 1
B08, Trade, 4319711.393, 133, B08, S02, 1
B08, Trade, 4319720.843, 139, B08, S04, 1
B08, Trade, 4319744.943, 124, B08, S08, 1
B08, Trade, 4319748.493, 117, B08, S04, 1
B08, Trade, 4319760.043, 107, B08, S06, 1
B08, Trade, 4319766.593, 132, B08, S04, 1
B08, Trade, 4319770.493, 123, B08, S02, 1
B08, Trade, 4319777.743, 60, S03, B08, 1
B08, Trade, 4319786.993, 135, B08, S04, 1
B08, Trade, 4319790.943, 119, B08, S03, 1
B08, Trade, 4319803.943, 112, B08, S06, 1
B08, Trade, 4319808.743, 78, B08, S06, 1
B08, Trade, 4319820.293, 140, B08, S00, 1
B08, Trade, 4319835.493, 137, B08, S08, 1
B08, Trade, 4319859.743, 112, B08, S00, 1
B08, Trade, 4319867.143, 114, B08, S04, 1
B08, Trade, 4319871.643, 119, B08, S01, 1
B08, Trade, 4319885.343, 116, B08, S06, 1
B08, Trade, 4319898.343, 135, B08, S09, 1
B08, Trade, 4319903.093, 74, S08, B08, 1
B08, Trade, 4319907.893, 121, B08, S01, 1
B08, Trade, 4319915.743, 139, B08, S04, 1
B08, Trade, 4319922.593, 131, B08, S02, 1
B08, Trade, 4319929.493, 133, B08, S06, 1
B08, Trade, 4319944.743, 123, B08, S04, 1
B08, Trade, 4319949.343, 138, B08, S00, 1
B08, Trade, 4319952.893, 62, S03, B08, 1
B08, Trade, 4319960.743, 60, S05, B08, 1
B08, Trade, 4319966.543, 121, B08, S00, 1
B08, Trade, 4319967.343, 83, B08, S02, 1
B08, Trade, 4319973.943, 134, B08, S06, 1
B08, Trade, 4319980.943, 140, B08, S08, 1
B09, 100
B09, Trade, 4319392.643, 135, B09, S04, 1
B09, Trade, 4319399.143, 130, S01, B09, 1
B09, Trade, 4319405.543, 120, B09, S00, 1
B09, Trade, 4319407.793, 124, B09, S02, 1
B09, Trade, 4319409.793, 134, B09, S09, 1
B09, Trade, 4319416.443, 70, S06, B09, 1
B09, Trade, 4319423.943, 135, B09, S08, 1
B09, Trade, 4319426.993, 97, S01, B09, 1
B09, Trade, 4319433.043, 125, B09, S06, 1
B09, Trade, 4319436.893, 130, B09, S07, 1
B09, Trade, 4319443.293, 126, B09, S06, 1
B09, Trade, 4319447.243, 107, B09, S08, 1
B09, Trade, 4319458.743, 125, B09, S09, 1
B09, Trade, 4319467.743, 130, B09, S01, 1
B09, Trade, 4319471.843, 129, B09, S04, 1
B09, Trade, 4319478.243, 135, B09, S02, 1
B09, Trade, 4319484.093, 129, B09, S03, 1
B09, Trade, 4319490.443, 60, S02, B09, 1
B09, Trade, 4319494.243, 68, S01, B09, 1
B09, Trade, 4319495.993, 135, B09, S03, 1
B09, Trade, 4319503.093, 81, S01, B09, 1
B09, Trade, 4319511.193, 128, B09, S09, 1
B09, Trade, 4319517.493, 136, B09, S03, 1
B09, Trade, 4319521.593, 140, B09, S00, 1
B09, Trade, 4319527.593, 125, B09, S01, 1
B09, Trade, 4319530.543, 126, B09, S09, 1
B09, Trade, 4319534.343, 137, B09, S08, 1
B09, Trade, 4319539.543, 137, S01, B09, 1
B09, Trade, 4319543.693, 129, B09, S06, 1
B09, Trade, 4319554.093, 134, B09, S01, 1
B09, Trade, 4319555.043, 140, B09, S03, 1
B09, Trade, 4319559.243, 130, B09, S04, 1
B09, Trade, 4319569.393, 132, B09, S02, 1
B09, Trade, 4319570.893, 129, B09, S04, 1
B09, Trade, 4319578.293, 122, B09, S00, 1
B09, Trade, 4319583.543, 115, S05, B09, 1
B09, Trade, 4319594.593, 68, S03, B09, 1
B09, Trade, 4319597.693, 100, B09, S02, 1
B09, Trade, 4319604.393, 123, B09, S06, 1
B09, Trade, 4319606.593, 133, B09, S02, 1
B09, Trade, 4319612.693, 121, B09, S00, 1
B09, Trade, 4319617.843, 135, B09, S02, 1
B09, Trade, 4319624.243, 140, B09, S03, 1
B09, Trade, 4319639.393, 129, B09, S06, 1
B09, Trade, 4319640.693, 139, B09, S03, 1
B09, Trade, 4319649.293, 125, B09, S03, 1
B09, Trade, 4319652.293, 127, S05, B09, 1
B09, Trade, 4319660.393, 126, S05, B09, 1
B09, Trade, 4319667.943, 133, B09, S01, 1
B09, Trade, 4319675.693, 135, B09, S00, 1
B09, Trade, 4319680.943, 68, S02, B09, 1
B09, Trade, 4319683.793, 76, S05, B09, 1
B09, Trade, 4319689.093, 134, B09, S01, 1
B09, Trade, 4319697.043, 130, B09, S09, 1
B09, Trade, 4319705.493, 138, B09, S01, 1
B09, Trade, 4319713.543, 124, B09, S08, 1
B09, Trade, 4319718.843, 131, B09, S02, 1
B09, Trade, 4319727.393, 137, B09, S01, 1
B09, Trade, 4319735.343, 113, B09, S04, 1
B09, Trade, 4319743.743, 137, B09, S06, 1
B09, Trade, 4319755.143, 139, B09, S04, 1
B09, Trade, 4319758.293, 138, B09, S01, 1
B09, Trade, 4319765.393, 138, B09, S03, 1
B09, Trade, 4319771.393, 135, B09, S01, 1
B09, Trade, 4319775.293, 64, S01, B09, 1
B09, Trade, 4319778.043, 139, B09, S02, 1
B09, Trade, 4319784.093, 91, S01, B09, 1
B09, Trade, 4319790.443, 137, B09, S02, 1
B09, Trade, 4319799.093, 129, B09, S00, 1
B09, Trade, 4319810.943, 132, B09, S08, 1
B09, Trade, 4319816.293, 140, B09, S01, 1
B09, Trade, 4319822.593, 125, B09, S01, 1
B09, Trade, 4319829.093, 132, B09, S02, 1
B09, Trade, 4319832.543, 139, B09, S06, 1
B09, Trade, 4319834.343, 110, B09, S00, 1
B09, Trade, 4319849.993, 140, B09, S00, 1
B09, Trade, 4319858.143, 136, B09, S01, 1
B09, Trade, 4319866.943, 115, B09, S01, 1
B09, Trade, 4319875.593, 121, B09, S06, 1
B09, Trade, 4319882.693, 74, S06, B09, 1
B09, Trade, 4319884.793, 128, B09, S07, 1
B09, Trade, 4319889.193, 63, S08, B09, 1
B09, Trade, 4319902.393, 128, B09, S01, 1
B09, Trade, 4319907.243, 140, B09, S03, 1
B09, Trade, 4319910.993, 103, S09, B09, 1
B09, Trade, 4319920.693, 128, B09, S01, 1
B09, Trade, 4319923.043, 115, B09, S03, 1
B09, Trade, 4319931.143, 132, B09, S06, 1
B09, Trade, 4319931.943, 104, B09, S01, 1
B09, Trade, 4319942.393, 128, B09, S08, 1
B09, Trade, 4319945.443, 62, S03, B09, 1
B09, Trade, 4319956.143, 65, S08, B09, 1
B09, Trade, 4319961.743, 131, B09, S01, 1
B09, Trade, 4319970.293, 135, B09, S08, 1
B09, Trade, 4319975.593, 140, B09, S04, 1
B09, Trade, 4319978.793, 140, B09, S04, 1
B09, Trade, 4319980.793, 140, B09, S01, 1
B09, Trade, 4319992.593, 136, B09, S06, 1
B09, Trade, 4319996.493, 128, B09, S02, 1
B09, Trade, 4319999.843, 139, B09, S08, 1
S00, 100
S00, Trade, 4319376.243, 129, S00, B04, 1
S00, Trade, 4319379.343, 129, B09, S00, 1
S00, Trade, 4319387.943, 139, B04, S00, 1
S00, Trade, 4319394.493, 129, B05, S00, 1
S00, Trade, 4319405.543, 120, B09, S00, 1
S00, Trade, 4319409.843, 122, B02, S00, 1
S00, Trade, 4319420.293, 106, B05, S00, 1
S00, Trade, 4319425.393, 137, B07, S00, 1
S00, Trade, 4319429.993, 73, S00, B03, 1
S00, Trade, 4319430.793, 125, B08, S00, 1
S00, Trade, 4319438.793, 136, B06, S00, 1
S00, Trade, 4319441.143, 110, B00, S00, 1
S00, Trade, 4319450.543, 137, B04, S00, 1
S00, Trade, 4319452.093, 83, S00, B02, 1
S00, Trade, 4319459.893, 135, B05, S00, 1
S00, Trade, 4319465.943, 128, S00, B06, 1
S00, Trade, 4319467.243, 138, B07, S00, 1
S00, Trade, 4319477.093, 118, S00, B02, 1
S00, Trade, 4319481.443, 86, B05, S00, 1
S00, Trade, 4319485.643, 119, B01, S00, 1
S00, Trade, 4319495.543, 100, B01, S00, 1
S00, Trade, 4319499.443, 117, B07, S00, 1
S00, Trade, 4319506.693, 138, B06, S00, 1
S00, Trade, 4319509.993, 123, B07, S00, 1
S00, Trade, 4319512.343, 86, B03, S00, 1
S00, Trade, 4319521.593, 140, B09, S00, 1
S00, Trade, 4319526.493, 140, B05, S00, 1
S00, Trade, 4319535.393, 105, B05, S00, 1
S00, Trade, 4319538.793, 137, B07, S00, 1
S00, Trade, 4319544.293, 111, B02, S00, 1
S00, Trade, 4319548.343, 125, B02, S00, 1
S00, Trade, 4319558.593, 135, S00, B06, 1
S00, Trade, 4319566.693, 125, B03, S00, 1
S00, Trade, 4319569.793, 114, B08, S00, 1
S00, Trade, 4319578.293, 122, B09, S00, 1
S00, Trade, 4319586.143, 83, S00, B01, 1
S00, Trade, 4319599.593, 80, S00, B07, 1
S00, Trade, 4319600.993, 128, B05, S00, 1
S00, Trade, 4319612.693, 121, B09, S00, 1
S00, Trade, 4319620.343, 137, B05, S00, 1
S00, Trade, 4319629.543, 129, B01, S00, 1
S00, Trade, 4319638.293, 140, B06, S00, 1
S00, Trade, 4319643.593, 139, B06, S00, 1
S00, Trade, 4319652.843, 107, S00, B04, 1
S00, Trade, 4319654.293, 81, S00, B08, 1
S00, Trade, 4319658.243, 134, B05, S00, 1
S00, Trade, 4319664.343, 138, B06, S00, 1
S00, Trade, 4319667.443, 140, B06, S00, 1
S00, Trade, 4319675.693, 135, B09, S00, 1
S00, Trade, 4319684.943, 68, S00, B06, 1
S00, Trade, 4319686.643, 112, S00, B00, 1
S00, Trade, 4319705.443, 139, B04, S00, 1
S00, Trade, 4319709.543, 135, B07, S00, 1
S00, Trade, 4319713.443, 140, B04, S00, 1
S00, Trade, 4319718.893, 116, B02, S00, 1
S00, Trade, 4319725.393, 130, S00, B06, 1
S00, Trade, 4319732.393, 116, B07, S00, 1
S00, Trade, 4319739.043, 140, B05, S00, 1
S00, Trade, 4319742.643, 140, B07, S00, 1
S00, Trade, 4319752.943, 138, S00, B06, 1
S00, Trade, 4319755.293, 129, B07, S00, 1
S00, Trade, 4319760.593, 113, B01, S00, 1
S00, Trade, 4319761.793, 138, S00, B04, 1
S00, Trade, 4319767.743, 115, B01, S00, 1
S00, Trade, 4319773.543, 112, S00, B03, 1
S00, Trade, 4319791.843, 133, B07, S00, 1
S00, Trade, 4319799.093, 129, B09, S00, 1
S00, Trade, 4319803.843, 136, B07, S00, 1
S00, Trade, 4319810.093, 140, B04, S00, 1
S00, Trade, 4319820.293, 140, B08, S00, 1
S00, Trade, 4319823.393, 97, B00, S00, 1
S00, Trade, 4319834.343, 110, B09, S00, 1
S00, Trade, 4319840.193, 140, B06, S00, 1
S00, Trade, 4319844.543, 140, B04, S00, 1
S00, Trade, 4319849.993, 140, B09, S00, 1
S00, Trade, 4319853.093, 140, B04, S00, 1
S00, Trade, 4319859.743, 112, B08, S00, 1
S00, Trade, 4319865.643, 125, B07, S00, 1
S00, Trade, 4319870.993, 131, B05, S00, 1
S00, Trade, 4319876.093, 140, B06, S00, 1
S00, Trade, 4319880.043, 133, S00, B04, 1
S00, Trade, 4319886.493, 96, B03, S00, 1
S00, Trade, 4319889.393, 110, S00, B04, 1
S00, Trade, 4319898.643, 140, B06, S00, 1
S00, Trade, 4319900.543, 139, B02, S00, 1
S00, Trade, 4319909.843, 140, B06, S00, 1
S00, Trade, 4319917.443, 140, B04, S00, 1
S00, Trade, 4319925.643, 96, S00, B04, 1
S00, Trade, 4319931.643, 104, S00, B01, 1
S00, Trade, 4319939.443, 83, B02, S00, 1
S00, Trade, 4319942.293, 139, B07, S00, 1
S00, Trade, 4319949.343, 138, B08, S00, 1
S00, Trade, 4319953.593, 113, B02, S00, 1
S00, Trade, 4319961.293, 140, B06, S00, 1
S00, Trade, 4319966.543, 121, B08, S00, 1
S00, Trade, 4319971.493, 140, B05, S00, 1
S00, Trade, 4319972.543, 139, B07, S00, 1
S00, Trade, 4319979.543, 125, B03, S00, 1
S00, Trade, 4319988.893, 140, B05, S00, 1
S00, Trade, 4319991.893, 139, B04, S00, 1
S01, 100
S01, Trade, 4319413.543, 91, B03, S01, 1
S01, Trade, 4319417.793, 140, B07, S01, 1
S01, Trade, 4319424.743, 139, B05, S01, 1
S01, Trade, 4319426.993, 97, S01, B09, 1
S01, Trade, 4319430.593, 115, B07, S01, 1
S01, Trade, 4319437.743, 107, S01, B07, 1
S01, Trade, 4319442.143, 123, B08, S01, 1
S01, Trade, 4319448.343, 117, B02, S01, 1
S01, Trade, 4319457.943, 124, B07, S01, 1
S01, Trade, 4319465.143, 128, B05, S01, 1
S01, Trade, 4319467.743, 130, B09, S01, 1
S01, Trade, 4319476.793, 139, B04, S01, 1
S01, Trade, 4319482.543, 113, S01, B06, 1
S01, Trade, 4319489.243, 84, S01, B01, 1
S01, Trade, 4319494.243, 68, S01, B09, 1
S01, Trade, 4319503.093, 81, S01, B09, 1
S01, Trade, 4319505.993, 62, S01, B04, 1
S01, Trade, 4319509.893, 130, B08, S01, 1
S01, Trade, 4319515.893, 136, B04, S01, 1
S01, Trade, 4319522.543, 122, S01, B07, 1
S01, Trade, 4319526.543, 140, B04, S01, 1
S01, Trade, 4319527.593, 125, B09, S01, 1
S01, Trade, 4319536.093, 140, B04, S01, 1
S01, Trade, 4319539.543, 137, S01, B09, 1
S01, Trade, 4319545.693, 140, B04, S01, 1
S01, Trade, 4319554.093, 134, B09, S01, 1
S01, Trade, 4319554.943, 140, B08, S01, 1
S01, Trade, 4319564.743, 140, B04, S01, 1
S01, Trade, 4319565.943, 80, S01, B01, 1
S01, Trade, 4319571.793, 116, B02, S01, 1
S01, Trade, 4319575.843, 139, B04, S01, 1
S01, Trade, 4319583.993, 107, S01, B06, 1
S01, Trade, 4319589.143, 96, B02, S01, 1
S01, Trade, 4319596.493, 140, B05, S01, 1
S01, Trade, 4319602.943, 140, B06, S01, 1
S01, Trade, 4319615.993, 106, B02, S01, 1
S01, Trade, 4319628.843, 136, B02, S01, 1
S01, Trade, 4319631.393, 136, B08, S01, 1
S01, Trade, 4319638.593, 137, B05, S01, 1
S01, Trade, 4319644.493, 89, S01, B01, 1
S01, Trade, 4319654.193, 79, S01, B06, 1
S01, Trade, 4319662.293, 61, S01, B02, 1
S01, Trade, 4319667.943, 133, B09, S01, 1
S01, Trade, 4319680.993, 126, S01, B04, 1
S01, Trade, 4319683.843, 77, S01, B07, 1
S01, Trade, 4319689.093, 134, B09, S01, 1
S01, Trade, 4319690.193, 136, B07, S01, 1
S01, Trade, 4319695.393, 140, B05, S01, 1
S01, Trade, 4319703.393, 113, S01, B06, 1
S01, Trade, 4319705.493, 138, B09, S01, 1
S01, Trade, 4319720.593, 140, B06, S01, 1
S01, Trade, 4319723.393, 132, B05, S01, 1
S01, Trade, 4319727.393, 137, B09, S01, 1
S01, Trade, 4319731.243, 140, B04, S01, 1
S01, Trade, 4319742.293, 122, B02, S01, 1
S01, Trade, 4319749.293, 140, B06, S01, 1
S01, Trade, 4319755.643, 125, B03, S01, 1
S01, Trade, 4319758.293, 138, B09, S01, 1
S01, Trade, 4319767.043, 140, B06, S01, 1
S01, Trade, 4319771.393, 135, B09, S01, 1
S01, Trade, 4319775.293, 64, S01, B09, 1
S01, Trade, 4319781.643, 127, B00, S01, 1
S01, Trade, 4319784.093, 91, S01, B09, 1
S01, Trade, 4319792.843, 134, B02, S01, 1
S01, Trade, 4319801.693, 128, B05, S01, 1
S01, Trade, 4319804.543, 109, B02, S01, 1
S01, Trade, 4319816.293, 140, B09, S01, 1
S01, Trade, 4319822.593, 125, B09, S01, 1
S01, Trade, 4319829.243, 130, B05, S01, 1
S01, Trade, 4319837.693, 99, B01, S01, 1
S01, Trade, 4319842.343, 139, B04, S01, 1
S01, Trade, 4319846.243, 140, B06, S01, 1
S01, Trade, 4319852.843, 106, B01, S01, 1
S01, Trade, 4319858.143, 136, B09, S01, 1
S01, Trade, 4319866.943, 115, B09, S01, 1
S01, Trade, 4319867.743, 82, S01, B01, 1
S01, Trade, 4319871.643, 119, B08, S01, 1
S01, Trade, 4319876.543, 138, B04, S01, 1
S01, Trade, 4319881.193, 81, B00, S01, 1
S01, Trade, 4319886.143, 139, B06, S01, 1
S01, Trade, 4319889.293, 68, S01, B00, 1
S01, Trade, 4319896.643, 139, B04, S01, 1
S01, Trade, 4319902.393, 128, B09, S01, 1
S01, Trade, 4319907.893, 121, B08, S01, 1
S01, Trade, 4319912.843, 140, B05, S01, 1
S01, Trade, 4319916.743, 122, S01, B03, 1
S01, Trade, 4319920.693, 128, B09, S01, 1
S01, Trade, 4319928.243, 114, B07, S01, 1
S01, Trade, 4319931.943, 104, B09, S01, 1
S01, Trade, 4319940.743, 139, B05, S01, 1
S01, Trade, 4319943.243, 88, S01, B00, 1
S01, Trade, 4319947.643, 125, B07, S01, 1
S01, Trade, 4319951.793, 70, B03, S01, 1
S01, Trade, 4319959.143, 78, S01, B06, 1
S01, Trade, 4319961.743, 131, B09, S01, 1
S01, Trade, 4319973.593, 135, B05, S01, 1
S01, Trade, 4319978.043, 139, B06, S01, 1
S01, Trade, 4319980.793, 140, B09, S01, 1
S01, Trade, 4319985.643, 140, B04, S01, 1
S01, Trade, 4319996.393, 140, B02, S01, 1
S02, 100
S02, Trade, 4319453.693, 68, B05, S02, 1
S02, Trade, 4319457.443, 140, B06, S02, 1
S02, Trade, 4319465.543, 113, B01, S02, 1
S02, Trade, 4319473.443, 140, B05, S02, 1
S02, Trade, 4319478.243, 135, B09, S02, 1
S02, Trade, 4319483.043, 96, B08, S02, 1
S02, Trade, 4319490.443, 60, S02, B09, 1
S02, Trade, 4319494.443, 140, B04, S02, 1
S02, Trade, 4319500.843, 140, B07, S02, 1
S02, Trade, 4319503.593, 112, B08, S02, 1
S02, Trade, 4319506.443, 64, S02, B00, 1
S02, Trade, 4319514.193, 139, B06, S02, 1
S02, Trade, 4319520.443, 126, B05, S02, 1
S02, Trade, 4319522.293, 64, B02, S02, 1
S02, Trade, 4319531.593, 133, B07, S02, 1
S02, Trade, 4319535.193, 132, B07, S02, 1
S02, Trade, 4319543.743, 121, B05, S02, 1
S02, Trade, 4319551.143, 140, B04, S02, 1
S02, Trade, 4319553.143, 140, B04, S02, 1
S02, Trade, 4319561.443, 126, B08, S02, 1
S02, Trade, 4319567.293, 77, B05, S02, 1
S02, Trade, 4319569.393, 132, B09, S02, 1
S02, Trade, 4319577.143, 130, B05, S02, 1
S02, Trade, 4319580.143, 102, B00, S02, 1
S02, Trade, 4319582.943, 99, B02, S02, 1
S02, Trade, 4319590.393, 68, S02, B08, 1
S02, Trade, 4319597.693, 100, B09, S02, 1
S02, Trade, 4319599.043, 72, B03, S02, 1
S02, Trade, 4319606.593, 133, B09, S02, 1
S02, Trade, 4319611.493, 138, B06, S02, 1
S02, Trade, 4319617.843, 135, B09, S02, 1
S02, Trade, 4319626.343, 140, B04, S02, 1
S02, Trade, 4319632.793, 140, B06, S02, 1
S02, Trade, 4319638.543, 137, B07, S02, 1
S02, Trade, 4319642.193, 132, B05, S02, 1
S02, Trade, 4319647.393, 140, B04, S02, 1
S02, Trade, 4319652.393, 111, B00, S02, 1
S02, Trade, 4319656.743, 140, B06, S02, 1
S02, Trade, 4319659.443, 139, B04, S02, 1
S02, Trade, 4319666.543, 133, B05, S02, 1
S02, Trade, 4319670.693, 140, B04, S02, 1
S02, Trade, 4319675.893, 96, B00, S02, 1
S02, Trade, 4319680.943, 68, S02, B09, 1
S02, Trade, 4319690.743, 112, B05, S02, 1
S02, Trade, 4319693.043, 130, B07, S02, 1
S02, Trade, 4319697.893, 140, B04, S02, 1
S02, Trade, 4319703.193, 112, B00, S02, 1
S02, Trade, 4319710.393, 120, B02, S02, 1
S02, Trade, 4319711.393, 133, B08, S02, 1
S02, Trade, 4319718.843, 131, B09, S02, 1
S02, Trade, 4319727.793, 137, B05, S02, 1
S02, Trade, 4319734.443, 96, B03, S02, 1
S02, Trade, 4319741.593, 140, B06, S02, 1
S02, Trade, 4319745.893, 76, B03, S02, 1
S02, Trade, 4319755.193, 139, B04, S02, 1
S02, Trade, 4319760.893, 91, B05, S02, 1
S02, Trade, 4319763.543, 139, B06, S02, 1
S02, Trade, 4319770.493, 123, B08, S02, 1
S02, Trade, 4319771.993, 102, B02, S02, 1
S02, Trade, 4319778.043, 139, B09, S02, 1
S02, Trade, 4319786.493, 137, B04, S02, 1
S02, Trade, 4319790.443, 137, B09, S02, 1
S02, Trade, 4319794.143, 140, B07, S02, 1
S02, Trade, 4319799.593, 105, B07, S02, 1
S02, Trade, 4319807.943, 97, B05, S02, 1
S02, Trade, 4319812.343, 76, B02, S02, 1
S02, Trade, 4319824.593, 140, B05, S02, 1
S02, Trade, 4319829.093, 132, B09, S02, 1
S02, Trade, 4319833.743, 139, B05, S02, 1
S02, Trade, 4319834.193, 140, B07, S02, 1
S02, Trade, 4319842.893, 88, B00, S02, 1
S02, Trade, 4319848.743, 140, B07, S02, 1
S02, Trade, 4319851.043, 140, B05, S02, 1
S02, Trade, 4319856.793, 127, B02, S02, 1
S02, Trade, 4319861.293, 115, B02, S02, 1
S02, Trade, 4319865.593, 138, B06, S02, 1
S02, Trade, 4319873.143, 87, B01, S02, 1
S02, Trade, 4319878.393, 63, S02, B02, 1
S02, Trade, 4319882.143, 60, S02, B06, 1
S02, Trade, 4319889.793, 62, S02, B02, 1
S02, Trade, 4319897.243, 118, B01, S02, 1
S02, Trade, 4319904.893, 71, S02, B02, 1
S02, Trade, 4319906.693, 140, B06, S02, 1
S02, Trade, 4319910.493, 140, B04, S02, 1
S02, Trade, 4319915.643, 140, B06, S02, 1
S02, Trade, 4319922.593, 131, B08, S02, 1
S02, Trade, 4319925.093, 100, B03, S02, 1
S02, Trade, 4319933.893, 138, B06, S02, 1
S02, Trade, 4319939.393, 89, B00, S02, 1
S02, Trade, 4319941.693, 138, B06, S02, 1
S02, Trade, 4319948.143, 91, B03, S02, 1
S02, Trade, 4319954.043, 112, B00, S02, 1
S02, Trade, 4319959.843, 103, B03, S02, 1
S02, Trade, 4319965.593, 112, B05, S02, 1
S02, Trade, 4319967.343, 83, B08, S02, 1
S02, Trade, 4319975.043, 139, B06, S02, 1
S02, Trade, 4319981.893, 114, B02, S02, 1
S02, Trade, 4319983.543, 109, B01, S02, 1
S02, Trade, 4319994.343, 140, B04, S02, 1
S02, Trade, 4319996.493, 128, B09, S02, 1
S03, 100
S03, Trade, 4319454.093, 132, B08, S03, 1
S03, Trade, 4319458.543, 119, B08, S03, 1
S03, Trade, 4319466.243, 77, B03, S03, 1
S03, Trade, 4319470.693, 136, B08, S03, 1
S03, Trade, 4319480.793, 139, B07, S03, 1
S03, Trade, 4319484.093, 129, B09, S03, 1
S03, Trade, 4319487.943, 60, S03, B03, 1
S03, Trade, 4319495.993, 135, B09, S03, 1
S03, Trade, 4319501.543, 100, B03, S03, 1
S03, Trade, 4319508.843, 140, B05, S03, 1
S03, Trade, 4319512.443, 80, B02, S03, 1
S03, Trade, 4319517.493, 136, B09, S03, 1
S03, Trade, 4319523.693, 63, S03, B01, 1
S03, Trade, 4319530.593, 110, B03, S03, 1
S03, Trade, 4319536.643, 65, B01, S03, 1
S03, Trade, 4319537.443, 60, S03, B02, 1
S03, Trade, 4319547.193, 126, B08, S03, 1
S03, Trade, 4319548.943, 136, B06, S03, 1
S03, Trade, 4319555.043, 140, B09, S03, 1
S03, Trade, 4319557.843, 140, B05, S03, 1
S03, Trade, 4319566.593, 139, B08, S03, 1
S03, Trade, 4319573.093, 140, B04, S03, 1
S03, Trade, 4319574.893, 121, B02, S03, 1
S03, Trade, 4319580.943, 138, B07, S03, 1
S03, Trade, 4319585.093, 82, B05, S03, 1
S03, Trade, 4319589.393, 80, B03, S03, 1
S03, Trade, 4319594.593, 68, S03, B09, 1
S03, Trade, 4319604.593, 140, B08, S03, 1
S03, Trade, 4319608.443, 136, B04, S03, 1
S03, Trade, 4319609.443, 130, B07, S03, 1
S03, Trade, 4319615.643, 135, B00, S03, 1
S03, Trade, 4319619.143, 61, S03, B04, 1
S03, Trade, 4319624.243, 140, B09, S03, 1
S03, Trade, 4319633.043, 136, B05, S03, 1
S03, Trade, 4319635.693, 121, B08, S03, 1
S03, Trade, 4319640.693, 139, B09, S03, 1
S03, Trade, 4319649.293, 125, B09, S03, 1
S03, Trade, 4319652.893, 99, B05, S03, 1
S03, Trade, 4319659.593, 93, B03, S03, 1
S03, Trade, 4319662.593, 111, B03, S03, 1
S03, Trade, 4319670.043, 140, B04, S03, 1
S03, Trade, 4319673.793, 109, B01, S03, 1
S03, Trade, 4319676.643, 66, B02, S03, 1
S03, Trade, 4319681.943, 112, B02, S03, 1
S03, Trade, 4319689.293, 117, B08, S03, 1
S03, Trade, 4319692.943, 140, B06, S03, 1
S03, Trade, 4319699.843, 111, B00, S03, 1
S03, Trade, 4319702.993, 104, B02, S03, 1
S03, Trade, 4319709.493, 139, B04, S03, 1
S03, Trade, 4319714.243, 103, B03, S03, 1
S03, Trade, 4319716.093, 133, B07, S03, 1
S03, Trade, 4319722.243, 110, B01, S03, 1
S03, Trade, 4319729.043, 115, B02, S03, 1
S03, Trade, 4319733.543, 130, B04, S03, 1
S03, Trade, 4319739.793, 134, B07, S03, 1
S03, Trade, 4319744.693, 140, B04, S03, 1
S03, Trade, 4319748.443, 140, B07, S03, 1
S03, Trade, 4319754.893, 140, B05, S03, 1
S03, Trade, 4319759.693, 140, B06, S03, 1
S03, Trade, 4319765.393, 138, B09, S03, 1
S03, Trade, 4319768.393, 136, B07, S03, 1
S03, Trade, 4319777.743, 60, S03, B08, 1
S03, Trade, 4319784.393, 62, S03, B06, 1
S03, Trade, 4319790.943, 119, B08, S03, 1
S03, Trade, 4319795.743, 137, B06, S03, 1
S03, Trade, 4319802.743, 133, B02, S03, 1
S03, Trade, 4319804.043, 81, B01, S03, 1
S03, Trade, 4319807.043, 98, B05, S03, 1
S03, Trade, 4319817.193, 140, B05, S03, 1
S03, Trade, 4319821.843, 130, B05, S03, 1
S03, Trade, 4319826.393, 140, B04, S03, 1
S03, Trade, 4319828.043, 140, B04, S03, 1
S03, Trade, 4319835.193, 65, B01, S03, 1
S03, Trade, 4319839.843, 140, B05, S03, 1
S03, Trade, 4319845.893, 140, B05, S03, 1
S03, Trade, 4319850.343, 140, B06, S03, 1
S03, Trade, 4319855.493, 140, B07, S03, 1
S03, Trade, 4319858.943, 91, B00, S03, 1
S03, Trade, 4319865.043, 88, B00, S03, 1
S03, Trade, 4319874.193, 140, B06, S03, 1
S03, Trade, 4319877.243, 138, B07, S03, 1
S03, Trade, 4319884.343, 63, S03, B02, 1
S03, Trade, 4319888.143, 129, B01, S03, 1
S03, Trade, 4319896.143, 139, B07, S03, 1
S03, Trade, 4319900.443, 140, B05, S03, 1
S03, Trade, 4319907.243, 140, B09, S03, 1
S03, Trade, 4319914.043, 119, B02, S03, 1
S03, Trade, 4319923.043, 115, B09, S03, 1
S03, Trade, 4319924.393, 101, B05, S03, 1
S03, Trade, 4319933.243, 140, B04, S03, 1
S03, Trade, 4319938.693, 128, B05, S03, 1
S03, Trade, 4319945.443, 62, S03, B09, 1
S03, Trade, 4319949.593, 119, B01, S03, 1
S03, Trade, 4319952.893, 62, S03, B08, 1
S03, Trade, 4319962.393, 122, B07, S03, 1
S03, Trade, 4319968.093, 122, B07, S03, 1
S03, Trade, 4319971.693, 138, B04, S03, 1
S03, Trade, 4319979.293, 130, B00, S03, 1
S03, Trade, 4319985.243, 110, B07, S03, 1
S03, Trade, 4319990.643, 139, B05, S03, 1
S04, 100
S04, Trade, 4319463.593, 139, B04, S04, 1
S04, Trade, 4319470.193, 133, B05, S04, 1
S04, Trade, 4319471.843, 129, B09, S04, 1
S04, Trade, 4319479.943, 61, S04, B01, 1
S04, Trade, 4319484.393, 94, B00, S04, 1
S04, Trade, 4319490.043, 64, S04, B06, 1
S04, Trade, 4319493.843, 60, S04, B07, 1
S04, Trade, 4319498.393, 140, B05, S04, 1
S04, Trade, 4319504.893, 81, B05, S04, 1
S04, Trade, 4319509.393, 140, B04, S04, 1
S04, Trade, 4319513.693, 140, B05, S04, 1
S04, Trade, 4319517.443, 139, B08, S04, 1
S04, Trade, 4319521.343, 132, B08, S04, 1
S04, Trade, 4319530.143, 99, B05, S04, 1
S04, Trade, 4319536.443, 102, B08, S04, 1
S04, Trade, 4319541.193, 140, B06, S04, 1
S04, Trade, 4319545.943, 118, B03, S04, 1
S04, Trade, 4319548.493, 110, B07, S04, 1
S04, Trade, 4319555.143, 131, B03, S04, 1
S04, Trade, 4319559.243, 130, B09, S04, 1
S04, Trade, 4319563.543, 93, B00, S04, 1
S04, Trade, 4319570.893, 129, B09, S04, 1
S04, Trade, 4319574.093, 136, B06, S04, 1
S04, Trade, 4319584.493, 107, B03, S04, 1
S04, Trade, 4319587.443, 110, B00, S04, 1
S04, Trade, 4319593.643, 66, S04, B04, 1
S04, Trade, 4319597.643, 109, B02, S04, 1
S04, Trade, 4319606.993, 85, B01, S04, 1
S04, Trade, 4319613.493, 107, B01, S04, 1
S04, Trade, 4319620.793, 137, B07, S04, 1
S04, Trade, 4319624.543, 135, B05, S04, 1
S04, Trade, 4319628.893, 135, B07, S04, 1
S04, Trade, 4319643.943, 125, B08, S04, 1
S04, Trade, 4319653.143, 109, B01, S04, 1
S04, Trade, 4319658.843, 98, B02, S04, 1
S04, Trade, 4319663.843, 71, S04, B07, 1
S04, Trade, 4319668.843, 117, B02, S04, 1
S04, Trade, 4319672.743, 137, B06, S04, 1
S04, Trade, 4319679.393, 120, B01, S04, 1
S04, Trade, 4319683.693, 67, B05, S04, 1
S04, Trade, 4319687.243, 109, B02, S04, 1
S04, Trade, 4319693.443, 113, B03, S04, 1
S04, Trade, 4319698.843, 63, S04, B06, 1
S04, Trade, 4319703.343, 84, B03, S04, 1
S04, Trade, 4319708.693, 140, B06, S04, 1
S04, Trade, 4319711.543, 132, B01, S04, 1
S04, Trade, 4319718.493, 137, B07, S04, 1
S04, Trade, 4319720.843, 139, B08, S04, 1
S04, Trade, 4319727.993, 135, B07, S04, 1
S04, Trade, 4319735.343, 113, B09, S04, 1
S04, Trade, 4319741.893, 125, B05, S04, 1
S04, Trade, 4319746.093, 69, S04, B02, 1
S04, Trade, 4319748.493, 117, B08, S04, 1
S04, Trade, 4319755.143, 139, B09, S04, 1
S04, Trade, 4319759.893, 110, B00, S04, 1
S04, Trade, 4319766.593, 132, B08, S04, 1
S04, Trade, 4319769.793, 100, B05, S04, 1
S04, Trade, 4319775.643, 139, B06, S04, 1
S04, Trade, 4319779.643, 139, B06, S04, 1
S04, Trade, 4319786.993, 135, B08, S04, 1
S04, Trade, 4319789.293, 139, B07, S04, 1
S04, Trade, 4319795.493, 130, B02, S04, 1
S04, Trade, 4319797.693, 140, B04, S04, 1
S04, Trade, 4319806.343, 138, B04, S04, 1
S04, Trade, 4319809.043, 77, B03, S04, 1
S04, Trade, 4319813.043, 73, B03, S04, 1
S04, Trade, 4319818.293, 134, B02, S04, 1
S04, Trade, 4319824.943, 139, B06, S04, 1
S04, Trade, 4319830.193, 97, B03, S04, 1
S04, Trade, 4319836.943, 112, B00, S04, 1
S04, Trade, 4319842.443, 136, B02, S04, 1
S04, Trade, 4319843.943, 140, B06, S04, 1
S04, Trade, 4319848.093, 105, B00, S04, 1
S04, Trade, 4319859.143, 89, B07, S04, 1
S04, Trade, 4319862.843, 140, B05, S04, 1
S04, Trade, 4319867.143, 114, B08, S04, 1
S04, Trade, 4319872.493, 96, B03, S04, 1
S04, Trade, 4319879.243, 90, B03, S04, 1
S04, Trade, 4319883.943, 60, S04, B07, 1
S04, Trade, 4319888.093, 130, B05, S04, 1
S04, Trade, 4319891.543, 140, B06, S04, 1
S04, Trade, 4319899.243, 92, B00, S04, 1
S04, Trade, 4319901.743, 83, B03, S04, 1
S04, Trade, 4319905.743, 102, B03, S04, 1
S04, Trade, 4319915.743, 139, B08, S04, 1
S04, Trade, 4319922.543, 140, B07, S04, 1
S04, Trade, 4319928.693, 136, B04, S04, 1
S04, Trade, 4319936.393, 140, B06, S04, 1
S04, Trade, 4319944.743, 123, B08, S04, 1
S04, Trade, 4319948.043, 114, B02, S04, 1
S04, Trade, 4319955.393, 140, B04, S04, 1
S04, Trade, 4319957.393, 65, B05, S04, 1
S04, Trade, 4319963.243, 138, B04, S04, 1
S04, Trade, 4319968.293, 86, B00, S04, 1
S04, Trade, 4319975.593, 140, B09, S04, 1
S04, Trade, 4319978.793, 140, B09, S04, 1
S04, Trade, 4319981.743, 132, B05, S04, 1
S04, Trade, 4319992.443, 138, B06, S04, 1
S04, Trade, 4319993.943, 140, B05, S04, 1
S04, Trade, 4319999.643, 140, B05, S04, 1
S05, 100
S05, Trade, 4318004.693, 114, S05, B04, 1
S05, Trade, 4318010.643, 63, S05, B06, 1
S05, Trade, 4318049.843, 131, S05, B04, 1
S05, Trade, 4318056.993, 66, S05, B03, 1
S05, Trade, 4318089.993, 140, S05, B04, 1
S05, Trade, 4318094.193, 69, S05, B09, 1
S05, Trade, 4318097.543, 131, S05, B09, 1
S05, Trade, 4318117.693, 100, S05, B01, 1
S05, Trade, 4318122.193, 140, B04, S05, 1
S05, Trade, 4318125.543, 115, S05, B08, 1
S05, Trade, 4318175.843, 133, S05, B09, 1
S05, Trade, 4318177.593, 60, S05, B01, 1
S05, Trade, 4318201.493, 138, S05, B04, 1
S05, Trade, 4318235.293, 140, S05, B07, 1
S05, Trade, 4318238.393, 67, S05, B08, 1
S05, Trade, 4318256.443, 123, S05, B06, 1
S05, Trade, 4318263.493, 60, S05, B06, 1
S05, Trade, 4318265.443, 61, S05, B01, 1
S05, Trade, 4318273.243, 97, S05, B00, 1
S05, Trade, 4318275.793, 60, S05, B04, 1
S05, Trade, 4318286.643, 92, S05, B02, 1
S05, Trade, 4318295.643, 120, S05, B04, 1
S05, Trade, 4318316.043, 138, S05, B06, 1
S05, Trade, 4318327.693, 127, S05, B04, 1
S05, Trade, 4318336.343, 63, S05, B03, 1
S05, Trade, 4318391.993, 126, S05, B06, 1
S05, Trade, 4318439.093, 116, S05, B07, 1
S05, Trade, 4318444.743, 130, S05, B06, 1
S05, Trade, 4318481.543, 69, S05, B08, 1
S05, Trade, 4318490.443, 92, S05, B07, 1
S05, Trade, 4318537.993, 75, S05, B02, 1
S05, Trade, 4318568.143, 132, S05, B04, 1
S05, Trade, 4318583.593, 80, S05, B06, 1
S05, Trade, 4318625.293, 104, S05, B03, 1
S05, Trade, 4318682.943, 125, S05, B06, 1
S05, Trade, 4318719.093, 135, B02, S05, 1
S05, Trade, 4318725.043, 105, S05, B07, 1
S05, Trade, 4318762.993, 137, S05, B06, 1
S05, Trade, 4318811.893, 65, S05, B04, 1
S05, Trade, 4318818.543, 109, S05, B08, 1
S05, Trade, 4318824.343, 62, S05, B01, 1
S05, Trade, 4318830.743, 133, S05, B09, 1
S05, Trade, 4318837.243, 60, S05, B02, 1
S05, Trade, 4318839.393, 60, S05, B04, 1
S05, Trade, 4318847.893, 138, B05, S05, 1
S05, Trade, 4318883.043, 104, S05, B06, 1
S05, Trade, 4318925.343, 140, S05, B06, 1
S05, Trade, 4319027.343, 135, S05, B02, 1
S05, Trade, 4319030.893, 60, S05, B02, 1
S05, Trade, 4319036.743, 98, S05, B08, 1
S05, Trade, 4319069.643, 139, S05, B06, 1
S05, Trade, 4319076.743, 118, S05, B06, 1
S05, Trade, 4319113.543, 81, S05, B08, 1
S05, Trade, 4319135.343, 61, S05, B09, 1
S05, Trade, 4319141.493, 60, S05, B03, 1
S05, Trade, 4319156.143, 60, S05, B01, 1
S05, Trade, 4319190.693, 140, S05, B06, 1
S05, Trade, 4319194.443, 125, S05, B07, 1
S05, Trade, 4319215.193, 133, S05, B09, 1
S05, Trade, 4319258.043, 124, S05, B09, 1
S05, Trade, 4319304.593, 60, S05, B03, 1
S05, Trade, 4319305.643, 61, S05, B09, 1
S05, Trade, 4319346.143, 79, S05, B07, 1
S05, Trade, 4319373.693, 136, B09, S05, 1
S05, Trade, 4319401.943, 138, S05, B06, 1
S05, Trade, 4319405.943, 126, S05, B04, 1
S05, Trade, 4319414.343, 114, S05, B07, 1
S05, Trade, 4319417.093, 84, S05, B08, 1
S05, Trade, 4319429.343, 140, B06, S05, 1
S05, Trade, 4319438.343, 138, S05, B04, 1
S05, Trade, 4319461.893, 140, S05, B06, 1
S05, Trade, 4319475.843, 140, B06, S05, 1
S05, Trade, 4319479.743, 60, S05, B02, 1
S05, Trade, 4319485.843, 121, S05, B04, 1
S05, Trade, 4319495.743, 136, S05, B06, 1
S05, Trade, 4319504.193, 121, S05, B00, 1
S05, Trade, 4319520.043, 130, S05, B06, 1
S05, Trade, 4319529.143, 107, S05, B06, 1
S05, Trade, 4319571.543, 127, B01, S05, 1
S05, Trade, 4319583.543, 115, S05, B09, 1
S05, Trade, 4319592.693, 70, S05, B06, 1
S05, Trade, 4319606.443, 140, S05, B06, 1
S05, Trade, 4319616.143, 138, S05, B06, 1
S05, Trade, 4319652.293, 127, S05, B09, 1
S05, Trade, 4319660.393, 126, S05, B09, 1
S05, Trade, 4319679.793, 123, S05, B04, 1
S05, Trade, 4319683.793, 76, S05, B09, 1
S05, Trade, 4319773.293, 111, S05, B07, 1
S05, Trade, 4319781.443, 136, B04, S05, 1
S05, Trade, 4319809.493, 136, S05, B06, 1
S05, Trade, 4319813.093, 128, S05, B06, 1
S05, Trade, 4319837.143, 132, S05, B07, 1
S05, Trade, 4319864.993, 138, S05, B04, 1
S05, Trade, 4319881.643, 117, S05, B07, 1
S05, Trade, 4319903.243, 117, S05, B07, 1
S05, Trade, 4319929.143, 140, S05, B06, 1
S05, Trade, 4319952.593, 61, S05, B06, 1
S05, Trade, 4319957.643, 72, S05, B01, 1
S05, Trade, 4319960.743, 60, S05, B08, 1
S05, Trade, 4319980.043, 137, S05, B07, 1
S06, 100
S06, Trade, 4319470.093, 140, B04, S06, 1
S06, Trade, 4319471.943, 127, B02, S06, 1
S06, Trade, 4319477.493, 75, B03, S06, 1
S06, Trade, 4319485.743, 115, B02, S06, 1
S06, Trade, 4319488.693, 61, S06, B02, 1
S06, Trade, 4319491.343, 85, B00, S06, 1
S06, Trade, 4319496.243, 88, B08, S06, 1
S06, Trade, 4319503.393, 113, B01, S06, 1
S06, Trade, 4319511.693, 118, B00, S06, 1
S06, Trade, 4319516.143, 75, B01, S06, 1
S06, Trade, 4319521.993, 92, B01, S06, 1
S06, Trade, 4319525.743, 140, B04, S06, 1
S06, Trade, 4319528.293, 104, B08, S06, 1
S06, Trade, 4319536.543, 94, B00, S06, 1
S06, Trade, 4319542.143, 140, B04, S06, 1
S06, Trade, 4319543.693, 129, B09, S06, 1
S06, Trade, 4319549.743, 75, B00, S06, 1
S06, Trade, 4319553.043, 140, B05, S06, 1
S06, Trade, 4319561.493, 87, B03, S06, 1
S06, Trade, 4319563.193, 132, B07, S06, 1
S06, Trade, 4319569.943, 100, B03, S06, 1
S06, Trade, 4319574.793, 136, B07, S06, 1
S06, Trade, 4319580.893, 140, B06, S06, 1
S06, Trade, 4319587.143, 139, B04, S06, 1
S06, Trade, 4319591.143, 63, S06, B04, 1
S06, Trade, 4319597.393, 137, B06, S06, 1
S06, Trade, 4319604.393, 123, B09, S06, 1
S06, Trade, 4319606.143, 140, B05, S06, 1
S06, Trade, 4319611.143, 114, B02, S06, 1
S06, Trade, 4319616.493, 134, B08, S06, 1
S06, Trade, 4319622.293, 129, B08, S06, 1
S06, Trade, 4319627.693, 104, B05, S06, 1
S06, Trade, 4319633.143, 139, B04, S06, 1
S06, Trade, 4319638.993, 140, B04, S06, 1
S06, Trade, 4319639.393, 129, B09, S06, 1
S06, Trade, 4319646.343, 140, B05, S06, 1
S06, Trade, 4319650.093, 113, B00, S06, 1
S06, Trade, 4319657.743, 139, B07, S06, 1
S06, Trade, 4319667.893, 134, B03, S06, 1
S06, Trade, 4319673.693, 140, B07, S06, 1
S06, Trade, 4319678.393, 139, B06, S06, 1
S06, Trade, 4319680.893, 60, S06, B08, 1
S06, Trade, 4319685.893, 139, B06, S06, 1
S06, Trade, 4319695.493, 135, B02, S06, 1
S06, Trade, 4319699.093, 133, B08, S06, 1
S06, Trade, 4319701.393, 73, B05, S06, 1
S06, Trade, 4319709.243, 140, B05, S06, 1
S06, Trade, 4319713.493, 140, B06, S06, 1
S06, Trade, 4319724.243, 140, B04, S06, 1
S06, Trade, 4319730.243, 128, B07, S06, 1
S06, Trade, 4319736.093, 139, B06, S06, 1
S06, Trade, 4319743.743, 137, B09, S06, 1
S06, Trade, 4319747.543, 140, B06, S06, 1
S06, Trade, 4319751.443, 140, B05, S06, 1
S06, Trade, 4319760.043, 107, B08, S06, 1
S06, Trade, 4319765.343, 140, B05, S06, 1
S06, Trade, 4319767.193, 140, B04, S06, 1
S06, Trade, 4319773.843, 73, B05, S06, 1
S06, Trade, 4319782.743, 129, B05, S06, 1
S06, Trade, 4319785.393, 68, S06, B02, 1
S06, Trade, 4319790.293, 139, B04, S06, 1
S06, Trade, 4319794.693, 99, B05, S06, 1
S06, Trade, 4319799.293, 105, B03, S06, 1
S06, Trade, 4319803.943, 112, B08, S06, 1
S06, Trade, 4319808.743, 78, B08, S06, 1
S06, Trade, 4319818.893, 133, B07, S06, 1
S06, Trade, 4319822.443, 126, B02, S06, 1
S06, Trade, 4319832.543, 139, B09, S06, 1
S06, Trade, 4319837.743, 94, B03, S06, 1
S06, Trade, 4319839.643, 140, B04, S06, 1
S06, Trade, 4319847.243, 101, B03, S06, 1
S06, Trade, 4319852.543, 140, B04, S06, 1
S06, Trade, 4319854.693, 140, B06, S06, 1
S06, Trade, 4319866.043, 100, B03, S06, 1
S06, Trade, 4319870.693, 137, B07, S06, 1
S06, Trade, 4319875.593, 121, B09, S06, 1
S06, Trade, 4319882.693, 74, S06, B09, 1
S06, Trade, 4319885.343, 116, B08, S06, 1
S06, Trade, 4319893.293, 60, S06, B03, 1
S06, Trade, 4319897.193, 139, B07, S06, 1
S06, Trade, 4319902.893, 63, S06, B01, 1
S06, Trade, 4319904.443, 60, S06, B04, 1
S06, Trade, 4319911.643, 140, B06, S06, 1
S06, Trade, 4319916.643, 105, B05, S06, 1
S06, Trade, 4319923.493, 140, B06, S06, 1
S06, Trade, 4319929.493, 133, B08, S06, 1
S06, Trade, 4319931.143, 132, B09, S06, 1
S06, Trade, 4319939.193, 127, B01, S06, 1
S06, Trade, 4319940.243, 140, B04, S06, 1
S06, Trade, 4319945.893, 139, B04, S06, 1
S06, Trade, 4319954.593, 99, B05, S06, 1
S06, Trade, 4319958.493, 62, B02, S06, 1
S06, Trade, 4319963.943, 64, S06, B03, 1
S06, Trade, 4319966.393, 139, B06, S06, 1
S06, Trade, 4319973.943, 134, B08, S06, 1
S06, Trade, 4319979.243, 137, B02, S06, 1
S06, Trade, 4319983.243, 140, B06, S06, 1
S06, Trade, 4319987.943, 133, B07, S06, 1
S06, Trade, 4319992.593, 136, B09, S06, 1
S06, Trade, 4319999.943, 133, B07, S06, 1
S07, 100
S07, Trade, 4317799.643, 139, B02, S07, 1
S07, Trade, 4317800.543, 108, S07, B07, 1
S07, Trade, 4317814.743, 81, S07, B06, 1
S07, Trade, 4317826.793, 139, B02, S07, 1
S07, Trade, 4317919.993, 140, B06, S07, 1
S07, Trade, 4317927.743, 140, B07, S07, 1
S07, Trade, 4317933.143, 137, B02, S07, 1
S07, Trade, 4317988.993, 122, B09, S07, 1
S07, Trade, 4317997.043, 107, S07, B06, 1
S07, Trade, 4318008.343, 97, B01, S07, 1
S07, Trade, 4318017.393, 139, B06, S07, 1
S07, Trade, 4318038.943, 139, B02, S07, 1
S07, Trade, 4318075.393, 95, B08, S07, 1
S07, Trade, 4318081.693, 120, B02, S07, 1
S07, Trade, 4318090.243, 134, B07, S07, 1
S07, Trade, 4318098.193, 125, B02, S07, 1
S07, Trade, 4318121.793, 139, B02, S07, 1
S07, Trade, 4318153.693, 139, B06, S07, 1
S07, Trade, 4318182.993, 138, B04, S07, 1
S07, Trade, 4318201.243, 135, B07, S07, 1
S07, Trade, 4318205.943, 138, B08, S07, 1
S07, Trade, 4318219.293, 122, B05, S07, 1
S07, Trade, 4318226.643, 139, B04, S07, 1
S07, Trade, 4318235.693, 111, S07, B04, 1
S07, Trade, 4318246.443, 129, S07, B04, 1
S07, Trade, 4318256.293, 120, S07, B09, 1
S07, Trade, 4318273.393, 100, S07, B02, 1
S07, Trade, 4318282.943, 123, S07, B06, 1
S07, Trade, 4318290.343, 113, B02, S07, 1
S07, Trade, 4318332.243, 140, B05, S07, 1
S07, Trade, 4318375.843, 122, B08, S07, 1
S07, Trade, 4318389.943, 136, B06, S07, 1
S07, Trade, 4318392.593, 127, S07, B02, 1
S07, Trade, 4318406.643, 135, B07, S07, 1
S07, Trade, 4318408.143, 140, B06, S07, 1
S07, Trade, 4318437.493, 117, B05, S07, 1
S07, Trade, 4318442.793, 102, B02, S07, 1
S07, Trade, 4318461.393, 94, S07, B08, 1
S07, Trade, 4318517.343, 140, B06, S07, 1
S07, Trade, 4318536.143, 118, B00, S07, 1
S07, Trade, 4318561.093, 137, B09, S07, 1
S07, Trade, 4318605.093, 84, B03, S07, 1
S07, Trade, 4318611.993, 139, B04, S07, 1
S07, Trade, 4318628.943, 136, S07, B07, 1
S07, Trade, 4318662.743, 138, B09, S07, 1
S07, Trade, 4318725.343, 107, S07, B00, 1
S07, Trade, 4318733.293, 109, B02, S07, 1
S07, Trade, 4318746.493, 133, B09, S07, 1
S07, Trade, 4318783.643, 96, S07, B08, 1
S07, Trade, 4318806.093, 139, B04, S07, 1
S07, Trade, 4318816.243, 127, B09, S07, 1
S07, Trade, 4318821.843, 122, S07, B06, 1
S07, Trade, 4318832.693, 134, B07, S07, 1
S07, Trade, 4318857.443, 137, B02, S07, 1
S07, Trade, 4318902.193, 140, B05, S07, 1
S07, Trade, 4318952.643, 137, B06, S07, 1
S07, Trade, 4318958.693, 128, B00, S07, 1
S07, Trade, 4318984.593, 133, B09, S07, 1
S07, Trade, 4319044.893, 139, B04, S07, 1
S07, Trade, 4319096.993, 140, B06, S07, 1
S07, Trade, 4319148.243, 129, S07, B04, 1
S07, Trade, 4319168.193, 89, B03, S07, 1
S07, Trade, 4319200.543, 139, B09, S07, 1
S07, Trade, 4319221.993, 124, B08, S07, 1
S07, Trade, 4319242.093, 137, B09, S07, 1
S07, Trade, 4319259.443, 140, B04, S07, 1
S07, Trade, 4319289.543, 124, S07, B02, 1
S07, Trade, 4319308.743, 139, B06, S07, 1
S07, Trade, 4319344.393, 132, B09, S07, 1
S07, Trade, 4319368.293, 127, B07, S07, 1
S07, Trade, 4319378.143, 132, S07, B06, 1
S07, Trade, 4319409.393, 138, B06, S07, 1
S07, Trade, 4319436.893, 130, B09, S07, 1
S07, Trade, 4319450.443, 140, B05, S07, 1
S07, Trade, 4319464.343, 136, B08, S07, 1
S07, Trade, 4319476.043, 136, B07, S07, 1
S07, Trade, 4319486.643, 117, S07, B08, 1
S07, Trade, 4319495.793, 137, S07, B03, 1
S07, Trade, 4319532.093, 136, S07, B04, 1
S07, Trade, 4319544.893, 114, B07, S07, 1
S07, Trade, 4319580.043, 132, B02, S07, 1
S07, Trade, 4319610.343, 130, S07, B04, 1
S07, Trade, 4319647.293, 140, B06, S07, 1
S07, Trade, 4319648.643, 139, B08, S07, 1
S07, Trade, 4319678.893, 140, B05, S07, 1
S07, Trade, 4319700.843, 131, S07, B08, 1
S07, Trade, 4319756.793, 115, B01, S07, 1
S07, Trade, 4319790.893, 121, B05, S07, 1
S07, Trade, 4319800.643, 139, B04, S07, 1
S07, Trade, 4319811.343, 136, B07, S07, 1
S07, Trade, 4319821.993, 129, B07, S07, 1
S07, Trade, 4319832.493, 140, B06, S07, 1
S07, Trade, 4319884.793, 128, B09, S07, 1
S07, Trade, 4319894.543, 139, B04, S07, 1
S07, Trade, 4319910.543, 138, B07, S07, 1
S07, Trade, 4319922.643, 125, B00, S07, 1
S07, Trade, 4319930.943, 133, B05, S07, 1
S07, Trade, 4319936.443, 125, B07, S07, 1
S07, Trade, 4319959.243, 126, S07, B04, 1
S07, Trade, 4319996.743, 98, S07, B04, 1
S08, 100
S08, Trade, 4319468.093, 69, B01, S08, 1
S08, Trade, 4319475.293, 140, B06, S08, 1
S08, Trade, 4319478.393, 66, B01, S08, 1
S08, Trade, 4319483.643, 122, B07, S08, 1
S08, Trade, 4319492.743, 66, S08, B00, 1
S08, Trade, 4319498.743, 140, B04, S08, 1
S08, Trade, 4319500.743, 140, B05, S08, 1
S08, Trade, 4319502.193, 127, B02, S08, 1
S08, Trade, 4319510.843, 140, B06, S08, 1
S08, Trade, 4319517.543, 126, B07, S08, 1
S08, Trade, 4319521.693, 99, B00, S08, 1
S08, Trade, 4319521.893, 97, B03, S08, 1
S08, Trade, 4319527.693, 106, B00, S08, 1
S08, Trade, 4319534.343, 137, B09, S08, 1
S08, Trade, 4319539.793, 140, B06, S08, 1
S08, Trade, 4319549.393, 106, B01, S08, 1
S08, Trade, 4319554.343, 114, B00, S08, 1
S08, Trade, 4319562.043, 140, B04, S08, 1
S08, Trade, 4319563.893, 140, B06, S08, 1
S08, Trade, 4319574.143, 136, B05, S08, 1
S08, Trade, 4319578.643, 138, B04, S08, 1
S08, Trade, 4319589.343, 105, B00, S08, 1
S08, Trade, 4319593.143, 71, S08, B07, 1
S08, Trade, 4319597.443, 134, B07, S08, 1
S08, Trade, 4319600.293, 140, B04, S08, 1
S08, Trade, 4319604.093, 137, B02, S08, 1
S08, Trade, 4319611.193, 94, B08, S08, 1
S08, Trade, 4319619.193, 76, S08, B00, 1
S08, Trade, 4319621.143, 140, B06, S08, 1
S08, Trade, 4319628.543, 140, B06, S08, 1
S08, Trade, 4319633.293, 100, B03, S08, 1
S08, Trade, 4319634.993, 124, B07, S08, 1
S08, Trade, 4319644.043, 91, B02, S08, 1
S08, Trade, 4319645.093, 137, B07, S08, 1
S08, Trade, 4319648.943, 135, B07, S08, 1
S08, Trade, 4319658.493, 130, B08, S08, 1
S08, Trade, 4319662.243, 61, S08, B01, 1
S08, Trade, 4319667.793, 134, B07, S08, 1
S08, Trade, 4319672.443, 138, B05, S08, 1
S08, Trade, 4319676.543, 95, B03, S08, 1
S08, Trade, 4319682.643, 84, B03, S08, 1
S08, Trade, 4319684.993, 66, B01, S08, 1
S08, Trade, 4319694.143, 140, B04, S08, 1
S08, Trade, 4319696.293, 119, B01, S08, 1
S08, Trade, 4319700.743, 120, B07, S08, 1
S08, Trade, 4319705.193, 140, B05, S08, 1
S08, Trade, 4319713.543, 124, B09, S08, 1
S08, Trade, 4319717.543, 140, B05, S08, 1
S08, Trade, 4319725.993, 127, B00, S08, 1
S08, Trade, 4319728.893, 139, B06, S08, 1
S08, Trade, 4319734.143, 110, B02, S08, 1
S08, Trade, 4319739.143, 140, B04, S08, 1
S08, Trade, 4319744.943, 124, B08, S08, 1
S08, Trade, 4319751.793, 140, B04, S08, 1
S08, Trade, 4319756.193, 108, B02, S08, 1
S08, Trade, 4319760.843, 99, B02, S08, 1
S08, Trade, 4319762.893, 98, B02, S08, 1
S08, Trade, 4319769.043, 127, B01, S08, 1
S08, Trade, 4319774.793, 64, S08, B04, 1
S08, Trade, 4319781.243, 133, B07, S08, 1
S08, Trade, 4319783.243, 89, B03, S08, 1
S08, Trade, 4319788.043, 140, B06, S08, 1
S08, Trade, 4319794.343, 116, B01, S08, 1
S08, Trade, 4319800.693, 96, B03, S08, 1
S08, Trade, 4319806.093, 137, B06, S08, 1
S08, Trade, 4319810.943, 132, B09, S08, 1
S08, Trade, 4319812.993, 74, B00, S08, 1
S08, Trade, 4319823.193, 125, B01, S08, 1
S08, Trade, 4319828.293, 134, B07, S08, 1
S08, Trade, 4319830.893, 127, B02, S08, 1
S08, Trade, 4319835.493, 137, B08, S08, 1
S08, Trade, 4319841.143, 132, B07, S08, 1
S08, Trade, 4319846.993, 124, B02, S08, 1
S08, Trade, 4319853.343, 99, B03, S08, 1
S08, Trade, 4319858.293, 116, B05, S08, 1
S08, Trade, 4319863.993, 140, B06, S08, 1
S08, Trade, 4319869.493, 140, B04, S08, 1
S08, Trade, 4319874.993, 140, B05, S08, 1
S08, Trade, 4319884.093, 62, S08, B01, 1
S08, Trade, 4319889.193, 63, S08, B09, 1
S08, Trade, 4319891.843, 98, B00, S08, 1
S08, Trade, 4319893.993, 140, B05, S08, 1
S08, Trade, 4319903.093, 74, S08, B08, 1
S08, Trade, 4319908.443, 121, B02, S08, 1
S08, Trade, 4319913.243, 131, B07, S08, 1
S08, Trade, 4319916.993, 80, B01, S08, 1
S08, Trade, 4319924.193, 136, B02, S08, 1
S08, Trade, 4319927.293, 139, B02, S08, 1
S08, Trade, 4319934.443, 87, B02, S08, 1
S08, Trade, 4319942.393, 128, B09, S08, 1
S08, Trade, 4319948.893, 140, B06, S08, 1
S08, Trade, 4319956.143, 65, S08, B09, 1
S08, Trade, 4319964.543, 134, B02, S08, 1
S08, Trade, 4319968.193, 92, B03, S08, 1
S08, Trade, 4319970.293, 135, B09, S08, 1
S08, Trade, 4319977.043, 139, B04, S08, 1
S08, Trade, 4319980.943, 140, B08, S08, 1
S08, Trade, 4319989.893, 140, B06, S08, 1
S08, Trade, 4319995.493, 135, B07, S08, 1
S08, Trade, 4319999.843, 139, B09, S08, 1
S09, 100
S09, Trade, 4318053.043, 133, S09, B04, 1
S09, Trade, 4318091.393, 131, B05, S09, 1
S09, Trade, 4318097.093, 131, B05, S09, 1
S09, Trade, 4318125.393, 114, S09, B09, 1
S09, Trade, 4318132.293, 133, B07, S09, 1
S09, Trade, 4318149.793, 140, B06, S09, 1
S09, Trade, 4318160.693, 139, B06, S09, 1
S09, Trade, 4318198.743, 116, S09, B06, 1
S09, Trade, 4318205.343, 102, S09, B09, 1
S09, Trade, 4318222.943, 133, B02, S09, 1
S09, Trade, 4318247.743, 126, B09, S09, 1
S09, Trade, 4318262.243, 138, S09, B08, 1
S09, Trade, 4318266.943, 132, B09, S09, 1
S09, Trade, 4318317.993, 124, B07, S09, 1
S09, Trade, 4318352.793, 139, B04, S09, 1
S09, Trade, 4318356.443, 129, S09, B02, 1
S09, Trade, 4318380.743, 137, S09, B04, 1
S09, Trade, 4318390.193, 129, B08, S09, 1
S09, Trade, 4318401.343, 140, B09, S09, 1
S09, Trade, 4318409.993, 101, S09, B07, 1
S09, Trade, 4318420.543, 140, B06, S09, 1
S09, Trade, 4318439.343, 117, S09, B04, 1
S09, Trade, 4318454.443, 140, S09, B07, 1
S09, Trade, 4318475.393, 139, B06, S09, 1
S09, Trade, 4318486.743, 130, B07, S09, 1
S09, Trade, 4318498.543, 139, B07, S09, 1
S09, Trade, 4318516.043, 140, B05, S09, 1
S09, Trade, 4318521.543, 139, B08, S09, 1
S09, Trade, 4318531.143, 139, B02, S09, 1
S09, Trade, 4318554.293, 119, B08, S09, 1
S09, Trade, 4318570.343, 139, B02, S09, 1
S09, Trade, 4318580.593, 127, B08, S09, 1
S09, Trade, 4318592.743, 131, B08, S09, 1
S09, Trade, 4318596.693, 121, B00, S09, 1
S09, Trade, 4318625.893, 116, B08, S09, 1
S09, Trade, 4318691.093, 119, B07, S09, 1
S09, Trade, 4318699.293, 138, B07, S09, 1
S09, Trade, 4318719.343, 136, S09, B04, 1
S09, Trade, 4318752.293, 123, S09, B07, 1
S09, Trade, 4318769.393, 133, B07, S09, 1
S09, Trade, 4318775.393, 139, B04, S09, 1
S09, Trade, 4318779.093, 140, S09, B04, 1
S09, Trade, 4318799.043, 137, B04, S09, 1
S09, Trade, 4318827.793, 139, S09, B04, 1
S09, Trade, 4318848.993, 131, B07, S09, 1
S09, Trade, 4318869.393, 116, B09, S09, 1
S09, Trade, 4318873.743, 98, B03, S09, 1
S09, Trade, 4318918.043, 116, B02, S09, 1
S09, Trade, 4319015.293, 139, B06, S09, 1
S09, Trade, 4319023.043, 140, B05, S09, 1
S09, Trade, 4319028.343, 137, B07, S09, 1
S09, Trade, 4319066.743, 115, B00, S09, 1
S09, Trade, 4319069.843, 89, S09, B07, 1
S09, Trade, 4319076.793, 121, S09, B07, 1
S09, Trade, 4319094.443, 133, B09, S09, 1
S09, Trade, 4319126.393, 139, B04, S09, 1
S09, Trade, 4319131.343, 134, B07, S09, 1
S09, Trade, 4319175.193, 139, B07, S09, 1
S09, Trade, 4319195.843, 139, B06, S09, 1
S09, Trade, 4319205.093, 140, B06, S09, 1
S09, Trade, 4319215.543, 137, B04, S09, 1
S09, Trade, 4319218.543, 140, B04, S09, 1
S09, Trade, 4319231.243, 140, B06, S09, 1
S09, Trade, 4319241.343, 140, B06, S09, 1
S09, Trade, 4319255.793, 124, B07, S09, 1
S09, Trade, 4319262.593, 138, B06, S09, 1
S09, Trade, 4319313.493, 100, B03, S09, 1
S09, Trade, 4319350.443, 135, B05, S09, 1
S09, Trade, 4319383.743, 130, B07, S09, 1
S09, Trade, 4319393.143, 139, B07, S09, 1
S09, Trade, 4319409.793, 134, B09, S09, 1
S09, Trade, 4319420.043, 139, B06, S09, 1
S09, Trade, 4319458.743, 125, B09, S09, 1
S09, Trade, 4319465.243, 120, B02, S09, 1
S09, Trade, 4319491.093, 106, S09, B02, 1
S09, Trade, 4319510.093, 102, B01, S09, 1
S09, Trade, 4319511.193, 128, B09, S09, 1
S09, Trade, 4319530.543, 126, B09, S09, 1
S09, Trade, 4319560.343, 119, B02, S09, 1
S09, Trade, 4319582.443, 100, B05, S09, 1
S09, Trade, 4319615.043, 120, B05, S09, 1
S09, Trade, 4319643.793, 138, B04, S09, 1
S09, Trade, 4319651.043, 134, B07, S09, 1
S09, Trade, 4319662.993, 132, S09, B04, 1
S09, Trade, 4319679.243, 139, B07, S09, 1
S09, Trade, 4319687.593, 137, B04, S09, 1
S09, Trade, 4319697.043, 130, B09, S09, 1
S09, Trade, 4319718.293, 140, B04, S09, 1
S09, Trade, 4319729.643, 96, B00, S09, 1
S09, Trade, 4319758.493, 132, B07, S09, 1
S09, Trade, 4319765.943, 137, B07, S09, 1
S09, Trade, 4319820.593, 137, B04, S09, 1
S09, Trade, 4319835.293, 104, S09, B02, 1
S09, Trade, 4319898.343, 135, B08, S09, 1
S09, Trade, 4319907.343, 140, B05, S09, 1
S09, Trade, 4319910.993, 103, S09, B09, 1
S09, Trade, 4319932.993, 138, B07, S09, 1
S09, Trade, 4319944.393, 135, B02, S09, 1
S09, Trade, 4319954.543, 101, S09, B07, 1
S09, Trade, 4319958.343, 81, S09, B01, 1
