B00, 0
B01, 100
B01, Trade, 3570963.896, 60, B01, S00, 1
B01, Trade, 3579566.296, 68, B01, S00, 1
B01, Trade, 3579717.946, 61, B01, S00, 1
B01, Trade, 3583257.246, 62, B01, S00, 1
B01, Trade, 3585031.846, 62, S00, B01, 1
B01, Trade, 3600582.696, 64, S00, B01, 1
B01, Trade, 3604581.246, 67, B01, S00, 1
B01, Trade, 3622379.646, 68, B01, S00, 1
B01, Trade, 3627728.096, 68, B01, S00, 1
B01, Trade, 3636460.896, 68, B01, S00, 1
B01, Trade, 3638501.346, 65, B01, S00, 1
B01, Trade, 3648052.246, 68, B01, S01, 1
B01, Trade, 3659014.496, 66, B01, S00, 1
B01, Trade, 3676272.945, 60, B01, S00, 1
B01, Trade, 3679401.395, 64, B01, S00, 1
B01, Trade, 3684057.995, 67, B01, S00, 1
B01, Trade, 3685487.545, 63, B01, S00, 1
B01, Trade, 3699043.095, 68, B01, S00, 1
B01, Trade, 3699795.245, 62, B01, S00, 1
B01, Trade, 3700828.995, 63, S00, B01, 1
B01, Trade, 3704223.845, 67, B01, S00, 1
B01, Trade, 3716464.145, 63, B01, S00, 1
B01, Trade, 3726254.145, 61, B01, S00, 1
B01, Trade, 3748486.295, 67, B01, S00, 1
B01, Trade, 3749562.795, 62, S00, B01, 1
B01, Trade, 3755259.545, 67, B01, S00, 1
B01, Trade, 3755616.145, 66, B01, S00, 1
B01, Trade, 3764479.245, 66, B01, S00, 1
B01, Trade, 3770636.145, 68, S01, B01, 1
B01, Trade, 3796615.545, 67, B01, S00, 1
B01, Trade, 3808177.045, 67, B01, S00, 1
B01, Trade, 3809887.995, 68, B01, S01, 1
B01, Trade, 3809945.595, 66, B01, S00, 1
B01, Trade, 3814737.245, 66, B01, S00, 1
B01, Trade, 3834295.395, 65, B01, S00, 1
B01, Trade, 3837010.795, 68, B01, S01, 1
B01, Trade, 3841515.795, 66, B01, S00, 1
B01, Trade, 3855209.545, 67, B01, S00, 1
B01, Trade, 3881495.095, 67, S00, B01, 1
B01, Trade, 3889982.495, 63, B01, S00, 1
B01, Trade, 3898541.845, 64, B01, S00, 1
B01, Trade, 3905578.195, 62, B01, S00, 1
B01, Trade, 3906065.395, 66, B01, S00, 1
B01, Trade, 3925453.495, 67, B01, S00, 1
B01, Trade, 3936627.945, 68, B01, S00, 1
B01, Trade, 3939849.295, 68, B01, S01, 1
B01, Trade, 3940486.795, 66, B01, S00, 1
B01, Trade, 3943148.045, 66, B01, S00, 1
B01, Trade, 3949906.894, 65, S00, B01, 1
B01, Trade, 3954771.794, 66, S00, B01, 1
B01, Trade, 3956922.744, 66, B01, S00, 1
B01, Trade, 3967283.044, 65, B01, S00, 1
B01, Trade, 3970357.494, 63, B01, S00, 1
B01, Trade, 4005862.894, 68, B01, S00, 1
B01, Trade, 4006701.294, 68, B01, S00, 1
B01, Trade, 4007739.794, 68, B01, S01, 1
B01, Trade, 4010758.844, 68, B01, S00, 1
B01, Trade, 4012473.944, 67, B01, S00, 1
B01, Trade, 4014742.094, 63, B01, S00, 1
B01, Trade, 4027648.394, 67, B01, S00, 1
B01, Trade, 4052547.444, 65, B01, S00, 1
B01, Trade, 4057780.794, 66, B01, S00, 1
B01, Trade, 4058471.194, 68, S00, B01, 1
B01, Trade, 4104594.794, 64, B01, S00, 1
B01, Trade, 4110803.544, 62, S00, B01, 1
B01, Trade, 4120389.594, 68, B01, S00, 1
B01, Trade, 4120930.694, 66, B01, S00, 1
B01, Trade, 4127360.994, 68, B01, S01, 1
B01, Trade, 4130578.644, 68, B01, S00, 1
B01, Trade, 4149491.794, 68, B01, S00, 1
B01, Trade, 4153732.094, 68, B01, S01, 1
B01, Trade, 4157348.044, 67, B01, S00, 1
B01, Trade, 4175654.044, 62, B01, S00, 1
B01, Trade, 4177529.094, 61, S00, B01, 1
B01, Trade, 4186698.494, 67, B01, S00, 1
B01, Trade, 4193538.194, 63, B01, S00, 1
B01, Trade, 4199034.844, 65, B01, S00, 1
B01, Trade, 4204402.494, 66, B01, S00, 1
B01, Trade, 4205270.444, 64, S00, B01, 1
B01, Trade, 4207621.344, 67, B01, S00, 1
B01, Trade, 4221338.543, 68, B01, S00, 1
B01, Trade, 4234797.143, 68, B01, S01, 1
B01, Trade, 4235696.793, 68, B01, S01, 1
B01, Trade, 4235745.143, 67, B01, S00, 1
B01, Trade, 4236296.493, 67, B01, S00, 1
B01, Trade, 4237623.243, 67, B01, S00, 1
B01, Trade, 4238367.593, 63, B01, S00, 1
B01, Trade, 4240474.043, 68, B01, S00, 1
B01, Trade, 4245162.143, 63, B01, S00, 1
B01, Trade, 4245832.043, 68, B01, S01, 1
B01, Trade, 4248963.043, 61, B01, S00, 1
B01, Trade, 4258665.493, 67, B01, S00, 1
B01, Trade, 4260011.843, 67, B01, S00, 1
B01, Trade, 4270488.393, 62, S00, B01, 1
B01, Trade, 4271885.343, 66, B01, S00, 1
B01, Trade, 4285964.143, 65, B01, S00, 1
B01, Trade, 4289548.343, 68, B01, S00, 1
B01, Trade, 4296808.193, 66, B01, S00, 1
B01, Trade, 4299714.343, 68, B01, S00, 1
B01, Trade, 4315627.643, 67, S00, B01, 1
B02, 100
B02, Trade, 4310001.143, 75, B02, S00, 1
B02, Trade, 4310181.643, 76, B02, S00, 1
B02, Trade, 4310219.093, 75, B02, S01, 1
B02, Trade, 4310227.743, 74, B02, S00, 1
B02, Trade, 4310393.243, 76, B02, S00, 1
B02, Trade, 4310407.143, 76, B02, S01, 1
B02, Trade, 4310568.293, 75, B02, S00, 1
B02, Trade, 4310577.743, 74, B02, S00, 1
B02, Trade, 4310594.443, 73, B02, S00, 1
B02, Trade, 4310730.643, 76, B02, S00, 1
B02, Trade, 4310768.093, 73, S00, B02, 1
B02, Trade, 4310814.643, 74, B02, S01, 1
B02, Trade, 4311109.843, 76, B02, S01, 1
B02, Trade, 4311238.093, 76, B02, S00, 1
B02, Trade, 4311406.143, 74, B02, S01, 1
B02, Trade, 4311542.093, 70, S01, B02, 1
B02, Trade, 4311661.593, 75, B02, S00, 1
B02, Trade, 4311775.943, 74, B02, S01, 1
B02, Trade, 4311844.443, 74, B02, S01, 1
B02, Trade, 4311925.093, 75, B02, S01, 1
B02, Trade, 4312048.743, 62, S00, B02, 1
B02, Trade, 4312070.543, 76, B02, S00, 1
B02, Trade, 4312193.193, 70, S01, B02, 1
B02, Trade, 4312456.743, 76, B02, S01, 1
B02, Trade, 4312548.843, 76, B02, S01, 1
B02, Trade, 4312633.043, 75, B02, S01, 1
B02, Trade, 4312701.743, 74, B02, S00, 1
B02, Trade, 4312703.943, 74, S01, B02, 1
B02, Trade, 4312766.043, 76, B02, S00, 1
B02, Trade, 4313062.643, 74, B02, S01, 1
B02, Trade, 4313108.443, 76, B02, S01, 1
B02, Trade, 4313121.343, 70, S00, B02, 1
B02, Trade, 4313321.793, 74, B02, S00, 1
B02, Trade, 4313723.793, 76, B02, S01, 1
B02, Trade, 4313841.543, 75, B02, S01, 1
B02, Trade, 4313867.143, 74, S01, B02, 1
B02, Trade, 4314177.293, 75, B02, S01, 1
B02, Trade, 4314206.093, 74, B02, S01, 1
B02, Trade, 4314326.393, 73, B02, S01, 1
B02, Trade, 4314384.143, 76, B02, S00, 1
B02, Trade, 4314392.193, 75, B02, S01, 1
B02, Trade, 4314509.993, 68, S01, B02, 1
B02, Trade, 4314612.043, 75, B02, S01, 1
B02, Trade, 4314654.393, 75, B02, S00, 1
B02, Trade, 4314705.943, 74, B02, S01, 1
B02, Trade, 4314765.093, 73, B02, S01, 1
B02, Trade, 4314836.943, 74, B02, S01, 1
B02, Trade, 4314869.043, 73, B02, S01, 1
B02, Trade, 4314972.143, 73, B02, S01, 1
B02, Trade, 4315031.143, 76, B02, S01, 1
B02, Trade, 4315130.293, 75, B02, S01, 1
B02, Trade, 4315171.693, 74, B02, S00, 1
B02, Trade, 4315271.393, 76, B02, S01, 1
B02, Trade, 4315304.643, 75, B02, S00, 1
B02, Trade, 4315327.443, 73, B02, S00, 1
B02, Trade, 4315633.943, 76, B02, S01, 1
B02, Trade, 4315649.893, 76, B02, S00, 1
B02, Trade, 4315737.293, 75, B02, S00, 1
B02, Trade, 4315788.893, 76, B02, S01, 1
B02, Trade, 4315919.543, 75, B02, S01, 1
B02, Trade, 4315930.093, 73, B02, S00, 1
B02, Trade, 4315995.893, 73, B02, S00, 1
B02, Trade, 4316151.243, 76, B02, S01, 1
B02, Trade, 4316230.293, 76, B02, S00, 1
B02, Trade, 4316281.643, 75, B02, S00, 1
B02, Trade, 4316443.843, 75, B02, S01, 1
B02, Trade, 4316449.593, 74, B02, S01, 1
B02, Trade, 4316678.243, 76, B02, S00, 1
B02, Trade, 4316835.243, 74, B02, S00, 1
B02, Trade, 4317085.393, 76, B02, S00, 1
B02, Trade, 4317175.593, 75, B02, S01, 1
B02, Trade, 4317386.193, 74, B02, S01, 1
B02, Trade, 4317484.393, 76, B02, S01, 1
B02, Trade, 4317669.593, 76, B02, S01, 1
B02, Trade, 4317874.593, 75, B02, S01, 1
B02, Trade, 4317940.843, 75, B02, S01, 1
B02, Trade, 4318058.043, 72, B02, S00, 1
B02, Trade, 4318124.843, 76, B02, S01, 1
B02, Trade, 4318249.243, 76, B02, S00, 1
B02, Trade, 4318372.893, 75, B02, S00, 1
B02, Trade, 4318472.793, 76, B02, S00, 1
B02, Trade, 4318510.793, 73, B02, S00, 1
B02, Trade, 4318534.993, 73, B02, S00, 1
B02, Trade, 4318670.093, 75, B02, S01, 1
B02, Trade, 4318715.493, 73, B02, S00, 1
B02, Trade, 4318742.193, 76, B02, S01, 1
B02, Trade, 4318754.693, 75, B02, S01, 1
B02, Trade, 4319206.193, 76, B02, S01, 1
B02, Trade, 4319220.043, 76, B02, S01, 1
B02, Trade, 4319259.793, 76, B02, S00, 1
B02, Trade, 4319294.193, 75, B02, S01, 1
B02, Trade, 4319440.843, 74, B02, S01, 1
B02, Trade, 4319461.493, 75, B02, S00, 1
B02, Trade, 4319488.793, 75, B02, S01, 1
B02, Trade, 4319523.043, 76, B02, S00, 1
B02, Trade, 4319619.343, 76, B02, S00, 1
B02, Trade, 4319629.243, 75, B02, S00, 1
B02, Trade, 4319670.893, 74, B02, S01, 1
B02, Trade, 4319807.293, 76, B02, S00, 1
B02, Trade, 4319853.943, 75, B02, S01, 1
B03, 100
B03, Trade, 4310399.443, 81, B03, S00, 1
B03, Trade, 4310590.943, 86, B03, S01, 1
B03, Trade, 4310641.193, 77, B03, S00, 1
B03, Trade, 4310672.693, 86, B03, S01, 1
B03, Trade, 4310714.893, 70, S01, B03, 1
B03, Trade, 4310716.493, 85, S02, B03, 1
B03, Trade, 4310747.693, 66, S00, B03, 1
B03, Trade, 4310762.143, 83, B03, S01, 1
B03, Trade, 4310826.693, 76, B03, S01, 1
B03, Trade, 4310929.443, 80, B03, S00, 1
B03, Trade, 4311200.543, 85, B03, S01, 1
B03, Trade, 4311320.643, 82, B03, S00, 1
B03, Trade, 4311411.043, 86, B03, S01, 1
B03, Trade, 4311454.243, 84, S02, B03, 1
B03, Trade, 4311504.993, 85, B03, S00, 1
B03, Trade, 4311615.843, 78, B03, S01, 1
B03, Trade, 4311661.443, 77, S01, B03, 1
B03, Trade, 4311845.243, 86, B03, S00, 1
B03, Trade, 4311934.593, 81, B03, S01, 1
B03, Trade, 4311944.543, 85, B03, S01, 1
B03, Trade, 4312050.543, 85, B03, S00, 1
B03, Trade, 4312067.143, 86, S02, B03, 1
B03, Trade, 4312105.893, 85, B03, S01, 1
B03, Trade, 4312159.543, 86, B03, S00, 1
B03, Trade, 4312192.743, 83, B03, S00, 1
B03, Trade, 4312289.893, 82, B03, S01, 1
B03, Trade, 4312337.343, 72, S00, B03, 1
B03, Trade, 4312369.143, 83, B03, S00, 1
B03, Trade, 4312435.043, 82, B03, S01, 1
B03, Trade, 4312710.943, 71, S01, B03, 1
B03, Trade, 4312722.843, 84, B03, S00, 1
B03, Trade, 4312747.443, 86, B03, S01, 1
B03, Trade, 4312808.993, 85, B03, S01, 1
B03, Trade, 4312956.043, 74, B03, S00, 1
B03, Trade, 4312963.893, 85, B03, S01, 1
B03, Trade, 4312990.843, 86, B03, S00, 1
B03, Trade, 4313083.743, 85, B03, S01, 1
B03, Trade, 4313149.393, 86, B03, S01, 1
B03, Trade, 4313198.443, 78, B03, S01, 1
B03, Trade, 4313479.593, 82, S00, B03, 1
B03, Trade, 4313737.643, 86, B03, S01, 1
B03, Trade, 4313948.143, 81, B03, S00, 1
B03, Trade, 4314021.693, 79, S00, B03, 1
B03, Trade, 4314028.343, 81, B03, S01, 1
B03, Trade, 4314034.043, 72, B03, S01, 1
B03, Trade, 4314082.743, 86, B03, S00, 1
B03, Trade, 4314089.643, 86, B03, S00, 1
B03, Trade, 4314124.993, 85, B03, S00, 1
B03, Trade, 4314344.743, 81, S02, B03, 1
B03, Trade, 4314353.343, 84, B03, S01, 1
B03, Trade, 4314560.743, 81, B03, S01, 1
B03, Trade, 4314764.593, 82, B03, S00, 1
B03, Trade, 4314792.993, 86, B03, S01, 1
B03, Trade, 4314842.593, 86, B03, S01, 1
B03, Trade, 4314897.043, 86, B03, S00, 1
B03, Trade, 4314994.043, 80, S00, B03, 1
B03, Trade, 4315183.593, 79, B03, S01, 1
B03, Trade, 4315239.793, 84, B03, S01, 1
B03, Trade, 4315291.143, 84, B03, S00, 1
B03, Trade, 4315447.643, 79, B03, S00, 1
B03, Trade, 4315459.393, 71, B03, S01, 1
B03, Trade, 4315559.493, 81, B03, S00, 1
B03, Trade, 4315653.243, 84, B03, S00, 1
B03, Trade, 4315754.243, 86, B03, S01, 1
B03, Trade, 4315805.793, 85, B03, S00, 1
B03, Trade, 4316005.043, 84, B03, S00, 1
B03, Trade, 4316149.793, 86, B03, S01, 1
B03, Trade, 4316304.243, 82, B03, S00, 1
B03, Trade, 4316385.743, 80, B03, S01, 1
B03, Trade, 4316606.043, 85, B03, S00, 1
B03, Trade, 4316863.143, 81, B03, S01, 1
B03, Trade, 4316918.493, 67, B03, S00, 1
B03, Trade, 4316980.693, 86, B03, S00, 1
B03, Trade, 4317099.643, 82, B03, S01, 1
B03, Trade, 4317158.143, 78, S01, B03, 1
B03, Trade, 4317194.843, 80, S01, B03, 1
B03, Trade, 4317197.893, 78, B03, S00, 1
B03, Trade, 4317227.143, 77, B03, S00, 1
B03, Trade, 4317354.943, 75, B03, S01, 1
B03, Trade, 4317410.243, 86, B03, S03, 1
B03, Trade, 4317436.593, 79, B03, S01, 1
B03, Trade, 4317544.643, 84, S00, B03, 1
B03, Trade, 4317923.093, 83, B03, S01, 1
B03, Trade, 4317961.243, 74, B03, S01, 1
B03, Trade, 4318371.943, 79, B03, S01, 1
B03, Trade, 4318502.943, 72, S01, B03, 1
B03, Trade, 4318602.043, 79, B03, S01, 1
B03, Trade, 4318670.643, 73, B03, S01, 1
B03, Trade, 4318716.343, 82, B03, S00, 1
B03, Trade, 4318774.743, 75, B03, S00, 1
B03, Trade, 4318897.093, 86, B03, S00, 1
B03, Trade, 4318904.843, 79, B03, S01, 1
B03, Trade, 4319027.193, 86, B03, S00, 1
B03, Trade, 4319220.843, 72, B03, S01, 1
B03, Trade, 4319300.393, 86, B03, S01, 1
B03, Trade, 4319441.243, 70, S00, B03, 1
B03, Trade, 4319529.343, 86, B03, S01, 1
B03, Trade, 4319539.043, 85, B03, S00, 1
B03, Trade, 4319790.543, 79, B03, S01, 1
B03, Trade, 4319881.193, 85, B03, S01, 1
B04, 100
B04, Trade, 4319097.093, 92, B04, S00, 1
B04, Trade, 4319102.743, 90, B04, S00, 1
B04, Trade, 4319116.443, 93, B04, S01, 1
B04, Trade, 4319126.293, 93, B04, S00, 1
B04, Trade, 4319134.443, 94, B04, S00, 1
B04, Trade, 4319140.093, 93, B04, S00, 1
B04, Trade, 4319152.343, 91, B04, S00, 1
B04, Trade, 4319158.643, 90, B04, S00, 1
B04, Trade, 4319179.593, 90, B04, S00, 1
B04, Trade, 4319190.093, 90, B04, S00, 1
B04, Trade, 4319193.343, 89, B04, S01, 1
B04, Trade, 4319204.743, 94, B04, S01, 1
B04, Trade, 4319218.543, 85, B04, S00, 1
B04, Trade, 4319232.593, 85, B04, S00, 1
B04, Trade, 4319240.893, 83, B04, S00, 1
B04, Trade, 4319249.293, 84, B04, S00, 1
B04, Trade, 4319251.293, 90, S03, B04, 1
B04, Trade, 4319273.243, 84, B04, S00, 1
B04, Trade, 4319275.743, 85, B04, S01, 1
B04, Trade, 4319282.993, 90, B04, S01, 1
B04, Trade, 4319287.193, 87, B04, S01, 1
B04, Trade, 4319289.693, 93, S02, B04, 1
B04, Trade, 4319308.993, 85, B04, S00, 1
B04, Trade, 4319326.343, 91, B04, S00, 1
B04, Trade, 4319345.243, 93, B04, S01, 1
B04, Trade, 4319352.943, 93, B04, S01, 1
B04, Trade, 4319357.843, 93, B04, S00, 1
B04, Trade, 4319367.993, 93, B04, S00, 1
B04, Trade, 4319377.193, 94, B04, S00, 1
B04, Trade, 4319383.743, 92, B04, S01, 1
B04, Trade, 4319393.943, 92, B04, S01, 1
B04, Trade, 4319398.843, 90, B04, S01, 1
B04, Trade, 4319406.943, 93, B04, S03, 1
B04, Trade, 4319414.543, 88, B04, S00, 1
B04, Trade, 4319418.043, 87, B04, S01, 1
B04, Trade, 4319429.243, 94, B04, S01, 1
B04, Trade, 4319437.893, 93, B04, S00, 1
B04, Trade, 4319447.893, 91, B04, S01, 1
B04, Trade, 4319457.943, 90, B04, S01, 1
B04, Trade, 4319461.443, 90, B04, S01, 1
B04, Trade, 4319483.693, 85, B04, S01, 1
B04, Trade, 4319493.693, 93, B04, S01, 1
B04, Trade, 4319504.993, 92, B04, S00, 1
B04, Trade, 4319509.743, 91, B04, S00, 1
B04, Trade, 4319515.143, 91, B04, S01, 1
B04, Trade, 4319522.893, 82, S01, B04, 1
B04, Trade, 4319535.343, 85, B04, S01, 1
B04, Trade, 4319543.643, 85, B04, S00, 1
B04, Trade, 4319554.543, 86, B04, S00, 1
B04, Trade, 4319558.093, 92, B04, S03, 1
B04, Trade, 4319558.543, 91, S02, B04, 1
B04, Trade, 4319572.193, 89, B04, S00, 1
B04, Trade, 4319578.143, 89, B04, S00, 1
B04, Trade, 4319581.993, 88, B04, S01, 1
B04, Trade, 4319590.593, 94, B04, S00, 1
B04, Trade, 4319599.093, 92, B04, S01, 1
B04, Trade, 4319618.843, 93, B04, S01, 1
B04, Trade, 4319628.193, 90, B04, S00, 1
B04, Trade, 4319634.893, 85, B04, S01, 1
B04, Trade, 4319644.293, 89, B04, S01, 1
B04, Trade, 4319650.293, 87, B04, S00, 1
B04, Trade, 4319656.093, 87, B04, S01, 1
B04, Trade, 4319670.993, 82, B04, S00, 1
B04, Trade, 4319682.443, 88, B04, S01, 1
B04, Trade, 4319690.493, 89, B04, S01, 1
B04, Trade, 4319700.743, 94, B04, S00, 1
B04, Trade, 4319709.093, 89, B04, S01, 1
B04, Trade, 4319720.643, 89, B04, S01, 1
B04, Trade, 4319723.143, 88, B04, S00, 1
B04, Trade, 4319731.593, 87, B04, S00, 1
B04, Trade, 4319733.343, 93, B04, S01, 1
B04, Trade, 4319740.693, 93, B04, S01, 1
B04, Trade, 4319751.393, 92, B04, S01, 1
B04, Trade, 4319757.993, 94, B04, S00, 1
B04, Trade, 4319765.893, 92, B04, S00, 1
B04, Trade, 4319772.843, 89, B04, S00, 1
B04, Trade, 4319779.743, 89, B04, S01, 1
B04, Trade, 4319784.543, 93, B04, S00, 1
B04, Trade, 4319793.943, 91, B04, S01, 1
B04, Trade, 4319800.893, 94, B04, S00, 1
B04, Trade, 4319811.943, 93, B04, S00, 1
B04, Trade, 4319826.693, 90, B04, S01, 1
B04, Trade, 4319831.543, 90, B04, S01, 1
B04, Trade, 4319838.043, 91, B04, S00, 1
B04, Trade, 4319845.943, 90, B04, S00, 1
B04, Trade, 4319852.693, 88, B04, S00, 1
B04, Trade, 4319855.943, 86, B04, S00, 1
B04, Trade, 4319861.043, 88, B04, S00, 1
B04, Trade, 4319869.043, 88, B04, S00, 1
B04, Trade, 4319878.643, 93, B04, S00, 1
B04, Trade, 4319894.943, 94, B04, S01, 1
B04, Trade, 4319906.143, 94, B04, S00, 1
B04, Trade, 4319937.043, 93, B04, S00, 1
B04, Trade, 4319942.393, 88, B04, S00, 1
B04, Trade, 4319954.843, 91, B04, S00, 1
B04, Trade, 4319966.443, 87, B04, S00, 1
B04, Trade, 4319970.643, 89, B04, S01, 1
B04, Trade, 4319979.093, 89, B04, S01, 1
B04, Trade, 4319984.493, 92, B04, S00, 1
B04, Trade, 4319999.943, 89, B04, S01, 1
B05, 100
B05, Trade, 4319115.693, 94, B05, S00, 1
B05, Trade, 4319121.343, 92, B05, S00, 1
B05, Trade, 4319127.993, 94, B05, S01, 1
B05, Trade, 4319138.443, 94, B05, S01, 1
B05, Trade, 4319143.743, 93, B05, S01, 1
B05, Trade, 4319149.043, 92, B05, S00, 1
B05, Trade, 4319159.543, 89, B05, S01, 1
B05, Trade, 4319166.893, 92, B05, S01, 1
B05, Trade, 4319172.843, 90, B05, S01, 1
B05, Trade, 4319190.943, 89, B05, S00, 1
B05, Trade, 4319200.193, 89, B05, S01, 1
B05, Trade, 4319204.393, 95, S04, B05, 1
B05, Trade, 4319213.143, 87, B05, S01, 1
B05, Trade, 4319230.893, 84, B05, S01, 1
B05, Trade, 4319234.693, 85, B05, S01, 1
B05, Trade, 4319257.343, 89, B05, S01, 1
B05, Trade, 4319265.743, 85, B05, S01, 1
B05, Trade, 4319272.343, 85, B05, S00, 1
B05, Trade, 4319278.443, 88, B05, S00, 1
B05, Trade, 4319291.643, 87, B05, S00, 1
B05, Trade, 4319295.143, 81, S00, B05, 1
B05, Trade, 4319301.193, 86, B05, S00, 1
B05, Trade, 4319305.643, 85, B05, S01, 1
B05, Trade, 4319315.643, 93, B05, S03, 1
B05, Trade, 4319324.043, 91, B05, S01, 1
B05, Trade, 4319329.393, 90, B05, S01, 1
B05, Trade, 4319339.893, 99, B05, S01, 1
B05, Trade, 4319343.743, 97, B05, S04, 1
B05, Trade, 4319353.593, 93, B05, S01, 1
B05, Trade, 4319363.643, 92, B05, S01, 1
B05, Trade, 4319369.543, 92, B05, S01, 1
B05, Trade, 4319376.193, 98, B05, S01, 1
B05, Trade, 4319381.743, 96, S03, B05, 1
B05, Trade, 4319387.093, 93, B05, S00, 1
B05, Trade, 4319401.643, 89, B05, S00, 1
B05, Trade, 4319408.143, 92, B05, S01, 1
B05, Trade, 4319413.193, 90, S03, B05, 1
B05, Trade, 4319423.093, 98, B05, S01, 1
B05, Trade, 4319424.693, 97, B05, S00, 1
B05, Trade, 4319427.193, 95, B05, S00, 1
B05, Trade, 4319433.643, 94, B05, S00, 1
B05, Trade, 4319441.993, 83, B05, S02, 1
B05, Trade, 4319470.543, 86, B05, S01, 1
B05, Trade, 4319476.593, 85, B05, S01, 1
B05, Trade, 4319497.243, 92, B05, S00, 1
B05, Trade, 4319504.743, 100, B05, S03, 1
B05, Trade, 4319516.493, 91, B05, S01, 1
B05, Trade, 4319532.393, 85, B05, S00, 1
B05, Trade, 4319541.443, 84, B05, S01, 1
B05, Trade, 4319562.693, 92, B05, S00, 1
B05, Trade, 4319572.343, 88, B05, S01, 1
B05, Trade, 4319584.943, 98, S02, B05, 1
B05, Trade, 4319586.293, 97, B05, S03, 1
B05, Trade, 4319595.493, 94, B05, S00, 1
B05, Trade, 4319602.843, 90, B05, S00, 1
B05, Trade, 4319605.143, 91, B05, S00, 1
B05, Trade, 4319613.493, 97, B05, S00, 1
B05, Trade, 4319617.093, 95, B05, S01, 1
B05, Trade, 4319633.743, 86, B05, S00, 1
B05, Trade, 4319640.243, 89, B05, S00, 1
B05, Trade, 4319644.793, 89, B05, S01, 1
B05, Trade, 4319650.943, 87, B05, S01, 1
B05, Trade, 4319656.543, 87, B05, S00, 1
B05, Trade, 4319665.643, 91, B05, S01, 1
B05, Trade, 4319684.693, 88, B05, S00, 1
B05, Trade, 4319693.543, 89, B05, S00, 1
B05, Trade, 4319695.843, 94, B05, S00, 1
B05, Trade, 4319701.293, 95, S03, B05, 1
B05, Trade, 4319708.843, 92, S02, B05, 1
B05, Trade, 4319714.643, 88, B05, S00, 1
B05, Trade, 4319722.643, 88, B05, S01, 1
B05, Trade, 4319728.443, 88, B05, S01, 1
B05, Trade, 4319734.593, 87, B05, S00, 1
B05, Trade, 4319741.993, 92, B05, S00, 1
B05, Trade, 4319752.843, 93, B05, S00, 1
B05, Trade, 4319758.593, 93, B05, S01, 1
B05, Trade, 4319788.893, 102, B05, S02, 1
B05, Trade, 4319809.343, 89, B05, S01, 1
B05, Trade, 4319816.893, 93, B05, S00, 1
B05, Trade, 4319824.143, 90, B05, S00, 1
B05, Trade, 4319835.443, 88, B05, S01, 1
B05, Trade, 4319840.843, 91, B05, S00, 1
B05, Trade, 4319864.843, 87, B05, S00, 1
B05, Trade, 4319869.743, 88, B05, S01, 1
B05, Trade, 4319871.843, 97, S04, B05, 1
B05, Trade, 4319876.843, 96, B05, S04, 1
B05, Trade, 4319887.843, 93, B05, S00, 1
B05, Trade, 4319892.543, 92, B05, S00, 1
B05, Trade, 4319899.093, 102, B05, S00, 1
B05, Trade, 4319903.443, 100, B05, S00, 1
B05, Trade, 4319905.243, 99, B05, S01, 1
B05, Trade, 4319914.093, 97, B05, S01, 1
B05, Trade, 4319923.143, 95, B05, S01, 1
B05, Trade, 4319928.593, 95, B05, S00, 1
B05, Trade, 4319939.193, 92, B05, S00, 1
B05, Trade, 4319953.893, 91, B05, S01, 1
B05, Trade, 4319957.643, 91, B05, S01, 1
B05, Trade, 4319980.093, 88, B05, S00, 1
B05, Trade, 4319987.493, 91, B05, S01, 1
B05, Trade, 4319993.843, 90, B05, S00, 1
B06, 100
B06, Trade, 4319462.443, 92, S02, B06, 1
B06, Trade, 4319466.343, 91, S03, B06, 1
B06, Trade, 4319471.943, 93, S02, B06, 1
B06, Trade, 4319475.743, 93, S03, B06, 1
B06, Trade, 4319485.543, 95, S04, B06, 1
B06, Trade, 4319490.243, 92, S03, B06, 1
B06, Trade, 4319496.293, 93, S02, B06, 1
B06, Trade, 4319498.943, 93, S03, B06, 1
B06, Trade, 4319502.943, 93, S02, B06, 1
B06, Trade, 4319508.193, 98, S03, B06, 1
B06, Trade, 4319513.643, 99, S04, B06, 1
B06, Trade, 4319519.593, 96, S04, B06, 1
B06, Trade, 4319527.343, 88, S02, B06, 1
B06, Trade, 4319537.393, 95, S04, B06, 1
B06, Trade, 4319545.543, 90, S03, B06, 1
B06, Trade, 4319550.793, 90, S03, B06, 1
B06, Trade, 4319552.943, 90, S02, B06, 1
B06, Trade, 4319560.993, 99, S04, B06, 1
B06, Trade, 4319566.693, 95, S03, B06, 1
B06, Trade, 4319570.793, 95, S02, B06, 1
B06, Trade, 4319572.943, 95, S04, B06, 1
B06, Trade, 4319578.343, 94, S03, B06, 1
B06, Trade, 4319584.743, 112, B06, S00, 1
B06, Trade, 4319592.693, 98, S02, B06, 1
B06, Trade, 4319597.043, 98, S04, B06, 1
B06, Trade, 4319604.093, 97, S02, B06, 1
B06, Trade, 4319608.393, 95, S02, B06, 1
B06, Trade, 4319618.443, 97, S02, B06, 1
B06, Trade, 4319619.593, 97, S03, B06, 1
B06, Trade, 4319624.793, 96, S04, B06, 1
B06, Trade, 4319633.343, 95, S04, B06, 1
B06, Trade, 4319634.343, 93, S02, B06, 1
B06, Trade, 4319643.493, 90, S02, B06, 1
B06, Trade, 4319647.993, 90, S03, B06, 1
B06, Trade, 4319653.793, 90, S02, B06, 1
B06, Trade, 4319658.493, 90, S02, B06, 1
B06, Trade, 4319661.093, 95, S04, B06, 1
B06, Trade, 4319665.243, 92, S03, B06, 1
B06, Trade, 4319674.443, 95, S04, B06, 1
B06, Trade, 4319677.143, 105, S05, B06, 1
B06, Trade, 4319680.843, 96, S04, B06, 1
B06, Trade, 4319689.493, 94, S03, B06, 1
B06, Trade, 4319693.593, 94, S02, B06, 1
B06, Trade, 4319699.393, 98, S02, B06, 1
B06, Trade, 4319703.843, 87, S01, B06, 1
B06, Trade, 4319705.843, 104, S05, B06, 1
B06, Trade, 4319710.493, 93, S03, B06, 1
B06, Trade, 4319720.493, 93, S03, B06, 1
B06, Trade, 4319730.293, 94, S03, B06, 1
B06, Trade, 4319734.543, 93, S03, B06, 1
B06, Trade, 4319740.643, 94, S02, B06, 1
B06, Trade, 4319749.243, 96, S02, B06, 1
B06, Trade, 4319756.343, 95, S03, B06, 1
B06, Trade, 4319760.293, 95, S02, B06, 1
B06, Trade, 4319765.793, 95, S02, B06, 1
B06, Trade, 4319771.243, 95, S03, B06, 1
B06, Trade, 4319774.693, 94, S02, B06, 1
B06, Trade, 4319777.393, 94, S03, B06, 1
B06, Trade, 4319786.543, 112, B06, S05, 1
B06, Trade, 4319790.393, 106, S04, B06, 1
B06, Trade, 4319792.993, 104, S05, B06, 1
B06, Trade, 4319801.293, 104, S05, B06, 1
B06, Trade, 4319806.943, 98, S02, B06, 1
B06, Trade, 4319811.793, 98, S03, B06, 1
B06, Trade, 4319815.043, 98, S04, B06, 1
B06, Trade, 4319820.293, 96, S03, B06, 1
B06, Trade, 4319827.693, 95, S03, B06, 1
B06, Trade, 4319831.693, 95, S02, B06, 1
B06, Trade, 4319833.943, 95, S03, B06, 1
B06, Trade, 4319842.843, 96, S04, B06, 1
B06, Trade, 4319846.293, 96, S03, B06, 1
B06, Trade, 4319851.093, 96, S03, B06, 1
B06, Trade, 4319854.993, 104, S05, B06, 1
B06, Trade, 4319862.293, 95, S02, B06, 1
B06, Trade, 4319864.293, 94, S03, B06, 1
B06, Trade, 4319870.593, 109, B06, S05, 1
B06, Trade, 4319874.293, 97, S03, B06, 1
B06, Trade, 4319879.443, 97, S03, B06, 1
B06, Trade, 4319886.993, 97, S04, B06, 1
B06, Trade, 4319894.293, 113, B06, S03, 1
B06, Trade, 4319898.093, 110, B06, S03, 1
B06, Trade, 4319901.643, 104, S03, B06, 1
B06, Trade, 4319905.293, 104, S04, B06, 1
B06, Trade, 4319909.743, 104, S03, B06, 1
B06, Trade, 4319916.143, 100, S02, B06, 1
B06, Trade, 4319923.543, 103, S04, B06, 1
B06, Trade, 4319926.493, 102, S04, B06, 1
B06, Trade, 4319933.393, 100, S03, B06, 1
B06, Trade, 4319942.843, 97, S03, B06, 1
B06, Trade, 4319943.693, 93, S02, B06, 1
B06, Trade, 4319945.693, 95, S04, B06, 1
B06, Trade, 4319951.593, 94, S02, B06, 1
B06, Trade, 4319956.443, 95, S04, B06, 1
B06, Trade, 4319961.893, 95, S02, B06, 1
B06, Trade, 4319966.393, 92, S02, B06, 1
B06, Trade, 4319972.493, 92, S02, B06, 1
B06, Trade, 4319979.243, 93, S03, B06, 1
B06, Trade, 4319980.643, 93, S02, B06, 1
B06, Trade, 4319987.443, 95, S03, B06, 1
B06, Trade, 4319996.243, 95, S02, B06, 1
B07, 100
B07, Trade, 4318818.793, 94, S03, B07, 1
B07, Trade, 4318833.643, 95, B07, S04, 1
B07, Trade, 4318846.243, 92, B07, S01, 1
B07, Trade, 4318857.743, 95, S02, B07, 1
B07, Trade, 4318863.843, 91, S00, B07, 1
B07, Trade, 4318872.693, 94, S03, B07, 1
B07, Trade, 4318878.893, 95, S03, B07, 1
B07, Trade, 4318883.243, 95, S04, B07, 1
B07, Trade, 4318891.793, 98, S03, B07, 1
B07, Trade, 4318904.193, 95, S04, B07, 1
B07, Trade, 4318912.393, 96, S03, B07, 1
B07, Trade, 4318919.343, 95, S04, B07, 1
B07, Trade, 4318921.743, 95, S02, B07, 1
B07, Trade, 4318948.893, 97, S02, B07, 1
B07, Trade, 4318966.493, 97, S04, B07, 1
B07, Trade, 4318986.693, 95, S04, B07, 1
B07, Trade, 4318994.943, 96, S04, B07, 1
B07, Trade, 4319001.143, 95, B07, S01, 1
B07, Trade, 4319013.843, 89, B07, S01, 1
B07, Trade, 4319017.143, 94, S02, B07, 1
B07, Trade, 4319018.993, 95, S04, B07, 1
B07, Trade, 4319026.043, 100, S04, B07, 1
B07, Trade, 4319035.843, 95, S03, B07, 1
B07, Trade, 4319066.993, 92, S03, B07, 1
B07, Trade, 4319104.843, 94, S03, B07, 1
B07, Trade, 4319118.793, 99, S02, B07, 1
B07, Trade, 4319138.593, 99, S02, B07, 1
B07, Trade, 4319164.343, 93, B07, S00, 1
B07, Trade, 4319167.943, 97, S04, B07, 1
B07, Trade, 4319180.243, 90, B07, S01, 1
B07, Trade, 4319195.893, 90, B07, S00, 1
B07, Trade, 4319200.243, 92, S02, B07, 1
B07, Trade, 4319206.293, 95, S02, B07, 1
B07, Trade, 4319210.143, 95, S03, B07, 1
B07, Trade, 4319239.343, 92, S03, B07, 1
B07, Trade, 4319250.743, 100, B07, S01, 1
B07, Trade, 4319271.943, 90, S03, B07, 1
B07, Trade, 4319280.093, 95, S04, B07, 1
B07, Trade, 4319284.193, 92, S02, B07, 1
B07, Trade, 4319298.093, 87, S02, B07, 1
B07, Trade, 4319314.543, 101, B07, S01, 1
B07, Trade, 4319329.943, 95, S04, B07, 1
B07, Trade, 4319333.993, 95, S03, B07, 1
B07, Trade, 4319354.693, 104, S05, B07, 1
B07, Trade, 4319373.643, 99, S02, B07, 1
B07, Trade, 4319390.693, 96, S04, B07, 1
B07, Trade, 4319395.993, 95, S04, B07, 1
B07, Trade, 4319405.343, 91, S01, B07, 1
B07, Trade, 4319412.693, 88, S02, B07, 1
B07, Trade, 4319418.343, 110, B07, S00, 1
B07, Trade, 4319430.193, 100, S02, B07, 1
B07, Trade, 4319446.843, 92, S03, B07, 1
B07, Trade, 4319478.943, 90, S03, B07, 1
B07, Trade, 4319484.143, 90, S02, B07, 1
B07, Trade, 4319492.893, 94, B07, S00, 1
B07, Trade, 4319507.493, 104, S05, B07, 1
B07, Trade, 4319512.443, 79, B07, S00, 1
B07, Trade, 4319533.393, 88, S02, B07, 1
B07, Trade, 4319542.293, 90, S02, B07, 1
B07, Trade, 4319547.243, 87, B07, S01, 1
B07, Trade, 4319554.593, 87, S01, B07, 1
B07, Trade, 4319582.643, 92, S03, B07, 1
B07, Trade, 4319593.293, 98, S04, B07, 1
B07, Trade, 4319610.393, 95, S04, B07, 1
B07, Trade, 4319628.293, 95, S02, B07, 1
B07, Trade, 4319640.643, 90, S03, B07, 1
B07, Trade, 4319660.193, 95, S04, B07, 1
B07, Trade, 4319673.443, 94, S02, B07, 1
B07, Trade, 4319695.143, 95, S04, B07, 1
B07, Trade, 4319704.093, 89, S02, B07, 1
B07, Trade, 4319714.343, 93, S03, B07, 1
B07, Trade, 4319727.293, 93, S03, B07, 1
B07, Trade, 4319734.843, 94, S02, B07, 1
B07, Trade, 4319750.243, 95, S02, B07, 1
B07, Trade, 4319751.493, 104, S05, B07, 1
B07, Trade, 4319774.643, 94, S03, B07, 1
B07, Trade, 4319778.143, 89, B07, S01, 1
B07, Trade, 4319779.843, 95, S04, B07, 1
B07, Trade, 4319784.293, 98, B07, S03, 1
B07, Trade, 4319791.893, 99, S02, B07, 1
B07, Trade, 4319792.443, 100, S03, B07, 1
B07, Trade, 4319808.593, 99, S04, B07, 1
B07, Trade, 4319816.543, 96, S02, B07, 1
B07, Trade, 4319819.793, 96, S02, B07, 1
B07, Trade, 4319834.593, 96, S04, B07, 1
B07, Trade, 4319838.743, 93, B07, S01, 1
B07, Trade, 4319848.793, 96, S04, B07, 1
B07, Trade, 4319854.843, 97, S04, B07, 1
B07, Trade, 4319869.443, 95, S04, B07, 1
B07, Trade, 4319876.943, 97, S02, B07, 1
B07, Trade, 4319894.543, 110, B07, S04, 1
B07, Trade, 4319913.893, 100, S04, B07, 1
B07, Trade, 4319922.193, 103, S03, B07, 1
B07, Trade, 4319928.793, 102, S03, B07, 1
B07, Trade, 4319936.193, 100, S04, B07, 1
B07, Trade, 4319956.643, 94, B07, S03, 1
B07, Trade, 4319961.643, 85, B07, S01, 1
B07, Trade, 4319968.393, 92, S03, B07, 1
B07, Trade, 4319973.343, 95, S04, B07, 1
B07, Trade, 4319980.843, 93, S03, B07, 1
B08, 100
B08, Trade, 4319114.493, 95, B08, S00, 1
B08, Trade, 4319123.093, 92, B08, S01, 1
B08, Trade, 4319129.993, 94, B08, S01, 1
B08, Trade, 4319139.593, 94, B08, S00, 1
B08, Trade, 4319147.843, 93, B08, S01, 1
B08, Trade, 4319157.543, 91, B08, S01, 1
B08, Trade, 4319170.193, 91, B08, S00, 1
B08, Trade, 4319175.693, 90, B08, S00, 1
B08, Trade, 4319182.743, 90, B08, S01, 1
B08, Trade, 4319190.243, 90, B08, S01, 1
B08, Trade, 4319206.143, 90, B08, S00, 1
B08, Trade, 4319210.443, 87, B08, S00, 1
B08, Trade, 4319214.493, 86, B08, S00, 1
B08, Trade, 4319239.293, 84, B08, S01, 1
B08, Trade, 4319247.193, 83, B08, S00, 1
B08, Trade, 4319255.643, 88, B08, S01, 1
B08, Trade, 4319263.193, 86, B08, S00, 1
B08, Trade, 4319267.643, 85, B08, S01, 1
B08, Trade, 4319285.893, 88, B08, S00, 1
B08, Trade, 4319291.993, 87, B08, S01, 1
B08, Trade, 4319304.293, 85, B08, S00, 1
B08, Trade, 4319321.443, 92, B08, S01, 1
B08, Trade, 4319335.443, 90, B08, S00, 1
B08, Trade, 4319342.293, 94, B08, S00, 1
B08, Trade, 4319348.343, 94, B08, S00, 1
B08, Trade, 4319352.643, 93, B08, S00, 1
B08, Trade, 4319371.193, 91, B08, S00, 1
B08, Trade, 4319383.143, 94, B08, S00, 1
B08, Trade, 4319395.643, 91, B08, S00, 1
B08, Trade, 4319404.043, 88, B08, S00, 1
B08, Trade, 4319410.793, 95, B08, S01, 1
B08, Trade, 4319419.343, 101, S02, B08, 1
B08, Trade, 4319422.693, 100, B08, S03, 1
B08, Trade, 4319432.643, 96, B08, S01, 1
B08, Trade, 4319438.593, 95, B08, S01, 1
B08, Trade, 4319449.043, 90, B08, S02, 1
B08, Trade, 4319454.043, 89, B08, S01, 1
B08, Trade, 4319464.193, 87, B08, S00, 1
B08, Trade, 4319471.443, 86, B08, S00, 1
B08, Trade, 4319478.293, 84, B08, S00, 1
B08, Trade, 4319490.293, 86, B08, S00, 1
B08, Trade, 4319497.793, 90, B08, S01, 1
B08, Trade, 4319507.343, 95, B08, S01, 1
B08, Trade, 4319513.043, 91, B08, S02, 1
B08, Trade, 4319519.643, 90, B08, S00, 1
B08, Trade, 4319558.893, 88, B08, S01, 1
B08, Trade, 4319562.893, 92, B08, S01, 1
B08, Trade, 4319566.493, 91, B08, S00, 1
B08, Trade, 4319571.143, 90, B08, S01, 1
B08, Trade, 4319587.493, 96, B08, S01, 1
B08, Trade, 4319592.543, 95, B08, S01, 1
B08, Trade, 4319602.693, 93, B08, S01, 1
B08, Trade, 4319607.743, 91, B08, S01, 1
B08, Trade, 4319613.993, 96, B08, S01, 1
B08, Trade, 4319615.793, 95, B08, S00, 1
B08, Trade, 4319625.443, 91, B08, S01, 1
B08, Trade, 4319629.793, 87, B08, S01, 1
B08, Trade, 4319646.043, 87, B08, S00, 1
B08, Trade, 4319659.893, 87, B08, S00, 1
B08, Trade, 4319677.743, 87, B08, S01, 1
B08, Trade, 4319694.643, 88, B08, S01, 1
B08, Trade, 4319697.593, 95, B08, S01, 1
B08, Trade, 4319702.743, 93, S03, B08, 1
B08, Trade, 4319707.643, 91, B08, S00, 1
B08, Trade, 4319718.493, 88, B08, S00, 1
B08, Trade, 4319737.493, 88, B08, S00, 1
B08, Trade, 4319750.743, 93, B08, S01, 1
B08, Trade, 4319764.293, 92, B08, S01, 1
B08, Trade, 4319767.843, 91, B08, S00, 1
B08, Trade, 4319770.243, 90, B08, S01, 1
B08, Trade, 4319783.743, 88, B08, S00, 1
B08, Trade, 4319786.243, 95, B08, S01, 1
B08, Trade, 4319793.493, 98, B08, S00, 1
B08, Trade, 4319799.893, 96, B08, S01, 1
B08, Trade, 4319806.193, 95, B08, S01, 1
B08, Trade, 4319812.193, 92, B08, S01, 1
B08, Trade, 4319822.493, 91, B08, S01, 1
B08, Trade, 4319832.943, 89, B08, S00, 1
B08, Trade, 4319847.243, 89, B08, S01, 1
B08, Trade, 4319852.943, 88, B08, S01, 1
B08, Trade, 4319863.793, 87, B08, S01, 1
B08, Trade, 4319872.393, 95, B08, S01, 1
B08, Trade, 4319878.143, 94, B08, S00, 1
B08, Trade, 4319887.893, 92, B08, S01, 1
B08, Trade, 4319897.443, 99, B08, S01, 1
B08, Trade, 4319903.043, 101, B08, S01, 1
B08, Trade, 4319910.443, 98, B08, S00, 1
B08, Trade, 4319916.043, 96, B08, S00, 1
B08, Trade, 4319919.593, 96, B08, S01, 1
B08, Trade, 4319924.143, 95, B08, S00, 1
B08, Trade, 4319927.943, 95, B08, S01, 1
B08, Trade, 4319936.093, 94, B08, S01, 1
B08, Trade, 4319939.393, 92, B08, S01, 1
B08, Trade, 4319946.143, 90, B08, S01, 1
B08, Trade, 4319960.693, 90, B08, S00, 1
B08, Trade, 4319966.243, 88, B08, S00, 1
B08, Trade, 4319972.843, 89, B08, S01, 1
B08, Trade, 4319981.943, 88, B08, S01, 1
B08, Trade, 4319991.293, 90, B08, S00, 1
B08, Trade, 4319995.093, 90, B08, S01, 1
B09, 100
B09, Trade, 4319333.593, 95, S02, B09, 1
B09, Trade, 4319350.293, 97, S04, B09, 1
B09, Trade, 4319353.143, 97, S03, B09, 1
B09, Trade, 4319366.793, 97, S02, B09, 1
B09, Trade, 4319369.743, 97, S04, B09, 1
B09, Trade, 4319373.543, 99, S03, B09, 1
B09, Trade, 4319379.793, 98, S02, B09, 1
B09, Trade, 4319389.493, 95, S02, B09, 1
B09, Trade, 4319394.043, 95, S03, B09, 1
B09, Trade, 4319396.693, 94, S02, B09, 1
B09, Trade, 4319403.243, 94, S02, B09, 1
B09, Trade, 4319409.193, 107, B09, S02, 1
B09, Trade, 4319417.593, 104, S05, B09, 1
B09, Trade, 4319426.743, 100, S03, B09, 1
B09, Trade, 4319435.293, 100, S02, B09, 1
B09, Trade, 4319442.543, 101, S04, B09, 1
B09, Trade, 4319452.693, 95, S00, B09, 1
B09, Trade, 4319460.243, 92, S03, B09, 1
B09, Trade, 4319467.593, 95, S04, B09, 1
B09, Trade, 4319482.793, 90, S03, B09, 1
B09, Trade, 4319485.143, 90, S00, B09, 1
B09, Trade, 4319491.343, 91, S02, B09, 1
B09, Trade, 4319506.593, 96, S04, B09, 1
B09, Trade, 4319518.993, 93, S03, B09, 1
B09, Trade, 4319537.043, 88, S02, B09, 1
B09, Trade, 4319545.993, 90, S02, B09, 1
B09, Trade, 4319547.093, 95, S04, B09, 1
B09, Trade, 4319554.293, 95, S04, B09, 1
B09, Trade, 4319558.993, 104, S05, B09, 1
B09, Trade, 4319563.843, 95, S03, B09, 1
B09, Trade, 4319575.393, 104, S05, B09, 1
B09, Trade, 4319581.293, 93, S02, B09, 1
B09, Trade, 4319583.643, 95, S04, B09, 1
B09, Trade, 4319592.393, 97, S03, B09, 1
B09, Trade, 4319595.393, 98, S03, B09, 1
B09, Trade, 4319602.493, 97, S04, B09, 1
B09, Trade, 4319607.993, 95, S03, B09, 1
B09, Trade, 4319611.393, 105, S05, B09, 1
B09, Trade, 4319615.743, 97, S04, B09, 1
B09, Trade, 4319622.293, 98, S04, B09, 1
B09, Trade, 4319631.243, 95, S03, B09, 1
B09, Trade, 4319632.043, 95, S03, B09, 1
B09, Trade, 4319636.493, 91, S02, B09, 1
B09, Trade, 4319644.843, 90, S03, B09, 1
B09, Trade, 4319659.593, 90, S03, B09, 1
B09, Trade, 4319662.643, 91, S02, B09, 1
B09, Trade, 4319666.993, 105, S05, B09, 1
B09, Trade, 4319673.243, 93, S03, B09, 1
B09, Trade, 4319675.443, 94, S02, B09, 1
B09, Trade, 4319686.143, 94, S03, B09, 1
B09, Trade, 4319689.043, 94, S02, B09, 1
B09, Trade, 4319693.943, 94, S03, B09, 1
B09, Trade, 4319695.293, 104, S05, B09, 1
B09, Trade, 4319704.193, 95, S04, B09, 1
B09, Trade, 4319711.143, 84, B09, S01, 1
B09, Trade, 4319714.893, 93, S02, B09, 1
B09, Trade, 4319722.843, 93, S02, B09, 1
B09, Trade, 4319729.143, 95, S04, B09, 1
B09, Trade, 4319735.793, 96, S04, B09, 1
B09, Trade, 4319738.293, 94, S03, B09, 1
B09, Trade, 4319742.393, 104, S05, B09, 1
B09, Trade, 4319751.293, 95, S03, B09, 1
B09, Trade, 4319754.743, 96, S04, B09, 1
B09, Trade, 4319759.043, 95, S02, B09, 1
B09, Trade, 4319763.193, 95, S04, B09, 1
B09, Trade, 4319770.943, 95, S04, B09, 1
B09, Trade, 4319776.743, 95, S04, B09, 1
B09, Trade, 4319783.443, 104, S05, B09, 1
B09, Trade, 4319786.643, 106, B09, S04, 1
B09, Trade, 4319797.943, 98, S02, B09, 1
B09, Trade, 4319805.693, 99, S04, B09, 1
B09, Trade, 4319814.793, 95, S03, B09, 1
B09, Trade, 4319819.743, 96, S04, B09, 1
B09, Trade, 4319825.793, 95, S02, B09, 1
B09, Trade, 4319837.843, 96, S02, B09, 1
B09, Trade, 4319839.643, 96, S03, B09, 1
B09, Trade, 4319846.393, 96, S02, B09, 1
B09, Trade, 4319854.643, 96, S03, B09, 1
B09, Trade, 4319856.543, 98, S02, B09, 1
B09, Trade, 4319868.443, 94, S02, B09, 1
B09, Trade, 4319883.043, 97, S03, B09, 1
B09, Trade, 4319893.343, 94, S02, B09, 1
B09, Trade, 4319896.643, 108, S05, B09, 1
B09, Trade, 4319900.543, 106, S05, B09, 1
B09, Trade, 4319908.893, 104, S04, B09, 1
B09, Trade, 4319919.193, 114, S06, B09, 1
B09, Trade, 4319924.393, 103, S02, B09, 1
B09, Trade, 4319931.793, 100, S02, B09, 1
B09, Trade, 4319938.393, 100, S02, B09, 1
B09, Trade, 4319940.443, 83, B09, S01, 1
B09, Trade, 4319951.443, 94, S03, B09, 1
B09, Trade, 4319954.993, 94, S03, B09, 1
B09, Trade, 4319959.643, 95, S02, B09, 1
B09, Trade, 4319964.943, 92, S03, B09, 1
B09, Trade, 4319967.743, 95, S04, B09, 1
B09, Trade, 4319981.893, 104, S05, B09, 1
B09, Trade, 4319986.043, 95, S04, B09, 1
B09, Trade, 4319990.343, 95, S02, B09, 1
B09, Trade, 4319996.143, 95, S03, B09, 1
B09, Trade, 4319999.843, 95, S03, B09, 1
S00, 100
S00, Trade, 4319424.693, 97, B05, S00, 1
S00, Trade, 4319427.193, 95, B05, S00, 1
S00, Trade, 4319433.643, 94, B05, S00, 1
S00, Trade, 4319437.893, 93, B04, S00, 1
S00, Trade, 4319441.243, 70, S00, B03, 1
S00, Trade, 4319452.693, 95, S00, B09, 1
S00, Trade, 4319461.493, 75, B02, S00, 1
S00, Trade, 4319464.193, 87, B08, S00, 1
S00, Trade, 4319471.443, 86, B08, S00, 1
S00, Trade, 4319478.293, 84, B08, S00, 1
S00, Trade, 4319485.143, 90, S00, B09, 1
S00, Trade, 4319490.293, 86, B08, S00, 1
S00, Trade, 4319492.893, 94, B07, S00, 1
S00, Trade, 4319497.243, 92, B05, S00, 1
S00, Trade, 4319504.993, 92, B04, S00, 1
S00, Trade, 4319509.743, 91, B04, S00, 1
S00, Trade, 4319512.443, 79, B07, S00, 1
S00, Trade, 4319519.643, 90, B08, S00, 1
S00, Trade, 4319523.043, 76, B02, S00, 1
S00, Trade, 4319532.393, 85, B05, S00, 1
S00, Trade, 4319539.043, 85, B03, S00, 1
S00, Trade, 4319543.643, 85, B04, S00, 1
S00, Trade, 4319554.543, 86, B04, S00, 1
S00, Trade, 4319562.693, 92, B05, S00, 1
S00, Trade, 4319566.493, 91, B08, S00, 1
S00, Trade, 4319572.193, 89, B04, S00, 1
S00, Trade, 4319578.143, 89, B04, S00, 1
S00, Trade, 4319584.743, 112, B06, S00, 1
S00, Trade, 4319590.593, 94, B04, S00, 1
S00, Trade, 4319595.493, 94, B05, S00, 1
S00, Trade, 4319602.843, 90, B05, S00, 1
S00, Trade, 4319605.143, 91, B05, S00, 1
S00, Trade, 4319613.493, 97, B05, S00, 1
S00, Trade, 4319615.793, 95, B08, S00, 1
S00, Trade, 4319619.343, 76, B02, S00, 1
S00, Trade, 4319628.193, 90, B04, S00, 1
S00, Trade, 4319629.243, 75, B02, S00, 1
S00, Trade, 4319633.743, 86, B05, S00, 1
S00, Trade, 4319640.243, 89, B05, S00, 1
S00, Trade, 4319646.043, 87, B08, S00, 1
S00, Trade, 4319650.293, 87, B04, S00, 1
S00, Trade, 4319656.543, 87, B05, S00, 1
S00, Trade, 4319659.893, 87, B08, S00, 1
S00, Trade, 4319670.993, 82, B04, S00, 1
S00, Trade, 4319684.693, 88, B05, S00, 1
S00, Trade, 4319693.543, 89, B05, S00, 1
S00, Trade, 4319695.843, 94, B05, S00, 1
S00, Trade, 4319700.743, 94, B04, S00, 1
S00, Trade, 4319707.643, 91, B08, S00, 1
S00, Trade, 4319714.643, 88, B05, S00, 1
S00, Trade, 4319718.493, 88, B08, S00, 1
S00, Trade, 4319723.143, 88, B04, S00, 1
S00, Trade, 4319731.593, 87, B04, S00, 1
S00, Trade, 4319734.593, 87, B05, S00, 1
S00, Trade, 4319737.493, 88, B08, S00, 1
S00, Trade, 4319741.993, 92, B05, S00, 1
S00, Trade, 4319752.843, 93, B05, S00, 1
S00, Trade, 4319757.993, 94, B04, S00, 1
S00, Trade, 4319765.893, 92, B04, S00, 1
S00, Trade, 4319767.843, 91, B08, S00, 1
S00, Trade, 4319772.843, 89, B04, S00, 1
S00, Trade, 4319783.743, 88, B08, S00, 1
S00, Trade, 4319784.543, 93, B04, S00, 1
S00, Trade, 4319793.493, 98, B08, S00, 1
S00, Trade, 4319800.893, 94, B04, S00, 1
S00, Trade, 4319807.293, 76, B02, S00, 1
S00, Trade, 4319811.943, 93, B04, S00, 1
S00, Trade, 4319816.893, 93, B05, S00, 1
S00, Trade, 4319824.143, 90, B05, S00, 1
S00, Trade, 4319832.943, 89, B08, S00, 1
S00, Trade, 4319838.043, 91, B04, S00, 1
S00, Trade, 4319840.843, 91, B05, S00, 1
S00, Trade, 4319845.943, 90, B04, S00, 1
S00, Trade, 4319852.693, 88, B04, S00, 1
S00, Trade, 4319855.943, 86, B04, S00, 1
S00, Trade, 4319861.043, 88, B04, S00, 1
S00, Trade, 4319864.843, 87, B05, S00, 1
S00, Trade, 4319869.043, 88, B04, S00, 1
S00, Trade, 4319878.143, 94, B08, S00, 1
S00, Trade, 4319878.643, 93, B04, S00, 1
S00, Trade, 4319887.843, 93, B05, S00, 1
S00, Trade, 4319892.543, 92, B05, S00, 1
S00, Trade, 4319899.093, 102, B05, S00, 1
S00, Trade, 4319903.443, 100, B05, S00, 1
S00, Trade, 4319906.143, 94, B04, S00, 1
S00, Trade, 4319910.443, 98, B08, S00, 1
S00, Trade, 4319916.043, 96, B08, S00, 1
S00, Trade, 4319924.143, 95, B08, S00, 1
S00, Trade, 4319928.593, 95, B05, S00, 1
S00, Trade, 4319937.043, 93, B04, S00, 1
S00, Trade, 4319939.193, 92, B05, S00, 1
S00, Trade, 4319942.393, 88, B04, S00, 1
S00, Trade, 4319954.843, 91, B04, S00, 1
S00, Trade, 4319960.693, 90, B08, S00, 1
S00, Trade, 4319966.243, 88, B08, S00, 1
S00, Trade, 4319966.443, 87, B04, S00, 1
S00, Trade, 4319980.093, 88, B05, S00, 1
S00, Trade, 4319984.493, 92, B04, S00, 1
S00, Trade, 4319991.293, 90, B08, S00, 1
S00, Trade, 4319993.843, 90, B05, S00, 1
S01, 100
S01, Trade, 4319461.443, 90, B04, S01, 1
S01, Trade, 4319470.543, 86, B05, S01, 1
S01, Trade, 4319476.593, 85, B05, S01, 1
S01, Trade, 4319483.693, 85, B04, S01, 1
S01, Trade, 4319488.793, 75, B02, S01, 1
S01, Trade, 4319493.693, 93, B04, S01, 1
S01, Trade, 4319497.793, 90, B08, S01, 1
S01, Trade, 4319507.343, 95, B08, S01, 1
S01, Trade, 4319515.143, 91, B04, S01, 1
S01, Trade, 4319516.493, 91, B05, S01, 1
S01, Trade, 4319522.893, 82, S01, B04, 1
S01, Trade, 4319529.343, 86, B03, S01, 1
S01, Trade, 4319535.343, 85, B04, S01, 1
S01, Trade, 4319541.443, 84, B05, S01, 1
S01, Trade, 4319547.243, 87, B07, S01, 1
S01, Trade, 4319554.593, 87, S01, B07, 1
S01, Trade, 4319558.893, 88, B08, S01, 1
S01, Trade, 4319562.893, 92, B08, S01, 1
S01, Trade, 4319571.143, 90, B08, S01, 1
S01, Trade, 4319572.343, 88, B05, S01, 1
S01, Trade, 4319581.993, 88, B04, S01, 1
S01, Trade, 4319587.493, 96, B08, S01, 1
S01, Trade, 4319592.543, 95, B08, S01, 1
S01, Trade, 4319599.093, 92, B04, S01, 1
S01, Trade, 4319602.693, 93, B08, S01, 1
S01, Trade, 4319607.743, 91, B08, S01, 1
S01, Trade, 4319613.993, 96, B08, S01, 1
S01, Trade, 4319617.093, 95, B05, S01, 1
S01, Trade, 4319618.843, 93, B04, S01, 1
S01, Trade, 4319625.443, 91, B08, S01, 1
S01, Trade, 4319629.793, 87, B08, S01, 1
S01, Trade, 4319634.893, 85, B04, S01, 1
S01, Trade, 4319644.293, 89, B04, S01, 1
S01, Trade, 4319644.793, 89, B05, S01, 1
S01, Trade, 4319650.943, 87, B05, S01, 1
S01, Trade, 4319656.093, 87, B04, S01, 1
S01, Trade, 4319665.643, 91, B05, S01, 1
S01, Trade, 4319670.893, 74, B02, S01, 1
S01, Trade, 4319677.743, 87, B08, S01, 1
S01, Trade, 4319682.443, 88, B04, S01, 1
S01, Trade, 4319690.493, 89, B04, S01, 1
S01, Trade, 4319694.643, 88, B08, S01, 1
S01, Trade, 4319697.593, 95, B08, S01, 1
S01, Trade, 4319703.843, 87, S01, B06, 1
S01, Trade, 4319709.093, 89, B04, S01, 1
S01, Trade, 4319711.143, 84, B09, S01, 1
S01, Trade, 4319720.643, 89, B04, S01, 1
S01, Trade, 4319722.643, 88, B05, S01, 1
S01, Trade, 4319728.443, 88, B05, S01, 1
S01, Trade, 4319733.343, 93, B04, S01, 1
S01, Trade, 4319740.693, 93, B04, S01, 1
S01, Trade, 4319750.743, 93, B08, S01, 1
S01, Trade, 4319751.393, 92, B04, S01, 1
S01, Trade, 4319758.593, 93, B05, S01, 1
S01, Trade, 4319764.293, 92, B08, S01, 1
S01, Trade, 4319770.243, 90, B08, S01, 1
S01, Trade, 4319778.143, 89, B07, S01, 1
S01, Trade, 4319779.743, 89, B04, S01, 1
S01, Trade, 4319786.243, 95, B08, S01, 1
S01, Trade, 4319790.543, 79, B03, S01, 1
S01, Trade, 4319793.943, 91, B04, S01, 1
S01, Trade, 4319799.893, 96, B08, S01, 1
S01, Trade, 4319806.193, 95, B08, S01, 1
S01, Trade, 4319809.343, 89, B05, S01, 1
S01, Trade, 4319812.193, 92, B08, S01, 1
S01, Trade, 4319822.493, 91, B08, S01, 1
S01, Trade, 4319826.693, 90, B04, S01, 1
S01, Trade, 4319831.543, 90, B04, S01, 1
S01, Trade, 4319835.443, 88, B05, S01, 1
S01, Trade, 4319838.743, 93, B07, S01, 1
S01, Trade, 4319847.243, 89, B08, S01, 1
S01, Trade, 4319852.943, 88, B08, S01, 1
S01, Trade, 4319853.943, 75, B02, S01, 1
S01, Trade, 4319863.793, 87, B08, S01, 1
S01, Trade, 4319869.743, 88, B05, S01, 1
S01, Trade, 4319872.393, 95, B08, S01, 1
S01, Trade, 4319881.193, 85, B03, S01, 1
S01, Trade, 4319887.893, 92, B08, S01, 1
S01, Trade, 4319894.943, 94, B04, S01, 1
S01, Trade, 4319897.443, 99, B08, S01, 1
S01, Trade, 4319903.043, 101, B08, S01, 1
S01, Trade, 4319905.243, 99, B05, S01, 1
S01, Trade, 4319914.093, 97, B05, S01, 1
S01, Trade, 4319919.593, 96, B08, S01, 1
S01, Trade, 4319923.143, 95, B05, S01, 1
S01, Trade, 4319927.943, 95, B08, S01, 1
S01, Trade, 4319936.093, 94, B08, S01, 1
S01, Trade, 4319939.393, 92, B08, S01, 1
S01, Trade, 4319940.443, 83, B09, S01, 1
S01, Trade, 4319946.143, 90, B08, S01, 1
S01, Trade, 4319953.893, 91, B05, S01, 1
S01, Trade, 4319957.643, 91, B05, S01, 1
S01, Trade, 4319961.643, 85, B07, S01, 1
S01, Trade, 4319970.643, 89, B04, S01, 1
S01, Trade, 4319972.843, 89, B08, S01, 1
S01, Trade, 4319979.093, 89, B04, S01, 1
S01, Trade, 4319981.943, 88, B08, S01, 1
S01, Trade, 4319987.493, 91, B05, S01, 1
S01, Trade, 4319995.093, 90, B08, S01, 1
S01, Trade, 4319999.943, 89, B04, S01, 1
S02, 100
S02, Trade, 4319284.193, 92, S02, B07, 1
S02, Trade, 4319289.693, 93, S02, B04, 1
S02, Trade, 4319296.093, 87, S02, B06, 1
S02, Trade, 4319298.093, 87, S02, B07, 1
S02, Trade, 4319306.943, 89, S02, B06, 1
S02, Trade, 4319311.243, 88, S02, B06, 1
S02, Trade, 4319318.093, 95, S02, B09, 1
S02, Trade, 4319327.393, 95, S02, B06, 1
S02, Trade, 4319333.593, 95, S02, B09, 1
S02, Trade, 4319348.743, 97, S02, B06, 1
S02, Trade, 4319353.243, 97, S02, B06, 1
S02, Trade, 4319358.143, 99, S02, B06, 1
S02, Trade, 4319366.793, 97, S02, B09, 1
S02, Trade, 4319373.643, 99, S02, B07, 1
S02, Trade, 4319379.793, 98, S02, B09, 1
S02, Trade, 4319389.493, 95, S02, B09, 1
S02, Trade, 4319393.243, 95, S02, B06, 1
S02, Trade, 4319396.693, 94, S02, B09, 1
S02, Trade, 4319403.243, 94, S02, B09, 1
S02, Trade, 4319409.193, 107, B09, S02, 1
S02, Trade, 4319412.693, 88, S02, B07, 1
S02, Trade, 4319419.343, 101, S02, B08, 1
S02, Trade, 4319430.193, 100, S02, B07, 1
S02, Trade, 4319435.293, 100, S02, B09, 1
S02, Trade, 4319441.993, 83, B05, S02, 1
S02, Trade, 4319449.043, 90, B08, S02, 1
S02, Trade, 4319460.543, 92, S02, B06, 1
S02, Trade, 4319462.443, 92, S02, B06, 1
S02, Trade, 4319471.943, 93, S02, B06, 1
S02, Trade, 4319484.143, 90, S02, B07, 1
S02, Trade, 4319491.343, 91, S02, B09, 1
S02, Trade, 4319496.293, 93, S02, B06, 1
S02, Trade, 4319502.943, 93, S02, B06, 1
S02, Trade, 4319513.043, 91, B08, S02, 1
S02, Trade, 4319527.343, 88, S02, B06, 1
S02, Trade, 4319533.393, 88, S02, B07, 1
S02, Trade, 4319537.043, 88, S02, B09, 1
S02, Trade, 4319542.293, 90, S02, B07, 1
S02, Trade, 4319545.993, 90, S02, B09, 1
S02, Trade, 4319552.943, 90, S02, B06, 1
S02, Trade, 4319558.543, 91, S02, B04, 1
S02, Trade, 4319570.793, 95, S02, B06, 1
S02, Trade, 4319581.293, 93, S02, B09, 1
S02, Trade, 4319584.943, 98, S02, B05, 1
S02, Trade, 4319592.693, 98, S02, B06, 1
S02, Trade, 4319604.093, 97, S02, B06, 1
S02, Trade, 4319608.393, 95, S02, B06, 1
S02, Trade, 4319618.443, 97, S02, B06, 1
S02, Trade, 4319628.293, 95, S02, B07, 1
S02, Trade, 4319634.343, 93, S02, B06, 1
S02, Trade, 4319636.493, 91, S02, B09, 1
S02, Trade, 4319643.493, 90, S02, B06, 1
S02, Trade, 4319653.793, 90, S02, B06, 1
S02, Trade, 4319658.493, 90, S02, B06, 1
S02, Trade, 4319662.643, 91, S02, B09, 1
S02, Trade, 4319673.443, 94, S02, B07, 1
S02, Trade, 4319675.443, 94, S02, B09, 1
S02, Trade, 4319689.043, 94, S02, B09, 1
S02, Trade, 4319693.593, 94, S02, B06, 1
S02, Trade, 4319699.393, 98, S02, B06, 1
S02, Trade, 4319704.093, 89, S02, B07, 1
S02, Trade, 4319708.843, 92, S02, B05, 1
S02, Trade, 4319714.893, 93, S02, B09, 1
S02, Trade, 4319722.843, 93, S02, B09, 1
S02, Trade, 4319734.843, 94, S02, B07, 1
S02, Trade, 4319740.643, 94, S02, B06, 1
S02, Trade, 4319749.243, 96, S02, B06, 1
S02, Trade, 4319750.243, 95, S02, B07, 1
S02, Trade, 4319759.043, 95, S02, B09, 1
S02, Trade, 4319760.293, 95, S02, B06, 1
S02, Trade, 4319765.793, 95, S02, B06, 1
S02, Trade, 4319774.693, 94, S02, B06, 1
S02, Trade, 4319788.893, 102, B05, S02, 1
S02, Trade, 4319791.893, 99, S02, B07, 1
S02, Trade, 4319797.943, 98, S02, B09, 1
S02, Trade, 4319806.943, 98, S02, B06, 1
S02, Trade, 4319816.543, 96, S02, B07, 1
S02, Trade, 4319819.793, 96, S02, B07, 1
S02, Trade, 4319825.793, 95, S02, B09, 1
S02, Trade, 4319831.693, 95, S02, B06, 1
S02, Trade, 4319837.843, 96, S02, B09, 1
S02, Trade, 4319846.393, 96, S02, B09, 1
S02, Trade, 4319856.543, 98, S02, B09, 1
S02, Trade, 4319862.293, 95, S02, B06, 1
S02, Trade, 4319868.443, 94, S02, B09, 1
S02, Trade, 4319876.943, 97, S02, B07, 1
S02, Trade, 4319893.343, 94, S02, B09, 1
S02, Trade, 4319916.143, 100, S02, B06, 1
S02, Trade, 4319924.393, 103, S02, B09, 1
S02, Trade, 4319931.793, 100, S02, B09, 1
S02, Trade, 4319938.393, 100, S02, B09, 1
S02, Trade, 4319943.693, 93, S02, B06, 1
S02, Trade, 4319951.593, 94, S02, B06, 1
S02, Trade, 4319959.643, 95, S02, B09, 1
S02, Trade, 4319961.893, 95, S02, B06, 1
S02, Trade, 4319966.393, 92, S02, B06, 1
S02, Trade, 4319972.493, 92, S02, B06, 1
S02, Trade, 4319980.643, 93, S02, B06, 1
S02, Trade, 4319990.343, 95, S02, B09, 1
S02, Trade, 4319996.243, 95, S02, B06, 1
S03, 100
S03, Trade, 4319307.343, 89, S03, B09, 1
S03, Trade, 4319310.443, 88, S03, B09, 1
S03, Trade, 4319315.643, 93, B05, S03, 1
S03, Trade, 4319323.443, 96, S03, B09, 1
S03, Trade, 4319333.993, 95, S03, B07, 1
S03, Trade, 4319353.143, 97, S03, B09, 1
S03, Trade, 4319373.543, 99, S03, B09, 1
S03, Trade, 4319381.743, 96, S03, B05, 1
S03, Trade, 4319385.643, 95, S03, B06, 1
S03, Trade, 4319394.043, 95, S03, B09, 1
S03, Trade, 4319397.043, 95, S03, B06, 1
S03, Trade, 4319404.193, 94, S03, B06, 1
S03, Trade, 4319406.943, 93, B04, S03, 1
S03, Trade, 4319413.193, 90, S03, B05, 1
S03, Trade, 4319422.693, 100, B08, S03, 1
S03, Trade, 4319426.743, 100, S03, B09, 1
S03, Trade, 4319432.593, 100, S03, B06, 1
S03, Trade, 4319439.243, 100, S03, B06, 1
S03, Trade, 4319445.343, 92, S03, B06, 1
S03, Trade, 4319446.843, 92, S03, B07, 1
S03, Trade, 4319460.243, 92, S03, B09, 1
S03, Trade, 4319466.343, 91, S03, B06, 1
S03, Trade, 4319475.743, 93, S03, B06, 1
S03, Trade, 4319478.943, 90, S03, B07, 1
S03, Trade, 4319482.793, 90, S03, B09, 1
S03, Trade, 4319490.243, 92, S03, B06, 1
S03, Trade, 4319498.943, 93, S03, B06, 1
S03, Trade, 4319504.743, 100, B05, S03, 1
S03, Trade, 4319508.193, 98, S03, B06, 1
S03, Trade, 4319518.993, 93, S03, B09, 1
S03, Trade, 4319545.543, 90, S03, B06, 1
S03, Trade, 4319550.793, 90, S03, B06, 1
S03, Trade, 4319558.093, 92, B04, S03, 1
S03, Trade, 4319563.843, 95, S03, B09, 1
S03, Trade, 4319566.693, 95, S03, B06, 1
S03, Trade, 4319578.343, 94, S03, B06, 1
S03, Trade, 4319582.643, 92, S03, B07, 1
S03, Trade, 4319586.293, 97, B05, S03, 1
S03, Trade, 4319592.393, 97, S03, B09, 1
S03, Trade, 4319595.393, 98, S03, B09, 1
S03, Trade, 4319607.993, 95, S03, B09, 1
S03, Trade, 4319619.593, 97, S03, B06, 1
S03, Trade, 4319631.243, 95, S03, B09, 1
S03, Trade, 4319632.043, 95, S03, B09, 1
S03, Trade, 4319640.643, 90, S03, B07, 1
S03, Trade, 4319644.843, 90, S03, B09, 1
S03, Trade, 4319647.993, 90, S03, B06, 1
S03, Trade, 4319659.593, 90, S03, B09, 1
S03, Trade, 4319665.243, 92, S03, B06, 1
S03, Trade, 4319673.243, 93, S03, B09, 1
S03, Trade, 4319686.143, 94, S03, B09, 1
S03, Trade, 4319689.493, 94, S03, B06, 1
S03, Trade, 4319693.943, 94, S03, B09, 1
S03, Trade, 4319701.293, 95, S03, B05, 1
S03, Trade, 4319702.743, 93, S03, B08, 1
S03, Trade, 4319710.493, 93, S03, B06, 1
S03, Trade, 4319714.343, 93, S03, B07, 1
S03, Trade, 4319720.493, 93, S03, B06, 1
S03, Trade, 4319727.293, 93, S03, B07, 1
S03, Trade, 4319730.293, 94, S03, B06, 1
S03, Trade, 4319734.543, 93, S03, B06, 1
S03, Trade, 4319738.293, 94, S03, B09, 1
S03, Trade, 4319751.293, 95, S03, B09, 1
S03, Trade, 4319756.343, 95, S03, B06, 1
S03, Trade, 4319771.243, 95, S03, B06, 1
S03, Trade, 4319774.643, 94, S03, B07, 1
S03, Trade, 4319777.393, 94, S03, B06, 1
S03, Trade, 4319784.293, 98, B07, S03, 1
S03, Trade, 4319792.443, 100, S03, B07, 1
S03, Trade, 4319811.793, 98, S03, B06, 1
S03, Trade, 4319814.793, 95, S03, B09, 1
S03, Trade, 4319820.293, 96, S03, B06, 1
S03, Trade, 4319827.693, 95, S03, B06, 1
S03, Trade, 4319833.943, 95, S03, B06, 1
S03, Trade, 4319839.643, 96, S03, B09, 1
S03, Trade, 4319846.293, 96, S03, B06, 1
S03, Trade, 4319851.093, 96, S03, B06, 1
S03, Trade, 4319854.643, 96, S03, B09, 1
S03, Trade, 4319864.293, 94, S03, B06, 1
S03, Trade, 4319874.293, 97, S03, B06, 1
S03, Trade, 4319879.443, 97, S03, B06, 1
S03, Trade, 4319883.043, 97, S03, B09, 1
S03, Trade, 4319894.293, 113, B06, S03, 1
S03, Trade, 4319898.093, 110, B06, S03, 1
S03, Trade, 4319901.643, 104, S03, B06, 1
S03, Trade, 4319909.743, 104, S03, B06, 1
S03, Trade, 4319922.193, 103, S03, B07, 1
S03, Trade, 4319928.793, 102, S03, B07, 1
S03, Trade, 4319933.393, 100, S03, B06, 1
S03, Trade, 4319942.843, 97, S03, B06, 1
S03, Trade, 4319951.443, 94, S03, B09, 1
S03, Trade, 4319954.993, 94, S03, B09, 1
S03, Trade, 4319956.643, 94, B07, S03, 1
S03, Trade, 4319964.943, 92, S03, B09, 1
S03, Trade, 4319968.393, 92, S03, B07, 1
S03, Trade, 4319979.243, 93, S03, B06, 1
S03, Trade, 4319980.843, 93, S03, B07, 1
S03, Trade, 4319987.443, 95, S03, B06, 1
S03, Trade, 4319996.143, 95, S03, B09, 1
S03, Trade, 4319999.843, 95, S03, B09, 1
S04, 100
S04, Trade, 4319074.843, 95, S04, B06, 1
S04, Trade, 4319079.893, 95, S04, B06, 1
S04, Trade, 4319090.343, 96, S04, B06, 1
S04, Trade, 4319094.193, 95, S04, B06, 1
S04, Trade, 4319109.543, 97, S04, B06, 1
S04, Trade, 4319117.593, 99, S04, B09, 1
S04, Trade, 4319126.593, 99, S04, B09, 1
S04, Trade, 4319146.143, 97, S04, B06, 1
S04, Trade, 4319164.943, 98, S04, B06, 1
S04, Trade, 4319167.943, 97, S04, B07, 1
S04, Trade, 4319181.693, 95, S04, B06, 1
S04, Trade, 4319200.993, 95, S04, B09, 1
S04, Trade, 4319204.393, 95, S04, B05, 1
S04, Trade, 4319209.243, 95, S04, B06, 1
S04, Trade, 4319217.193, 96, S04, B09, 1
S04, Trade, 4319232.943, 97, S04, B06, 1
S04, Trade, 4319236.593, 98, S04, B09, 1
S04, Trade, 4319268.243, 95, S04, B09, 1
S04, Trade, 4319273.393, 95, S04, B06, 1
S04, Trade, 4319280.093, 95, S04, B07, 1
S04, Trade, 4319285.193, 95, S04, B06, 1
S04, Trade, 4319287.893, 95, S04, B06, 1
S04, Trade, 4319299.993, 99, S04, B06, 1
S04, Trade, 4319319.743, 97, S04, B06, 1
S04, Trade, 4319326.943, 95, S04, B06, 1
S04, Trade, 4319329.943, 95, S04, B07, 1
S04, Trade, 4319341.543, 103, S04, B06, 1
S04, Trade, 4319343.743, 97, B05, S04, 1
S04, Trade, 4319350.293, 97, S04, B09, 1
S04, Trade, 4319357.293, 101, S04, B06, 1
S04, Trade, 4319363.793, 97, S04, B06, 1
S04, Trade, 4319369.743, 97, S04, B09, 1
S04, Trade, 4319375.843, 99, S04, B06, 1
S04, Trade, 4319379.543, 98, S04, B06, 1
S04, Trade, 4319390.693, 96, S04, B07, 1
S04, Trade, 4319395.993, 95, S04, B07, 1
S04, Trade, 4319407.493, 96, S04, B06, 1
S04, Trade, 4319415.943, 104, S04, B06, 1
S04, Trade, 4319420.693, 98, S04, B06, 1
S04, Trade, 4319428.593, 100, S04, B06, 1
S04, Trade, 4319442.543, 101, S04, B09, 1
S04, Trade, 4319450.293, 97, S04, B06, 1
S04, Trade, 4319467.593, 95, S04, B09, 1
S04, Trade, 4319485.543, 95, S04, B06, 1
S04, Trade, 4319506.593, 96, S04, B09, 1
S04, Trade, 4319513.643, 99, S04, B06, 1
S04, Trade, 4319519.593, 96, S04, B06, 1
S04, Trade, 4319537.393, 95, S04, B06, 1
S04, Trade, 4319547.093, 95, S04, B09, 1
S04, Trade, 4319554.293, 95, S04, B09, 1
S04, Trade, 4319560.993, 99, S04, B06, 1
S04, Trade, 4319572.943, 95, S04, B06, 1
S04, Trade, 4319583.643, 95, S04, B09, 1
S04, Trade, 4319593.293, 98, S04, B07, 1
S04, Trade, 4319597.043, 98, S04, B06, 1
S04, Trade, 4319602.493, 97, S04, B09, 1
S04, Trade, 4319610.393, 95, S04, B07, 1
S04, Trade, 4319615.743, 97, S04, B09, 1
S04, Trade, 4319622.293, 98, S04, B09, 1
S04, Trade, 4319624.793, 96, S04, B06, 1
S04, Trade, 4319633.343, 95, S04, B06, 1
S04, Trade, 4319660.193, 95, S04, B07, 1
S04, Trade, 4319661.093, 95, S04, B06, 1
S04, Trade, 4319674.443, 95, S04, B06, 1
S04, Trade, 4319680.843, 96, S04, B06, 1
S04, Trade, 4319695.143, 95, S04, B07, 1
S04, Trade, 4319704.193, 95, S04, B09, 1
S04, Trade, 4319729.143, 95, S04, B09, 1
S04, Trade, 4319735.793, 96, S04, B09, 1
S04, Trade, 4319754.743, 96, S04, B09, 1
S04, Trade, 4319763.193, 95, S04, B09, 1
S04, Trade, 4319770.943, 95, S04, B09, 1
S04, Trade, 4319776.743, 95, S04, B09, 1
S04, Trade, 4319779.843, 95, S04, B07, 1
S04, Trade, 4319786.643, 106, B09, S04, 1
S04, Trade, 4319790.393, 106, S04, B06, 1
S04, Trade, 4319805.693, 99, S04, B09, 1
S04, Trade, 4319808.593, 99, S04, B07, 1
S04, Trade, 4319815.043, 98, S04, B06, 1
S04, Trade, 4319819.743, 96, S04, B09, 1
S04, Trade, 4319834.593, 96, S04, B07, 1
S04, Trade, 4319842.843, 96, S04, B06, 1
S04, Trade, 4319848.793, 96, S04, B07, 1
S04, Trade, 4319854.843, 97, S04, B07, 1
S04, Trade, 4319869.443, 95, S04, B07, 1
S04, Trade, 4319871.843, 97, S04, B05, 1
S04, Trade, 4319876.843, 96, B05, S04, 1
S04, Trade, 4319886.993, 97, S04, B06, 1
S04, Trade, 4319894.543, 110, B07, S04, 1
S04, Trade, 4319905.293, 104, S04, B06, 1
S04, Trade, 4319908.893, 104, S04, B09, 1
S04, Trade, 4319913.893, 100, S04, B07, 1
S04, Trade, 4319923.543, 103, S04, B06, 1
S04, Trade, 4319926.493, 102, S04, B06, 1
S04, Trade, 4319936.193, 100, S04, B07, 1
S04, Trade, 4319945.693, 95, S04, B06, 1
S04, Trade, 4319956.443, 95, S04, B06, 1
S04, Trade, 4319967.743, 95, S04, B09, 1
S04, Trade, 4319973.343, 95, S04, B07, 1
S04, Trade, 4319986.043, 95, S04, B09, 1
S05, 100
S05, Trade, 4317124.293, 104, S05, B09, 1
S05, Trade, 4317171.043, 105, S05, B06, 1
S05, Trade, 4317199.043, 104, S05, B06, 1
S05, Trade, 4317201.443, 111, B06, S05, 1
S05, Trade, 4317219.293, 105, S05, B07, 1
S05, Trade, 4317236.443, 105, S05, B09, 1
S05, Trade, 4317240.693, 105, S05, B06, 1
S05, Trade, 4317304.793, 104, S05, B06, 1
S05, Trade, 4317321.393, 104, S05, B07, 1
S05, Trade, 4317356.493, 104, S05, B09, 1
S05, Trade, 4317373.143, 104, S05, B06, 1
S05, Trade, 4317438.493, 105, S05, B06, 1
S05, Trade, 4317491.593, 105, S05, B06, 1
S05, Trade, 4317509.193, 105, S05, B07, 1
S05, Trade, 4317518.293, 105, S05, B06, 1
S05, Trade, 4317526.593, 105, S05, B09, 1
S05, Trade, 4317538.443, 104, S05, B06, 1
S05, Trade, 4317566.443, 112, B06, S05, 1
S05, Trade, 4317589.043, 106, B07, S05, 1
S05, Trade, 4317600.393, 104, S05, B07, 1
S05, Trade, 4317613.493, 104, S05, B09, 1
S05, Trade, 4317719.043, 104, S05, B09, 1
S05, Trade, 4317786.043, 104, S05, B09, 1
S05, Trade, 4317799.393, 104, S05, B09, 1
S05, Trade, 4317824.943, 104, S05, B07, 1
S05, Trade, 4317895.793, 104, S05, B09, 1
S05, Trade, 4317897.093, 109, B06, S05, 1
S05, Trade, 4317917.943, 104, S05, B09, 1
S05, Trade, 4317924.843, 104, S05, B06, 1
S05, Trade, 4317970.543, 104, S05, B09, 1
S05, Trade, 4317976.693, 104, S05, B06, 1
S05, Trade, 4317982.993, 104, S05, B06, 1
S05, Trade, 4318018.743, 104, S05, B06, 1
S05, Trade, 4318036.443, 104, S05, B07, 1
S05, Trade, 4318076.743, 104, S05, B07, 1
S05, Trade, 4318089.293, 104, S05, B07, 1
S05, Trade, 4318102.143, 104, S05, B06, 1
S05, Trade, 4318111.243, 104, S05, B09, 1
S05, Trade, 4318121.243, 104, S05, B06, 1
S05, Trade, 4318174.193, 104, S05, B09, 1
S05, Trade, 4318219.593, 104, S05, B07, 1
S05, Trade, 4318240.543, 107, B09, S05, 1
S05, Trade, 4318285.993, 104, S05, B06, 1
S05, Trade, 4318291.293, 104, S05, B09, 1
S05, Trade, 4318373.293, 104, S05, B09, 1
S05, Trade, 4318411.343, 105, S05, B06, 1
S05, Trade, 4318418.093, 104, S05, B09, 1
S05, Trade, 4318451.743, 104, S05, B09, 1
S05, Trade, 4318496.143, 104, S05, B06, 1
S05, Trade, 4318508.893, 104, S05, B07, 1
S05, Trade, 4318511.493, 132, B09, S05, 1
S05, Trade, 4318541.493, 104, S05, B06, 1
S05, Trade, 4318577.243, 104, S05, B09, 1
S05, Trade, 4318594.543, 104, S05, B06, 1
S05, Trade, 4318607.943, 104, S05, B06, 1
S05, Trade, 4318615.493, 104, S05, B06, 1
S05, Trade, 4318627.193, 104, S05, B06, 1
S05, Trade, 4318656.793, 104, S05, B06, 1
S05, Trade, 4318719.493, 104, S05, B09, 1
S05, Trade, 4318801.393, 104, S05, B06, 1
S05, Trade, 4318820.643, 104, S05, B09, 1
S05, Trade, 4318875.043, 104, S05, B09, 1
S05, Trade, 4318884.793, 112, B06, S05, 1
S05, Trade, 4318906.293, 104, S05, B06, 1
S05, Trade, 4318923.243, 104, S05, B06, 1
S05, Trade, 4318988.343, 104, S05, B09, 1
S05, Trade, 4319024.043, 104, S05, B09, 1
S05, Trade, 4319050.243, 104, S05, B09, 1
S05, Trade, 4319069.843, 104, S05, B06, 1
S05, Trade, 4319082.693, 104, S05, B09, 1
S05, Trade, 4319110.593, 104, S05, B09, 1
S05, Trade, 4319120.793, 104, S05, B06, 1
S05, Trade, 4319138.843, 104, S05, B09, 1
S05, Trade, 4319160.493, 104, S05, B06, 1
S05, Trade, 4319202.893, 104, S05, B09, 1
S05, Trade, 4319294.043, 104, S05, B09, 1
S05, Trade, 4319315.543, 104, S05, B06, 1
S05, Trade, 4319354.693, 104, S05, B07, 1
S05, Trade, 4319370.743, 110, B06, S05, 1
S05, Trade, 4319414.043, 111, B06, S05, 1
S05, Trade, 4319417.593, 104, S05, B09, 1
S05, Trade, 4319507.493, 104, S05, B07, 1
S05, Trade, 4319558.993, 104, S05, B09, 1
S05, Trade, 4319575.393, 104, S05, B09, 1
S05, Trade, 4319611.393, 105, S05, B09, 1
S05, Trade, 4319666.993, 105, S05, B09, 1
S05, Trade, 4319677.143, 105, S05, B06, 1
S05, Trade, 4319695.293, 104, S05, B09, 1
S05, Trade, 4319705.843, 104, S05, B06, 1
S05, Trade, 4319742.393, 104, S05, B09, 1
S05, Trade, 4319751.493, 104, S05, B07, 1
S05, Trade, 4319783.443, 104, S05, B09, 1
S05, Trade, 4319786.543, 112, B06, S05, 1
S05, Trade, 4319792.993, 104, S05, B06, 1
S05, Trade, 4319801.293, 104, S05, B06, 1
S05, Trade, 4319854.993, 104, S05, B06, 1
S05, Trade, 4319870.593, 109, B06, S05, 1
S05, Trade, 4319896.643, 108, S05, B09, 1
S05, Trade, 4319900.543, 106, S05, B09, 1
S05, Trade, 4319981.893, 104, S05, B09, 1
S06, 100
S06, Trade, 4293163.993, 113, S06, B09, 1
S06, Trade, 4293260.443, 113, S06, B09, 1
S06, Trade, 4293451.543, 113, S06, B06, 1
S06, Trade, 4293557.643, 113, S06, B07, 1
S06, Trade, 4293825.643, 126, B08, S06, 1
S06, Trade, 4294075.793, 114, S06, B09, 1
S06, Trade, 4295051.393, 113, S06, B09, 1
S06, Trade, 4295422.193, 114, S06, B09, 1
S06, Trade, 4295899.893, 114, S06, B09, 1
S06, Trade, 4296613.143, 114, S06, B07, 1
S06, Trade, 4296784.843, 113, S06, B09, 1
S06, Trade, 4296819.443, 113, S06, B09, 1
S06, Trade, 4297079.543, 128, B09, S06, 1
S06, Trade, 4297329.693, 113, S06, B09, 1
S06, Trade, 4297381.093, 113, S06, B09, 1
S06, Trade, 4297713.693, 113, S06, B09, 1
S06, Trade, 4297899.043, 113, S06, B09, 1
S06, Trade, 4298144.793, 113, S06, B09, 1
S06, Trade, 4298207.493, 113, S06, B09, 1
S06, Trade, 4298261.893, 113, S06, B09, 1
S06, Trade, 4298410.643, 113, S06, B09, 1
S06, Trade, 4298715.993, 113, S06, B09, 1
S06, Trade, 4299104.393, 114, S06, B09, 1
S06, Trade, 4299475.243, 113, S06, B06, 1
S06, Trade, 4300276.443, 113, S06, B07, 1
S06, Trade, 4300918.493, 113, S06, B09, 1
S06, Trade, 4300978.943, 113, S06, B07, 1
S06, Trade, 4300998.743, 113, S06, B09, 1
S06, Trade, 4301226.993, 113, S06, B09, 1
S06, Trade, 4301348.093, 113, S06, B09, 1
S06, Trade, 4302175.693, 113, S06, B08, 1
S06, Trade, 4302204.493, 113, S06, B09, 1
S06, Trade, 4302315.293, 124, B09, S06, 1
S06, Trade, 4302399.793, 114, S06, B07, 1
S06, Trade, 4303280.193, 114, S06, B09, 1
S06, Trade, 4303634.193, 114, S06, B09, 1
S06, Trade, 4304916.343, 113, S06, B09, 1
S06, Trade, 4305219.343, 113, S06, B08, 1
S06, Trade, 4305252.043, 113, S06, B09, 1
S06, Trade, 4305291.493, 113, S06, B09, 1
S06, Trade, 4305742.743, 113, S06, B09, 1
S06, Trade, 4305951.143, 113, S06, B09, 1
S06, Trade, 4306341.293, 113, S06, B08, 1
S06, Trade, 4306438.743, 113, S06, B07, 1
S06, Trade, 4306659.193, 113, S06, B09, 1
S06, Trade, 4307485.843, 113, S06, B09, 1
S06, Trade, 4307503.343, 113, S06, B07, 1
S06, Trade, 4307834.393, 113, S06, B09, 1
S06, Trade, 4307982.593, 113, S06, B09, 1
S06, Trade, 4308624.143, 113, S06, B09, 1
S06, Trade, 4309268.143, 113, S06, B09, 1
S06, Trade, 4309625.143, 113, S06, B09, 1
S06, Trade, 4309686.343, 113, S06, B09, 1
S06, Trade, 4309980.143, 113, S06, B09, 1
S06, Trade, 4310233.493, 113, S06, B09, 1
S06, Trade, 4310304.943, 115, B09, S06, 1
S06, Trade, 4310318.343, 113, S06, B09, 1
S06, Trade, 4310938.143, 113, S06, B09, 1
S06, Trade, 4311235.343, 113, S06, B07, 1
S06, Trade, 4311308.093, 113, S06, B09, 1
S06, Trade, 4311484.493, 113, S06, B06, 1
S06, Trade, 4312254.693, 113, S06, B09, 1
S06, Trade, 4312550.393, 113, S06, B09, 1
S06, Trade, 4312598.743, 113, S06, B09, 1
S06, Trade, 4312971.943, 113, S06, B07, 1
S06, Trade, 4313105.793, 113, S06, B09, 1
S06, Trade, 4313128.493, 113, S06, B07, 1
S06, Trade, 4313199.293, 113, S06, B09, 1
S06, Trade, 4313282.643, 113, B08, S06, 1
S06, Trade, 4313587.343, 113, S06, B06, 1
S06, Trade, 4313637.093, 113, S06, B09, 1
S06, Trade, 4313793.443, 113, S06, B06, 1
S06, Trade, 4313946.193, 113, S06, B08, 1
S06, Trade, 4314018.593, 113, S06, B06, 1
S06, Trade, 4314373.043, 113, S06, B06, 1
S06, Trade, 4314443.643, 113, S06, B06, 1
S06, Trade, 4314484.393, 113, S06, B09, 1
S06, Trade, 4314721.343, 113, S06, B06, 1
S06, Trade, 4315465.743, 113, S06, B09, 1
S06, Trade, 4315630.643, 113, S06, B06, 1
S06, Trade, 4315778.643, 113, S06, B09, 1
S06, Trade, 4315839.593, 113, S06, B06, 1
S06, Trade, 4315866.643, 113, S06, B06, 1
S06, Trade, 4315947.643, 113, S06, B09, 1
S06, Trade, 4315999.093, 113, S06, B09, 1
S06, Trade, 4316035.893, 113, S06, B06, 1
S06, Trade, 4316305.643, 113, S06, B06, 1
S06, Trade, 4316645.493, 113, S06, B09, 1
S06, Trade, 4317048.893, 113, S06, B06, 1
S06, Trade, 4317095.493, 113, S06, B06, 1
S06, Trade, 4317157.293, 113, S06, B09, 1
S06, Trade, 4317369.243, 113, S06, B06, 1
S06, Trade, 4317429.243, 113, S06, B06, 1
S06, Trade, 4317589.893, 113, B08, S06, 1
S06, Trade, 4317614.143, 113, S06, B06, 1
S06, Trade, 4318089.843, 113, S06, B06, 1
S06, Trade, 4318130.593, 113, S06, B09, 1
S06, Trade, 4318388.243, 113, S06, B09, 1
S06, Trade, 4319083.743, 114, S06, B09, 1
S06, Trade, 4319919.193, 114, S06, B09, 1
S07, 44
S07, Trade, 61611.650, 134, S07, B09, 1
S07, Trade, 227151.250, 131, S07, B09, 1
S07, Trade, 266091.500, 123, S07, B09, 1
S07, Trade, 368487.050, 135, S07, B09, 1
S07, Trade, 370062.950, 129, S07, B09, 1
S07, Trade, 547074.800, 126, S07, B09, 1
S07, Trade, 760888.300, 125, S07, B09, 1
S07, Trade, 2002100.151, 137, S07, B09, 1
S07, Trade, 2106937.701, 122, S07, B09, 1
S07, Trade, 2259203.251, 131, S07, B09, 1
S07, Trade, 2271229.701, 122, S07, B09, 1
S07, Trade, 2273900.501, 129, S07, B09, 1
S07, Trade, 2330834.251, 122, S07, B09, 1
S07, Trade, 2429918.200, 132, S07, B09, 1
S07, Trade, 2535260.300, 125, S07, B09, 1
S07, Trade, 2635410.849, 133, S07, B09, 1
S07, Trade, 2686362.249, 132, S07, B09, 1
S07, Trade, 2702404.999, 123, S07, B09, 1
S07, Trade, 2764622.099, 125, S07, B09, 1
S07, Trade, 2780506.299, 125, S07, B09, 1
S07, Trade, 2855838.199, 122, S07, B09, 1
S07, Trade, 2900382.198, 124, S07, B09, 1
S07, Trade, 2908405.248, 124, S07, B09, 1
S07, Trade, 2986224.148, 124, S07, B09, 1
S07, Trade, 3059934.198, 127, B09, S07, 1
S07, Trade, 3080399.098, 122, S07, B09, 1
S07, Trade, 3114351.598, 127, S07, B09, 1
S07, Trade, 3303695.747, 134, B09, S07, 1
S07, Trade, 3385162.647, 131, B09, S07, 1
S07, Trade, 3389110.297, 131, S07, B09, 1
S07, Trade, 3397012.397, 138, B09, S07, 1
S07, Trade, 3398997.097, 137, S07, B09, 1
S07, Trade, 3463059.846, 129, B09, S07, 1
S07, Trade, 3510257.496, 127, B09, S07, 1
S07, Trade, 3554838.796, 128, S07, B09, 1
S07, Trade, 3624451.046, 132, S07, B09, 1
S07, Trade, 3634105.496, 130, S07, B09, 1
S07, Trade, 3647475.496, 123, S07, B09, 1
S07, Trade, 3672925.546, 131, B09, S07, 1
S07, Trade, 3721209.845, 130, S07, B09, 1
S07, Trade, 3974500.144, 123, S07, B09, 1
S07, Trade, 4211287.044, 132, B09, S07, 1
S07, Trade, 4255864.793, 125, B09, S07, 1
S07, Trade, 4271670.793, 127, B08, S07, 1
S08, 8
S08, Trade, 159834.850, 136, B09, S08, 1
S08, Trade, 335491.400, 136, S08, B09, 1
S08, Trade, 424825.400, 136, S08, B09, 1
S08, Trade, 478870.350, 137, S08, B09, 1
S08, Trade, 501982.950, 131, S08, B09, 1
S08, Trade, 901804.400, 131, B09, S08, 1
S08, Trade, 1383278.601, 131, S08, B09, 1
S08, Trade, 3327912.497, 133, B09, S08, 1
S09, 0
