B00, 11
B00, Trade, 467197.700, 60, B00, S00, 1
B00, Trade, 773225.050, 60, S00, B00, 1
B00, Trade, 1196760.501, 60, B00, S00, 1
B00, Trade, 1198815.501, 60, S00, B00, 1
B00, Trade, 1546804.751, 60, B00, S00, 1
B00, Trade, 1671342.651, 60, S00, B00, 1
B00, Trade, 1671648.551, 60, B00, S00, 1
B00, Trade, 2035567.851, 60, S00, B00, 1
B00, Trade, 2036498.451, 60, B00, S00, 1
B00, Trade, 2726753.349, 60, B00, S00, 1
B00, Trade, 3032906.648, 60, B00, S00, 1
B01, 100
B01, Trade, 4193491.544, 68, B01, S00, 1
B01, Trade, 4194431.144, 68, B01, S00, 1
B01, Trade, 4195470.694, 68, B01, S00, 1
B01, Trade, 4205414.194, 68, B01, S00, 1
B01, Trade, 4206817.394, 68, B01, S00, 1
B01, Trade, 4209288.094, 60, B01, S00, 1
B01, Trade, 4219409.243, 67, B01, S00, 1
B01, Trade, 4222521.993, 63, B01, S00, 1
B01, Trade, 4225219.643, 68, B01, S00, 1
B01, Trade, 4225875.243, 68, B01, S00, 1
B01, Trade, 4226857.693, 68, B01, S00, 1
B01, Trade, 4227591.693, 64, B01, S00, 1
B01, Trade, 4228500.543, 64, B01, S00, 1
B01, Trade, 4228768.343, 64, B01, S00, 1
B01, Trade, 4230177.043, 67, B01, S00, 1
B01, Trade, 4230378.693, 64, B01, S00, 1
B01, Trade, 4230457.893, 66, B01, S00, 1
B01, Trade, 4231296.443, 61, S00, B01, 1
B01, Trade, 4231713.693, 61, S00, B01, 1
B01, Trade, 4232969.343, 68, B01, S00, 1
B01, Trade, 4234036.593, 65, B01, S00, 1
B01, Trade, 4235361.893, 66, B01, S00, 1
B01, Trade, 4235548.693, 63, B01, S00, 1
B01, Trade, 4235980.843, 64, B01, S00, 1
B01, Trade, 4236819.243, 66, B01, S00, 1
B01, Trade, 4238358.393, 62, S00, B01, 1
B01, Trade, 4241070.793, 61, B01, S00, 1
B01, Trade, 4248085.443, 63, B01, S00, 1
B01, Trade, 4248254.393, 67, B01, S00, 1
B01, Trade, 4248579.293, 68, B01, S00, 1
B01, Trade, 4248882.943, 67, B01, S00, 1
B01, Trade, 4249338.693, 66, B01, S00, 1
B01, Trade, 4249404.943, 64, S00, B01, 1
B01, Trade, 4249643.793, 67, B01, S00, 1
B01, Trade, 4249888.193, 66, B01, S00, 1
B01, Trade, 4250006.143, 66, B01, S00, 1
B01, Trade, 4250794.693, 67, B01, S00, 1
B01, Trade, 4251255.143, 67, B01, S00, 1
B01, Trade, 4251409.593, 62, B01, S00, 1
B01, Trade, 4252222.343, 65, B01, S00, 1
B01, Trade, 4252271.193, 65, B01, S00, 1
B01, Trade, 4252789.543, 68, B01, S00, 1
B01, Trade, 4253077.643, 66, B01, S00, 1
B01, Trade, 4253279.393, 67, B01, S00, 1
B01, Trade, 4254191.443, 63, B01, S00, 1
B01, Trade, 4254302.593, 66, B01, S00, 1
B01, Trade, 4254512.393, 67, B01, S00, 1
B01, Trade, 4254758.993, 67, B01, S00, 1
B01, Trade, 4256661.843, 68, B01, S00, 1
B01, Trade, 4257226.343, 68, B01, S00, 1
B01, Trade, 4257659.193, 68, B01, S00, 1
B01, Trade, 4259958.143, 68, B01, S00, 1
B01, Trade, 4260325.793, 68, B01, S00, 1
B01, Trade, 4260347.293, 68, B01, S00, 1
B01, Trade, 4261643.793, 68, B01, S00, 1
B01, Trade, 4261685.443, 68, B01, S00, 1
B01, Trade, 4261731.943, 68, B01, S00, 1
B01, Trade, 4263444.243, 61, B01, S00, 1
B01, Trade, 4268676.143, 68, B01, S01, 1
B01, Trade, 4272160.343, 68, B01, S00, 1
B01, Trade, 4272842.193, 67, B01, S00, 1
B01, Trade, 4276018.843, 68, B01, S00, 1
B01, Trade, 4277959.693, 67, B01, S00, 1
B01, Trade, 4278356.643, 68, B01, S01, 1
B01, Trade, 4281496.743, 66, B01, S00, 1
B01, Trade, 4282689.193, 62, S00, B01, 1
B01, Trade, 4293184.693, 68, B01, S01, 1
B01, Trade, 4295084.893, 67, B01, S00, 1
B01, Trade, 4295165.243, 67, S00, B01, 1
B01, Trade, 4295681.993, 67, S00, B01, 1
B01, Trade, 4297198.043, 68, B01, S01, 1
B01, Trade, 4297979.393, 68, B01, S01, 1
B01, Trade, 4301331.193, 68, B01, S01, 1
B01, Trade, 4305812.043, 68, B01, S01, 1
B01, Trade, 4306079.243, 68, B01, S00, 1
B01, Trade, 4306283.893, 68, B01, S00, 1
B01, Trade, 4306460.093, 68, B01, S00, 1
B01, Trade, 4307983.993, 67, B01, S00, 1
B01, Trade, 4308043.093, 68, B01, S01, 1
B01, Trade, 4308397.493, 67, B01, S00, 1
B01, Trade, 4308615.193, 68, B01, S00, 1
B01, Trade, 4308655.843, 68, B01, S00, 1
B01, Trade, 4309098.643, 68, B01, S00, 1
B01, Trade, 4309220.693, 68, B01, S00, 1
B01, Trade, 4309454.693, 68, B01, S00, 1
B01, Trade, 4309502.593, 67, B01, S00, 1
B01, Trade, 4309777.193, 68, B01, S00, 1
B01, Trade, 4310526.193, 67, B01, S00, 1
B01, Trade, 4310982.043, 68, B01, S01, 1
B01, Trade, 4311124.393, 68, B01, S00, 1
B01, Trade, 4311544.443, 68, B01, S00, 1
B01, Trade, 4312253.793, 68, B01, S00, 1
B01, Trade, 4312732.093, 68, B01, S01, 1
B01, Trade, 4312807.743, 68, B01, S00, 1
B01, Trade, 4314505.043, 68, B01, S01, 1
B01, Trade, 4315194.943, 68, B01, S01, 1
B01, Trade, 4315449.293, 68, B01, S01, 1
B01, Trade, 4315764.393, 68, B01, S01, 1
B01, Trade, 4318798.293, 67, B01, S00, 1
B01, Trade, 4319970.843, 68, B01, S01, 1
B02, 100
B02, Trade, 4307843.743, 77, B02, S01, 1
B02, Trade, 4308034.143, 73, B02, S00, 1
B02, Trade, 4308115.493, 77, B02, S01, 1
B02, Trade, 4308150.343, 74, B02, S00, 1
B02, Trade, 4308329.393, 74, B02, S00, 1
B02, Trade, 4308376.243, 73, B02, S00, 1
B02, Trade, 4308613.743, 77, B02, S01, 1
B02, Trade, 4308656.593, 77, B02, S01, 1
B02, Trade, 4308733.793, 69, B02, S00, 1
B02, Trade, 4308802.043, 76, B02, S00, 1
B02, Trade, 4308902.843, 77, B02, S01, 1
B02, Trade, 4308929.243, 76, B02, S01, 1
B02, Trade, 4308942.143, 71, B02, S01, 1
B02, Trade, 4309050.993, 76, B02, S00, 1
B02, Trade, 4309076.793, 77, B02, S01, 1
B02, Trade, 4309160.193, 75, B02, S01, 1
B02, Trade, 4309171.643, 76, B02, S00, 1
B02, Trade, 4309270.843, 70, B02, S00, 1
B02, Trade, 4309285.993, 76, B02, S00, 1
B02, Trade, 4309352.793, 75, B02, S01, 1
B02, Trade, 4309547.993, 72, S01, B02, 1
B02, Trade, 4309568.443, 70, B02, S00, 1
B02, Trade, 4309701.093, 75, B02, S01, 1
B02, Trade, 4309758.043, 71, B02, S00, 1
B02, Trade, 4309880.693, 77, B02, S00, 1
B02, Trade, 4310056.593, 77, B02, S00, 1
B02, Trade, 4310101.893, 73, B02, S01, 1
B02, Trade, 4310165.343, 69, B02, S00, 1
B02, Trade, 4310171.843, 75, B02, S00, 1
B02, Trade, 4310409.793, 74, B02, S00, 1
B02, Trade, 4310430.493, 76, B02, S00, 1
B02, Trade, 4310441.993, 77, B02, S01, 1
B02, Trade, 4310467.993, 77, B02, S00, 1
B02, Trade, 4310511.993, 76, B02, S00, 1
B02, Trade, 4310527.343, 68, S01, B02, 1
B02, Trade, 4310549.693, 77, B02, S01, 1
B02, Trade, 4310609.243, 69, B02, S00, 1
B02, Trade, 4310659.843, 74, B02, S01, 1
B02, Trade, 4310700.893, 77, B02, S00, 1
B02, Trade, 4310778.943, 77, B02, S00, 1
B02, Trade, 4310894.343, 76, B02, S01, 1
B02, Trade, 4311052.593, 69, S01, B02, 1
B02, Trade, 4311077.143, 75, B02, S00, 1
B02, Trade, 4311181.143, 75, B02, S00, 1
B02, Trade, 4311217.093, 76, B02, S00, 1
B02, Trade, 4311248.893, 75, B02, S00, 1
B02, Trade, 4311293.493, 77, B02, S01, 1
B02, Trade, 4311435.593, 75, B02, S00, 1
B02, Trade, 4311544.393, 75, S01, B02, 1
B02, Trade, 4311587.743, 74, B02, S01, 1
B02, Trade, 4311638.243, 74, B02, S01, 1
B02, Trade, 4311690.193, 75, S00, B02, 1
B02, Trade, 4311710.143, 75, B02, S01, 1
B02, Trade, 4311820.293, 76, B02, S00, 1
B02, Trade, 4311848.743, 75, B02, S00, 1
B02, Trade, 4311859.393, 72, B02, S00, 1
B02, Trade, 4311911.043, 76, B02, S01, 1
B02, Trade, 4311980.843, 77, B02, S01, 1
B02, Trade, 4311987.193, 77, B02, S01, 1
B02, Trade, 4312166.093, 77, B02, S01, 1
B02, Trade, 4312233.243, 74, B02, S00, 1
B02, Trade, 4312287.643, 68, S01, B02, 1
B02, Trade, 4312297.593, 75, B02, S01, 1
B02, Trade, 4312331.393, 76, B02, S01, 1
B02, Trade, 4312343.893, 77, B02, S01, 1
B02, Trade, 4312475.693, 75, B02, S01, 1
B02, Trade, 4312762.493, 75, B02, S00, 1
B02, Trade, 4313219.393, 71, B02, S01, 1
B02, Trade, 4313400.743, 77, S01, B02, 1
B02, Trade, 4313636.693, 69, S01, B02, 1
B02, Trade, 4313769.093, 73, B02, S01, 1
B02, Trade, 4313926.743, 77, B02, S01, 1
B02, Trade, 4313966.793, 72, S01, B02, 1
B02, Trade, 4313972.143, 77, S01, B02, 1
B02, Trade, 4314051.593, 75, S00, B02, 1
B02, Trade, 4315007.943, 69, B02, S01, 1
B02, Trade, 4315172.943, 72, S01, B02, 1
B02, Trade, 4315448.543, 70, S00, B02, 1
B02, Trade, 4316054.043, 75, B02, S01, 1
B02, Trade, 4316205.843, 76, B02, S01, 1
B02, Trade, 4316595.493, 73, B02, S01, 1
B02, Trade, 4317048.793, 76, B02, S01, 1
B02, Trade, 4317220.693, 72, S01, B02, 1
B02, Trade, 4317361.843, 76, B02, S01, 1
B02, Trade, 4317705.143, 77, B02, S01, 1
B02, Trade, 4318329.193, 72, B02, S01, 1
B02, Trade, 4318580.493, 71, B02, S01, 1
B02, Trade, 4318599.443, 73, B02, S01, 1
B02, Trade, 4318655.193, 73, S01, B02, 1
B02, Trade, 4318689.043, 71, B02, S01, 1
B02, Trade, 4318885.243, 68, S01, B02, 1
B02, Trade, 4319165.343, 76, B02, S01, 1
B02, Trade, 4319197.393, 76, B02, S01, 1
B02, Trade, 4319349.843, 77, B02, S01, 1
B02, Trade, 4319405.543, 76, B02, S01, 1
B02, Trade, 4319475.593, 77, B02, S01, 1
B02, Trade, 4319651.943, 72, S01, B02, 1
B02, Trade, 4319734.593, 77, S01, B02, 1
B02, Trade, 4319818.343, 71, B02, S01, 1
B02, Trade, 4319911.293, 75, B02, S01, 1
B03, 100
B03, Trade, 4317842.793, 86, B03, S01, 1
B03, Trade, 4317894.743, 81, B03, S02, 1
B03, Trade, 4317963.193, 86, B03, S01, 1
B03, Trade, 4318011.643, 86, S00, B03, 1
B03, Trade, 4318019.643, 76, B03, S01, 1
B03, Trade, 4318061.593, 86, B03, S03, 1
B03, Trade, 4318121.793, 82, B03, S01, 1
B03, Trade, 4318149.493, 86, B03, S01, 1
B03, Trade, 4318157.843, 86, B03, S01, 1
B03, Trade, 4318163.093, 86, B03, S02, 1
B03, Trade, 4318172.393, 86, B03, S03, 1
B03, Trade, 4318179.643, 86, B03, S01, 1
B03, Trade, 4318192.993, 86, B03, S01, 1
B03, Trade, 4318215.443, 86, B03, S01, 1
B03, Trade, 4318253.693, 86, B03, S03, 1
B03, Trade, 4318258.393, 86, B03, S01, 1
B03, Trade, 4318278.243, 86, B03, S01, 1
B03, Trade, 4318296.893, 86, B03, S01, 1
B03, Trade, 4318306.843, 86, B03, S03, 1
B03, Trade, 4318320.343, 86, B03, S01, 1
B03, Trade, 4318325.993, 84, S00, B03, 1
B03, Trade, 4318341.093, 86, B03, S00, 1
B03, Trade, 4318351.293, 84, B03, S01, 1
B03, Trade, 4318364.343, 86, B03, S01, 1
B03, Trade, 4318380.793, 86, B03, S03, 1
B03, Trade, 4318381.543, 81, B03, S01, 1
B03, Trade, 4318445.043, 86, B03, S01, 1
B03, Trade, 4318456.443, 86, B03, S01, 1
B03, Trade, 4318463.543, 86, B03, S01, 1
B03, Trade, 4318469.043, 85, B03, S00, 1
B03, Trade, 4318478.443, 86, B03, S01, 1
B03, Trade, 4318496.143, 86, B03, S01, 1
B03, Trade, 4318531.493, 86, B03, S02, 1
B03, Trade, 4318545.343, 86, B03, S03, 1
B03, Trade, 4318549.393, 77, B03, S01, 1
B03, Trade, 4318571.793, 86, B03, S02, 1
B03, Trade, 4318614.943, 75, B03, S01, 1
B03, Trade, 4318636.343, 86, B03, S02, 1
B03, Trade, 4318642.293, 86, B03, S03, 1
B03, Trade, 4318661.093, 86, B03, S01, 1
B03, Trade, 4318684.343, 82, B03, S01, 1
B03, Trade, 4318718.493, 80, B03, S01, 1
B03, Trade, 4318729.893, 86, B03, S03, 1
B03, Trade, 4318736.693, 78, B03, S01, 1
B03, Trade, 4318751.443, 86, B03, S01, 1
B03, Trade, 4318803.643, 86, B03, S02, 1
B03, Trade, 4318814.693, 77, B03, S01, 1
B03, Trade, 4318851.393, 81, B03, S01, 1
B03, Trade, 4318864.293, 86, B03, S01, 1
B03, Trade, 4318878.843, 85, B03, S01, 1
B03, Trade, 4318913.043, 86, B03, S01, 1
B03, Trade, 4318941.893, 72, B03, S01, 1
B03, Trade, 4319021.043, 86, B03, S01, 1
B03, Trade, 4319035.793, 86, B03, S01, 1
B03, Trade, 4319040.243, 86, B03, S03, 1
B03, Trade, 4319059.243, 86, B03, S01, 1
B03, Trade, 4319081.943, 83, B03, S01, 1
B03, Trade, 4319084.743, 85, B03, S01, 1
B03, Trade, 4319100.143, 78, B03, S01, 1
B03, Trade, 4319127.043, 86, B03, S01, 1
B03, Trade, 4319147.443, 85, B03, S01, 1
B03, Trade, 4319161.993, 86, B03, S01, 1
B03, Trade, 4319196.443, 86, B03, S03, 1
B03, Trade, 4319211.343, 86, B03, S03, 1
B03, Trade, 4319254.443, 86, B03, S01, 1
B03, Trade, 4319268.793, 73, B03, S01, 1
B03, Trade, 4319286.443, 83, B03, S01, 1
B03, Trade, 4319310.693, 86, B03, S01, 1
B03, Trade, 4319331.893, 86, B03, S00, 1
B03, Trade, 4319334.143, 75, B03, S01, 1
B03, Trade, 4319341.043, 81, B03, S01, 1
B03, Trade, 4319378.993, 86, B03, S01, 1
B03, Trade, 4319384.593, 85, B03, S01, 1
B03, Trade, 4319403.143, 86, B03, S03, 1
B03, Trade, 4319422.343, 85, S00, B03, 1
B03, Trade, 4319441.443, 86, B03, S01, 1
B03, Trade, 4319522.443, 86, B03, S01, 1
B03, Trade, 4319544.893, 86, B03, S01, 1
B03, Trade, 4319568.143, 86, B03, S01, 1
B03, Trade, 4319583.793, 86, B03, S03, 1
B03, Trade, 4319590.293, 86, B03, S01, 1
B03, Trade, 4319639.193, 86, B03, S01, 1
B03, Trade, 4319701.643, 86, B03, S03, 1
B03, Trade, 4319714.843, 86, B03, S01, 1
B03, Trade, 4319720.993, 86, B03, S01, 1
B03, Trade, 4319733.293, 86, B03, S02, 1
B03, Trade, 4319750.393, 83, B03, S01, 1
B03, Trade, 4319783.943, 86, B03, S01, 1
B03, Trade, 4319794.393, 77, B03, S01, 1
B03, Trade, 4319808.843, 86, B03, S01, 1
B03, Trade, 4319816.893, 86, B03, S01, 1
B03, Trade, 4319839.943, 86, B03, S01, 1
B03, Trade, 4319854.793, 86, B03, S01, 1
B03, Trade, 4319874.343, 86, B03, S02, 1
B03, Trade, 4319891.493, 84, B03, S01, 1
B03, Trade, 4319930.643, 86, B03, S02, 1
B03, Trade, 4319963.193, 86, S03, B03, 1
B03, Trade, 4319968.893, 86, B03, S01, 1
B03, Trade, 4319984.993, 86, B03, S01, 1
B03, Trade, 4319990.193, 86, B03, S01, 1
B04, 100
B04, Trade, 4317412.293, 87, S03, B04, 1
B04, Trade, 4317428.793, 92, B04, S03, 1
B04, Trade, 4317467.093, 87, S03, B04, 1
B04, Trade, 4317485.443, 88, S03, B04, 1
B04, Trade, 4317500.693, 94, B04, S03, 1
B04, Trade, 4317508.343, 92, B04, S01, 1
B04, Trade, 4317544.843, 91, B04, S01, 1
B04, Trade, 4317574.393, 92, B04, S03, 1
B04, Trade, 4317635.843, 89, S00, B04, 1
B04, Trade, 4317645.143, 93, B04, S01, 1
B04, Trade, 4317653.543, 87, B04, S01, 1
B04, Trade, 4317694.043, 88, S00, B04, 1
B04, Trade, 4317703.143, 89, B04, S03, 1
B04, Trade, 4317708.993, 72, B04, S01, 1
B04, Trade, 4317720.943, 94, B04, S01, 1
B04, Trade, 4317767.493, 94, B04, S01, 1
B04, Trade, 4317779.093, 94, B04, S03, 1
B04, Trade, 4317871.593, 89, S03, B04, 1
B04, Trade, 4317880.493, 95, B04, S03, 1
B04, Trade, 4317897.593, 86, S00, B04, 1
B04, Trade, 4317917.393, 88, B04, S00, 1
B04, Trade, 4317952.743, 89, S00, B04, 1
B04, Trade, 4317954.493, 87, B04, S03, 1
B04, Trade, 4317965.793, 86, S00, B04, 1
B04, Trade, 4317987.643, 91, B04, S01, 1
B04, Trade, 4318007.293, 87, B04, S01, 1
B04, Trade, 4318013.243, 90, B04, S01, 1
B04, Trade, 4318049.693, 85, B04, S01, 1
B04, Trade, 4318067.143, 71, S01, B04, 1
B04, Trade, 4318120.943, 86, S00, B04, 1
B04, Trade, 4318138.043, 86, S03, B04, 1
B04, Trade, 4318150.793, 84, B04, S02, 1
B04, Trade, 4318155.843, 93, B04, S03, 1
B04, Trade, 4318182.393, 95, B04, S03, 1
B04, Trade, 4318212.743, 88, S03, B04, 1
B04, Trade, 4318235.143, 94, B04, S01, 1
B04, Trade, 4318266.543, 94, B04, S01, 1
B04, Trade, 4318308.893, 91, S00, B04, 1
B04, Trade, 4318345.493, 91, B04, S03, 1
B04, Trade, 4318408.243, 90, S00, B04, 1
B04, Trade, 4318417.393, 83, B04, S01, 1
B04, Trade, 4318471.643, 95, B04, S01, 1
B04, Trade, 4318528.993, 82, B04, S01, 1
B04, Trade, 4318532.993, 86, S03, B04, 1
B04, Trade, 4318552.693, 91, S03, B04, 1
B04, Trade, 4318577.193, 89, S03, B04, 1
B04, Trade, 4318586.643, 81, S01, B04, 1
B04, Trade, 4318598.443, 76, B04, S01, 1
B04, Trade, 4318614.893, 88, B04, S02, 1
B04, Trade, 4318626.443, 87, S00, B04, 1
B04, Trade, 4318689.793, 90, B04, S02, 1
B04, Trade, 4318769.743, 95, B04, S03, 1
B04, Trade, 4318805.793, 84, B04, S01, 1
B04, Trade, 4318847.943, 94, B04, S01, 1
B04, Trade, 4318878.743, 94, S03, B04, 1
B04, Trade, 4318887.043, 93, B04, S02, 1
B04, Trade, 4318895.743, 88, S03, B04, 1
B04, Trade, 4318921.243, 91, B04, S03, 1
B04, Trade, 4318940.643, 86, S03, B04, 1
B04, Trade, 4318956.693, 87, B04, S01, 1
B04, Trade, 4318966.443, 95, B04, S01, 1
B04, Trade, 4318970.193, 95, B04, S03, 1
B04, Trade, 4319004.693, 92, B04, S01, 1
B04, Trade, 4319023.693, 94, S03, B04, 1
B04, Trade, 4319050.043, 87, B04, S01, 1
B04, Trade, 4319064.493, 87, S03, B04, 1
B04, Trade, 4319101.343, 89, S03, B04, 1
B04, Trade, 4319105.393, 94, B04, S01, 1
B04, Trade, 4319206.293, 88, S03, B04, 1
B04, Trade, 4319217.793, 93, B04, S03, 1
B04, Trade, 4319266.043, 92, B04, S01, 1
B04, Trade, 4319294.243, 87, B04, S01, 1
B04, Trade, 4319323.493, 82, B04, S01, 1
B04, Trade, 4319341.693, 87, S03, B04, 1
B04, Trade, 4319372.943, 87, S03, B04, 1
B04, Trade, 4319407.693, 83, S00, B04, 1
B04, Trade, 4319424.743, 91, S02, B04, 1
B04, Trade, 4319429.943, 84, S00, B04, 1
B04, Trade, 4319463.593, 91, S02, B04, 1
B04, Trade, 4319475.293, 86, B04, S00, 1
B04, Trade, 4319523.243, 86, S00, B04, 1
B04, Trade, 4319539.543, 92, S02, B04, 1
B04, Trade, 4319575.843, 94, B04, S01, 1
B04, Trade, 4319606.693, 86, S03, B04, 1
B04, Trade, 4319621.743, 94, B04, S01, 1
B04, Trade, 4319677.943, 94, B04, S01, 1
B04, Trade, 4319719.593, 94, B04, S01, 1
B04, Trade, 4319740.293, 95, B04, S03, 1
B04, Trade, 4319745.493, 85, S00, B04, 1
B04, Trade, 4319769.143, 90, B04, S01, 1
B04, Trade, 4319788.093, 86, S03, B04, 1
B04, Trade, 4319815.893, 90, S03, B04, 1
B04, Trade, 4319823.693, 85, B04, S01, 1
B04, Trade, 4319839.793, 95, B04, S03, 1
B04, Trade, 4319918.143, 95, B04, S02, 1
B04, Trade, 4319925.943, 84, S00, B04, 1
B04, Trade, 4319943.743, 94, B04, S03, 1
B04, Trade, 4319946.543, 88, S01, B04, 1
B04, Trade, 4319954.343, 88, S03, B04, 1
B04, Trade, 4319991.343, 94, B04, S03, 1
B05, 100
B05, Trade, 4319151.893, 91, B05, S01, 1
B05, Trade, 4319160.343, 100, B05, S03, 1
B05, Trade, 4319169.343, 100, B05, S03, 1
B05, Trade, 4319177.043, 99, B05, S02, 1
B05, Trade, 4319185.693, 104, B05, S04, 1
B05, Trade, 4319194.393, 104, B05, S04, 1
B05, Trade, 4319211.143, 87, B05, S00, 1
B05, Trade, 4319224.143, 95, B05, S03, 1
B05, Trade, 4319233.193, 96, B05, S01, 1
B05, Trade, 4319239.593, 104, B05, S04, 1
B05, Trade, 4319250.643, 102, B05, S02, 1
B05, Trade, 4319258.793, 88, B05, S01, 1
B05, Trade, 4319259.743, 87, B05, S02, 1
B05, Trade, 4319261.693, 88, S03, B05, 1
B05, Trade, 4319276.043, 91, B05, S03, 1
B05, Trade, 4319288.293, 92, B05, S03, 1
B05, Trade, 4319292.243, 92, B05, S00, 1
B05, Trade, 4319296.843, 75, B05, S01, 1
B05, Trade, 4319301.893, 104, B05, S03, 1
B05, Trade, 4319323.293, 104, B05, S01, 1
B05, Trade, 4319325.693, 93, B05, S03, 1
B05, Trade, 4319345.893, 103, B05, S02, 1
B05, Trade, 4319350.943, 97, B05, S03, 1
B05, Trade, 4319358.793, 104, B05, S01, 1
B05, Trade, 4319368.693, 92, B05, S03, 1
B05, Trade, 4319382.643, 83, B05, S02, 1
B05, Trade, 4319390.193, 104, B05, S03, 1
B05, Trade, 4319400.593, 104, B05, S01, 1
B05, Trade, 4319408.643, 84, B05, S00, 1
B05, Trade, 4319418.943, 103, B05, S02, 1
B05, Trade, 4319439.793, 100, B05, S01, 1
B05, Trade, 4319449.693, 104, B05, S01, 1
B05, Trade, 4319452.793, 88, B05, S03, 1
B05, Trade, 4319459.643, 87, B05, S02, 1
B05, Trade, 4319471.143, 95, B05, S03, 1
B05, Trade, 4319474.343, 87, B05, S02, 1
B05, Trade, 4319484.893, 97, B05, S01, 1
B05, Trade, 4319494.543, 82, B05, S01, 1
B05, Trade, 4319506.993, 104, B05, S02, 1
B05, Trade, 4319511.943, 88, B05, S03, 1
B05, Trade, 4319515.943, 92, S03, B05, 1
B05, Trade, 4319520.893, 88, B05, S01, 1
B05, Trade, 4319534.093, 97, B05, S02, 1
B05, Trade, 4319535.393, 87, B05, S01, 1
B05, Trade, 4319544.793, 87, B05, S00, 1
B05, Trade, 4319557.293, 91, B05, S03, 1
B05, Trade, 4319566.893, 100, B05, S03, 1
B05, Trade, 4319575.143, 92, B05, S03, 1
B05, Trade, 4319590.043, 98, B05, S01, 1
B05, Trade, 4319594.843, 88, S03, B05, 1
B05, Trade, 4319599.043, 96, B05, S01, 1
B05, Trade, 4319603.393, 104, B05, S02, 1
B05, Trade, 4319609.093, 87, B05, S01, 1
B05, Trade, 4319611.493, 96, B05, S02, 1
B05, Trade, 4319621.243, 104, B05, S04, 1
B05, Trade, 4319623.643, 91, B05, S03, 1
B05, Trade, 4319633.293, 99, B05, S03, 1
B05, Trade, 4319636.593, 91, B05, S03, 1
B05, Trade, 4319644.993, 92, S03, B05, 1
B05, Trade, 4319649.893, 93, B05, S03, 1
B05, Trade, 4319659.343, 98, B05, S01, 1
B05, Trade, 4319663.043, 91, B05, S01, 1
B05, Trade, 4319668.793, 90, B05, S01, 1
B05, Trade, 4319679.393, 93, B05, S03, 1
B05, Trade, 4319685.743, 91, B05, S03, 1
B05, Trade, 4319690.643, 87, B05, S01, 1
B05, Trade, 4319694.243, 94, B05, S03, 1
B05, Trade, 4319701.243, 87, B05, S01, 1
B05, Trade, 4319705.943, 102, B05, S01, 1
B05, Trade, 4319717.043, 104, B05, S05, 1
B05, Trade, 4319727.993, 98, B05, S03, 1
B05, Trade, 4319732.443, 87, S03, B05, 1
B05, Trade, 4319738.293, 92, S01, B05, 1
B05, Trade, 4319755.143, 87, B05, S01, 1
B05, Trade, 4319761.943, 104, B05, S01, 1
B05, Trade, 4319764.843, 104, B05, S01, 1
B05, Trade, 4319785.143, 96, B05, S03, 1
B05, Trade, 4319804.443, 94, B05, S02, 1
B05, Trade, 4319822.193, 91, B05, S03, 1
B05, Trade, 4319828.243, 86, B05, S03, 1
B05, Trade, 4319834.893, 91, B05, S01, 1
B05, Trade, 4319845.793, 97, B05, S03, 1
B05, Trade, 4319852.243, 91, B05, S03, 1
B05, Trade, 4319855.543, 100, S00, B05, 1
B05, Trade, 4319863.893, 90, B05, S03, 1
B05, Trade, 4319872.593, 104, B05, S03, 1
B05, Trade, 4319884.793, 91, B05, S02, 1
B05, Trade, 4319894.093, 93, S00, B05, 1
B05, Trade, 4319897.843, 102, B05, S03, 1
B05, Trade, 4319902.593, 89, B05, S03, 1
B05, Trade, 4319914.693, 91, B05, S02, 1
B05, Trade, 4319929.793, 87, B05, S01, 1
B05, Trade, 4319939.043, 87, B05, S01, 1
B05, Trade, 4319943.593, 95, B05, S01, 1
B05, Trade, 4319949.593, 92, B05, S03, 1
B05, Trade, 4319964.793, 92, B05, S01, 1
B05, Trade, 4319971.743, 87, B05, S03, 1
B05, Trade, 4319982.543, 88, B05, S03, 1
B05, Trade, 4319988.593, 103, B05, S02, 1
B05, Trade, 4319994.693, 82, B05, S01, 1
B06, 100
B06, Trade, 4319221.793, 98, B06, S01, 1
B06, Trade, 4319235.143, 98, B06, S03, 1
B06, Trade, 4319239.093, 113, B06, S02, 1
B06, Trade, 4319247.343, 98, B06, S01, 1
B06, Trade, 4319254.143, 91, B06, S03, 1
B06, Trade, 4319261.443, 87, B06, S00, 1
B06, Trade, 4319265.993, 93, B06, S02, 1
B06, Trade, 4319273.493, 82, B06, S01, 1
B06, Trade, 4319277.843, 88, B06, S01, 1
B06, Trade, 4319291.443, 89, B06, S03, 1
B06, Trade, 4319300.143, 107, B06, S04, 1
B06, Trade, 4319309.593, 95, B06, S03, 1
B06, Trade, 4319316.743, 91, B06, S01, 1
B06, Trade, 4319320.143, 95, B06, S03, 1
B06, Trade, 4319329.593, 101, B06, S04, 1
B06, Trade, 4319339.343, 113, B06, S05, 1
B06, Trade, 4319347.293, 103, B06, S03, 1
B06, Trade, 4319353.243, 96, B06, S01, 1
B06, Trade, 4319356.343, 108, B06, S02, 1
B06, Trade, 4319361.743, 77, B06, S01, 1
B06, Trade, 4319370.643, 87, B06, S01, 1
B06, Trade, 4319378.493, 87, B06, S01, 1
B06, Trade, 4319386.843, 113, B06, S03, 1
B06, Trade, 4319389.893, 105, B06, S01, 1
B06, Trade, 4319395.893, 99, B06, S03, 1
B06, Trade, 4319398.443, 108, B06, S04, 1
B06, Trade, 4319411.993, 88, B06, S01, 1
B06, Trade, 4319417.193, 98, B06, S03, 1
B06, Trade, 4319420.043, 103, B06, S01, 1
B06, Trade, 4319422.943, 86, S03, B06, 1
B06, Trade, 4319428.043, 105, B06, S01, 1
B06, Trade, 4319432.543, 90, S00, B06, 1
B06, Trade, 4319440.693, 99, B06, S03, 1
B06, Trade, 4319448.093, 113, B06, S00, 1
B06, Trade, 4319451.143, 88, B06, S01, 1
B06, Trade, 4319455.493, 103, B06, S01, 1
B06, Trade, 4319462.893, 87, B06, S03, 1
B06, Trade, 4319470.643, 95, B06, S01, 1
B06, Trade, 4319479.943, 92, B06, S03, 1
B06, Trade, 4319484.493, 99, B06, S03, 1
B06, Trade, 4319492.493, 92, B06, S00, 1
B06, Trade, 4319498.943, 95, B06, S03, 1
B06, Trade, 4319506.443, 104, S00, B06, 1
B06, Trade, 4319509.493, 97, B06, S04, 1
B06, Trade, 4319519.443, 91, B06, S02, 1
B06, Trade, 4319526.393, 105, B06, S03, 1
B06, Trade, 4319532.093, 93, B06, S01, 1
B06, Trade, 4319541.643, 98, B06, S01, 1
B06, Trade, 4319548.393, 92, B06, S03, 1
B06, Trade, 4319552.643, 94, B06, S01, 1
B06, Trade, 4319567.893, 87, B06, S03, 1
B06, Trade, 4319577.693, 92, B06, S01, 1
B06, Trade, 4319582.243, 93, B06, S03, 1
B06, Trade, 4319601.043, 89, S03, B06, 1
B06, Trade, 4319616.693, 71, B06, S01, 1
B06, Trade, 4319629.643, 98, B06, S03, 1
B06, Trade, 4319633.843, 87, B06, S01, 1
B06, Trade, 4319638.743, 110, B06, S05, 1
B06, Trade, 4319645.643, 92, B06, S01, 1
B06, Trade, 4319646.843, 96, B06, S03, 1
B06, Trade, 4319653.843, 113, B06, S04, 1
B06, Trade, 4319664.543, 92, B06, S03, 1
B06, Trade, 4319672.293, 106, B06, S03, 1
B06, Trade, 4319673.893, 108, B06, S02, 1
B06, Trade, 4319683.093, 91, B06, S01, 1
B06, Trade, 4319688.893, 93, B06, S01, 1
B06, Trade, 4319700.143, 92, B06, S01, 1
B06, Trade, 4319731.843, 87, B06, S01, 1
B06, Trade, 4319741.643, 93, B06, S02, 1
B06, Trade, 4319746.043, 78, B06, S01, 1
B06, Trade, 4319754.443, 86, B06, S02, 1
B06, Trade, 4319758.193, 100, B06, S03, 1
B06, Trade, 4319764.643, 113, B06, S03, 1
B06, Trade, 4319768.893, 113, B06, S04, 1
B06, Trade, 4319773.743, 91, B06, S01, 1
B06, Trade, 4319783.243, 90, B06, S01, 1
B06, Trade, 4319788.043, 79, B06, S01, 1
B06, Trade, 4319791.543, 90, B06, S02, 1
B06, Trade, 4319798.793, 88, B06, S01, 1
B06, Trade, 4319805.843, 108, B06, S01, 1
B06, Trade, 4319831.093, 102, B06, S03, 1
B06, Trade, 4319836.543, 94, B06, S03, 1
B06, Trade, 4319844.443, 104, B06, S02, 1
B06, Trade, 4319849.243, 106, B06, S01, 1
B06, Trade, 4319853.193, 90, B06, S01, 1
B06, Trade, 4319858.893, 90, B06, S03, 1
B06, Trade, 4319870.293, 101, B06, S01, 1
B06, Trade, 4319876.993, 71, B06, S01, 1
B06, Trade, 4319885.643, 90, B06, S01, 1
B06, Trade, 4319896.543, 102, B06, S02, 1
B06, Trade, 4319913.043, 93, B06, S03, 1
B06, Trade, 4319915.693, 91, B06, S01, 1
B06, Trade, 4319924.593, 87, B06, S01, 1
B06, Trade, 4319934.143, 93, B06, S03, 1
B06, Trade, 4319938.543, 106, B06, S03, 1
B06, Trade, 4319950.093, 93, B06, S01, 1
B06, Trade, 4319961.143, 100, B06, S03, 1
B06, Trade, 4319966.193, 87, B06, S03, 1
B06, Trade, 4319977.693, 87, B06, S03, 1
B06, Trade, 4319981.993, 90, B06, S02, 1
B07, 100
B07, Trade, 4319460.343, 119, S00, B07, 1
B07, Trade, 4319467.243, 110, S04, B07, 1
B07, Trade, 4319475.743, 87, S03, B07, 1
B07, Trade, 4319478.193, 84, S02, B07, 1
B07, Trade, 4319480.443, 98, S00, B07, 1
B07, Trade, 4319488.743, 122, S07, B07, 1
B07, Trade, 4319494.493, 87, S03, B07, 1
B07, Trade, 4319501.343, 120, S06, B07, 1
B07, Trade, 4319505.693, 120, S06, B07, 1
B07, Trade, 4319511.293, 91, S00, B07, 1
B07, Trade, 4319513.943, 108, S04, B07, 1
B07, Trade, 4319518.943, 116, S04, B07, 1
B07, Trade, 4319523.143, 86, S03, B07, 1
B07, Trade, 4319528.143, 88, S03, B07, 1
B07, Trade, 4319537.393, 91, S03, B07, 1
B07, Trade, 4319539.343, 89, S03, B07, 1
B07, Trade, 4319545.943, 88, S03, B07, 1
B07, Trade, 4319546.993, 115, S04, B07, 1
B07, Trade, 4319555.993, 103, S00, B07, 1
B07, Trade, 4319561.643, 120, B07, S05, 1
B07, Trade, 4319565.493, 121, B07, S04, 1
B07, Trade, 4319573.243, 103, S00, B07, 1
B07, Trade, 4319579.793, 119, S00, B07, 1
B07, Trade, 4319583.193, 122, S07, B07, 1
B07, Trade, 4319592.943, 99, S04, B07, 1
B07, Trade, 4319597.593, 113, S00, B07, 1
B07, Trade, 4319598.793, 119, S04, B07, 1
B07, Trade, 4319605.293, 106, S05, B07, 1
B07, Trade, 4319608.393, 104, S00, B07, 1
B07, Trade, 4319616.893, 103, S03, B07, 1
B07, Trade, 4319619.693, 120, B07, S02, 1
B07, Trade, 4319625.893, 104, S04, B07, 1
B07, Trade, 4319632.243, 106, S00, B07, 1
B07, Trade, 4319643.593, 108, S00, B07, 1
B07, Trade, 4319653.343, 120, B07, S02, 1
B07, Trade, 4319656.493, 122, B07, S03, 1
B07, Trade, 4319664.443, 99, S04, B07, 1
B07, Trade, 4319666.093, 119, S02, B07, 1
B07, Trade, 4319672.793, 114, S06, B07, 1
B07, Trade, 4319679.293, 105, S00, B07, 1
B07, Trade, 4319682.243, 101, S03, B07, 1
B07, Trade, 4319685.843, 97, S00, B07, 1
B07, Trade, 4319691.093, 103, S00, B07, 1
B07, Trade, 4319696.593, 120, S00, B07, 1
B07, Trade, 4319700.943, 118, S06, B07, 1
B07, Trade, 4319709.393, 96, S04, B07, 1
B07, Trade, 4319709.943, 108, S05, B07, 1
B07, Trade, 4319719.993, 87, S03, B07, 1
B07, Trade, 4319724.543, 92, S00, B07, 1
B07, Trade, 4319730.043, 114, S06, B07, 1
B07, Trade, 4319734.043, 117, S06, B07, 1
B07, Trade, 4319741.543, 120, S00, B07, 1
B07, Trade, 4319747.343, 89, S03, B07, 1
B07, Trade, 4319754.193, 122, S07, B07, 1
B07, Trade, 4319759.843, 110, S00, B07, 1
B07, Trade, 4319763.243, 121, B07, S05, 1
B07, Trade, 4319766.943, 105, S05, B07, 1
B07, Trade, 4319775.443, 103, S00, B07, 1
B07, Trade, 4319777.643, 122, B07, S03, 1
B07, Trade, 4319781.543, 115, S02, B07, 1
B07, Trade, 4319790.693, 95, S04, B07, 1
B07, Trade, 4319795.043, 97, S03, B07, 1
B07, Trade, 4319798.293, 122, S07, B07, 1
B07, Trade, 4319802.993, 111, S00, B07, 1
B07, Trade, 4319811.793, 86, S03, B07, 1
B07, Trade, 4319819.143, 120, S00, B07, 1
B07, Trade, 4319825.893, 78, S02, B07, 1
B07, Trade, 4319830.143, 115, S06, B07, 1
B07, Trade, 4319834.643, 120, B07, S01, 1
B07, Trade, 4319842.143, 101, S02, B07, 1
B07, Trade, 4319844.743, 119, S00, B07, 1
B07, Trade, 4319851.843, 122, S07, B07, 1
B07, Trade, 4319859.093, 110, S05, B07, 1
B07, Trade, 4319861.993, 118, S02, B07, 1
B07, Trade, 4319866.393, 108, S00, B07, 1
B07, Trade, 4319871.943, 114, S00, B07, 1
B07, Trade, 4319874.193, 122, S07, B07, 1
B07, Trade, 4319883.243, 122, B07, S01, 1
B07, Trade, 4319888.493, 111, S05, B07, 1
B07, Trade, 4319894.393, 113, S05, B07, 1
B07, Trade, 4319899.493, 122, B07, S01, 1
B07, Trade, 4319903.543, 107, S04, B07, 1
B07, Trade, 4319909.193, 110, S05, B07, 1
B07, Trade, 4319911.843, 116, S00, B07, 1
B07, Trade, 4319917.543, 122, B07, S07, 1
B07, Trade, 4319922.793, 122, B07, S05, 1
B07, Trade, 4319928.743, 121, B07, S05, 1
B07, Trade, 4319932.943, 116, S00, B07, 1
B07, Trade, 4319939.243, 121, S00, B07, 1
B07, Trade, 4319943.693, 102, S00, B07, 1
B07, Trade, 4319945.693, 106, S05, B07, 1
B07, Trade, 4319952.343, 115, S05, B07, 1
B07, Trade, 4319960.293, 102, S00, B07, 1
B07, Trade, 4319961.193, 110, S05, B07, 1
B07, Trade, 4319966.793, 109, S02, B07, 1
B07, Trade, 4319973.793, 114, S06, B07, 1
B07, Trade, 4319977.993, 122, S07, B07, 1
B07, Trade, 4319985.443, 105, S05, B07, 1
B07, Trade, 4319988.743, 122, S05, B07, 1
B07, Trade, 4319995.443, 89, S03, B07, 1
B08, 100
B08, Trade, 4318906.543, 87, S03, B08, 1
B08, Trade, 4318934.093, 102, S00, B08, 1
B08, Trade, 4318941.493, 78, S00, B08, 1
B08, Trade, 4318962.543, 121, B08, S02, 1
B08, Trade, 4318973.193, 95, S00, B08, 1
B08, Trade, 4318997.893, 97, S04, B08, 1
B08, Trade, 4319009.443, 118, S00, B08, 1
B08, Trade, 4319014.093, 107, B08, S01, 1
B08, Trade, 4319021.643, 98, S00, B08, 1
B08, Trade, 4319027.143, 117, S00, B08, 1
B08, Trade, 4319030.193, 87, B08, S02, 1
B08, Trade, 4319036.993, 115, S02, B08, 1
B08, Trade, 4319042.993, 102, B08, S01, 1
B08, Trade, 4319049.343, 120, S05, B08, 1
B08, Trade, 4319069.093, 115, B08, S04, 1
B08, Trade, 4319081.843, 95, B08, S03, 1
B08, Trade, 4319095.243, 106, S05, B08, 1
B08, Trade, 4319122.593, 112, S02, B08, 1
B08, Trade, 4319129.293, 94, B08, S01, 1
B08, Trade, 4319132.643, 113, S00, B08, 1
B08, Trade, 4319136.793, 110, B08, S04, 1
B08, Trade, 4319145.443, 105, B08, S02, 1
B08, Trade, 4319147.543, 87, S03, B08, 1
B08, Trade, 4319152.943, 86, S03, B08, 1
B08, Trade, 4319166.143, 98, S03, B08, 1
B08, Trade, 4319169.793, 113, S05, B08, 1
B08, Trade, 4319177.843, 101, S00, B08, 1
B08, Trade, 4319180.093, 97, S00, B08, 1
B08, Trade, 4319218.193, 100, B08, S01, 1
B08, Trade, 4319235.093, 103, S00, B08, 1
B08, Trade, 4319242.893, 105, B08, S02, 1
B08, Trade, 4319257.043, 87, S03, B08, 1
B08, Trade, 4319266.493, 108, S04, B08, 1
B08, Trade, 4319279.893, 107, S00, B08, 1
B08, Trade, 4319293.943, 103, S00, B08, 1
B08, Trade, 4319306.093, 96, S00, B08, 1
B08, Trade, 4319309.543, 108, S05, B08, 1
B08, Trade, 4319325.393, 100, S00, B08, 1
B08, Trade, 4319350.593, 109, S05, B08, 1
B08, Trade, 4319373.243, 113, B08, S04, 1
B08, Trade, 4319379.943, 89, B08, S03, 1
B08, Trade, 4319388.843, 115, S02, B08, 1
B08, Trade, 4319397.543, 104, S00, B08, 1
B08, Trade, 4319401.743, 105, B08, S02, 1
B08, Trade, 4319430.843, 89, S03, B08, 1
B08, Trade, 4319433.943, 100, S04, B08, 1
B08, Trade, 4319449.443, 112, B08, S02, 1
B08, Trade, 4319458.843, 97, B08, S03, 1
B08, Trade, 4319462.343, 87, B08, S01, 1
B08, Trade, 4319465.643, 101, S04, B08, 1
B08, Trade, 4319477.593, 128, B08, S01, 1
B08, Trade, 4319482.343, 119, S06, B08, 1
B08, Trade, 4319487.493, 99, S03, B08, 1
B08, Trade, 4319502.893, 108, B08, S01, 1
B08, Trade, 4319509.993, 96, B08, S01, 1
B08, Trade, 4319523.993, 106, S05, B08, 1
B08, Trade, 4319534.643, 110, S00, B08, 1
B08, Trade, 4319556.493, 102, B08, S04, 1
B08, Trade, 4319560.843, 101, B08, S03, 1
B08, Trade, 4319568.893, 117, B08, S00, 1
B08, Trade, 4319589.893, 105, S00, B08, 1
B08, Trade, 4319591.643, 107, B08, S03, 1
B08, Trade, 4319597.293, 101, B08, S02, 1
B08, Trade, 4319612.443, 115, B08, S06, 1
B08, Trade, 4319614.193, 88, S03, B08, 1
B08, Trade, 4319623.693, 105, S05, B08, 1
B08, Trade, 4319632.993, 111, S04, B08, 1
B08, Trade, 4319637.343, 122, S00, B08, 1
B08, Trade, 4319646.243, 113, B08, S05, 1
B08, Trade, 4319667.693, 110, S05, B08, 1
B08, Trade, 4319691.693, 110, S00, B08, 1
B08, Trade, 4319699.643, 92, S03, B08, 1
B08, Trade, 4319704.293, 99, S00, B08, 1
B08, Trade, 4319708.993, 79, B08, S02, 1
B08, Trade, 4319718.893, 84, S00, B08, 1
B08, Trade, 4319722.643, 92, B08, S03, 1
B08, Trade, 4319742.843, 121, S06, B08, 1
B08, Trade, 4319748.643, 106, B08, S05, 1
B08, Trade, 4319759.643, 106, B08, S04, 1
B08, Trade, 4319769.693, 89, B08, S03, 1
B08, Trade, 4319794.643, 90, S00, B08, 1
B08, Trade, 4319801.593, 99, B08, S03, 1
B08, Trade, 4319818.843, 96, S04, B08, 1
B08, Trade, 4319832.443, 124, S05, B08, 1
B08, Trade, 4319838.593, 116, B08, S04, 1
B08, Trade, 4319859.193, 87, B08, S01, 1
B08, Trade, 4319876.393, 118, S05, B08, 1
B08, Trade, 4319881.293, 114, S00, B08, 1
B08, Trade, 4319888.443, 110, S00, B08, 1
B08, Trade, 4319891.343, 90, S03, B08, 1
B08, Trade, 4319907.593, 74, S01, B08, 1
B08, Trade, 4319915.943, 95, S00, B08, 1
B08, Trade, 4319920.593, 104, B08, S03, 1
B08, Trade, 4319927.943, 93, B08, S01, 1
B08, Trade, 4319933.843, 120, B08, S05, 1
B08, Trade, 4319941.943, 110, S05, B08, 1
B08, Trade, 4319948.543, 116, S04, B08, 1
B08, Trade, 4319955.593, 86, B08, S01, 1
B08, Trade, 4319977.243, 101, S00, B08, 1
B08, Trade, 4319994.793, 88, S00, B08, 1
B09, 100
B09, Trade, 4319066.243, 93, S02, B09, 1
B09, Trade, 4319083.743, 100, S04, B09, 1
B09, Trade, 4319102.643, 104, B09, S04, 1
B09, Trade, 4319110.843, 123, S00, B09, 1
B09, Trade, 4319121.093, 88, S03, B09, 1
B09, Trade, 4319128.743, 123, S06, B09, 1
B09, Trade, 4319133.843, 125, B09, S07, 1
B09, Trade, 4319137.843, 91, S03, B09, 1
B09, Trade, 4319149.343, 103, S00, B09, 1
B09, Trade, 4319152.443, 125, S07, B09, 1
B09, Trade, 4319158.143, 111, B09, S02, 1
B09, Trade, 4319162.243, 122, S06, B09, 1
B09, Trade, 4319171.143, 96, B09, S01, 1
B09, Trade, 4319180.543, 98, S04, B09, 1
B09, Trade, 4319188.843, 119, B09, S01, 1
B09, Trade, 4319195.593, 115, B09, S00, 1
B09, Trade, 4319211.593, 86, B09, S01, 1
B09, Trade, 4319215.543, 105, S04, B09, 1
B09, Trade, 4319227.943, 95, B09, S01, 1
B09, Trade, 4319239.693, 92, B09, S03, 1
B09, Trade, 4319246.143, 105, B09, S03, 1
B09, Trade, 4319270.943, 86, B09, S03, 1
B09, Trade, 4319279.643, 87, B09, S03, 1
B09, Trade, 4319284.143, 89, S02, B09, 1
B09, Trade, 4319290.693, 90, B09, S02, 1
B09, Trade, 4319292.343, 88, S03, B09, 1
B09, Trade, 4319300.443, 122, S07, B09, 1
B09, Trade, 4319305.993, 89, S03, B09, 1
B09, Trade, 4319312.443, 105, S00, B09, 1
B09, Trade, 4319316.843, 96, S00, B09, 1
B09, Trade, 4319330.493, 92, B09, S01, 1
B09, Trade, 4319332.393, 86, S03, B09, 1
B09, Trade, 4319338.193, 115, B09, S03, 1
B09, Trade, 4319346.143, 104, S05, B09, 1
B09, Trade, 4319362.443, 102, S00, B09, 1
B09, Trade, 4319367.493, 109, S04, B09, 1
B09, Trade, 4319377.543, 86, S03, B09, 1
B09, Trade, 4319378.943, 122, S07, B09, 1
B09, Trade, 4319402.743, 118, B09, S01, 1
B09, Trade, 4319409.043, 119, S06, B09, 1
B09, Trade, 4319415.343, 95, B09, S01, 1
B09, Trade, 4319436.043, 112, B09, S01, 1
B09, Trade, 4319445.793, 113, S05, B09, 1
B09, Trade, 4319453.593, 105, S00, B09, 1
B09, Trade, 4319465.393, 96, S00, B09, 1
B09, Trade, 4319471.793, 106, S00, B09, 1
B09, Trade, 4319484.543, 116, S00, B09, 1
B09, Trade, 4319488.893, 89, B09, S01, 1
B09, Trade, 4319501.693, 116, B09, S04, 1
B09, Trade, 4319504.693, 104, B09, S03, 1
B09, Trade, 4319516.093, 91, B09, S01, 1
B09, Trade, 4319518.593, 114, S00, B09, 1
B09, Trade, 4319532.493, 101, S00, B09, 1
B09, Trade, 4319541.893, 116, S05, B09, 1
B09, Trade, 4319548.893, 123, S07, B09, 1
B09, Trade, 4319558.243, 101, B09, S01, 1
B09, Trade, 4319562.143, 110, S04, B09, 1
B09, Trade, 4319583.643, 122, B09, S04, 1
B09, Trade, 4319607.043, 89, S02, B09, 1
B09, Trade, 4319611.143, 108, S00, B09, 1
B09, Trade, 4319617.443, 110, B09, S05, 1
B09, Trade, 4319622.393, 120, S00, B09, 1
B09, Trade, 4319627.643, 120, B09, S01, 1
B09, Trade, 4319643.643, 99, B09, S01, 1
B09, Trade, 4319651.893, 71, S00, B09, 1
B09, Trade, 4319667.243, 94, S03, B09, 1
B09, Trade, 4319674.593, 98, B09, S01, 1
B09, Trade, 4319695.843, 114, S06, B09, 1
B09, Trade, 4319708.493, 93, S00, B09, 1
B09, Trade, 4319716.293, 104, S00, B09, 1
B09, Trade, 4319724.643, 94, S02, B09, 1
B09, Trade, 4319736.943, 95, S00, B09, 1
B09, Trade, 4319740.993, 105, B09, S04, 1
B09, Trade, 4319748.743, 114, S04, B09, 1
B09, Trade, 4319751.643, 115, S00, B09, 1
B09, Trade, 4319768.843, 120, B09, S06, 1
B09, Trade, 4319774.493, 92, B09, S03, 1
B09, Trade, 4319781.393, 109, S00, B09, 1
B09, Trade, 4319789.793, 86, S00, B09, 1
B09, Trade, 4319806.043, 107, B09, S03, 1
B09, Trade, 4319809.493, 102, S02, B09, 1
B09, Trade, 4319814.793, 115, S05, B09, 1
B09, Trade, 4319826.743, 87, S00, B09, 1
B09, Trade, 4319828.693, 98, S00, B09, 1
B09, Trade, 4319838.893, 125, S07, B09, 1
B09, Trade, 4319845.593, 128, S07, B09, 1
B09, Trade, 4319856.393, 101, S04, B09, 1
B09, Trade, 4319867.243, 90, B09, S01, 1
B09, Trade, 4319880.393, 88, S03, B09, 1
B09, Trade, 4319882.993, 92, S03, B09, 1
B09, Trade, 4319897.793, 116, B09, S06, 1
B09, Trade, 4319904.293, 117, S00, B09, 1
B09, Trade, 4319909.093, 88, S03, B09, 1
B09, Trade, 4319926.493, 94, S03, B09, 1
B09, Trade, 4319938.193, 117, S06, B09, 1
B09, Trade, 4319951.293, 96, S00, B09, 1
B09, Trade, 4319978.943, 123, B09, S01, 1
B09, Trade, 4319985.843, 112, S04, B09, 1
B09, Trade, 4319989.993, 133, B09, S06, 1
B09, Trade, 4319996.443, 121, S00, B09, 1
S00, 100
S00, Trade, 4319241.943, 114, S00, B07, 1
S00, Trade, 4319252.843, 122, S00, B07, 1
S00, Trade, 4319261.443, 87, B06, S00, 1
S00, Trade, 4319267.893, 120, S00, B07, 1
S00, Trade, 4319273.043, 87, S00, B07, 1
S00, Trade, 4319279.893, 107, S00, B08, 1
S00, Trade, 4319292.243, 92, B05, S00, 1
S00, Trade, 4319293.943, 103, S00, B08, 1
S00, Trade, 4319306.093, 96, S00, B08, 1
S00, Trade, 4319312.443, 105, S00, B09, 1
S00, Trade, 4319316.843, 96, S00, B09, 1
S00, Trade, 4319325.393, 100, S00, B08, 1
S00, Trade, 4319331.893, 86, B03, S00, 1
S00, Trade, 4319342.393, 88, S00, B07, 1
S00, Trade, 4319347.893, 120, S00, B07, 1
S00, Trade, 4319362.443, 102, S00, B09, 1
S00, Trade, 4319365.443, 94, S00, B07, 1
S00, Trade, 4319370.843, 111, S00, B07, 1
S00, Trade, 4319377.293, 85, S00, B07, 1
S00, Trade, 4319388.793, 113, S00, B07, 1
S00, Trade, 4319393.793, 121, S00, B07, 1
S00, Trade, 4319397.543, 104, S00, B08, 1
S00, Trade, 4319407.693, 83, S00, B04, 1
S00, Trade, 4319408.643, 84, B05, S00, 1
S00, Trade, 4319420.343, 119, S00, B07, 1
S00, Trade, 4319422.343, 85, S00, B03, 1
S00, Trade, 4319429.943, 84, S00, B04, 1
S00, Trade, 4319432.543, 90, S00, B06, 1
S00, Trade, 4319437.643, 119, S00, B07, 1
S00, Trade, 4319448.093, 113, B06, S00, 1
S00, Trade, 4319453.593, 105, S00, B09, 1
S00, Trade, 4319460.343, 119, S00, B07, 1
S00, Trade, 4319465.393, 96, S00, B09, 1
S00, Trade, 4319471.793, 106, S00, B09, 1
S00, Trade, 4319475.293, 86, B04, S00, 1
S00, Trade, 4319480.443, 98, S00, B07, 1
S00, Trade, 4319484.543, 116, S00, B09, 1
S00, Trade, 4319492.493, 92, B06, S00, 1
S00, Trade, 4319506.443, 104, S00, B06, 1
S00, Trade, 4319511.293, 91, S00, B07, 1
S00, Trade, 4319518.593, 114, S00, B09, 1
S00, Trade, 4319523.243, 86, S00, B04, 1
S00, Trade, 4319532.493, 101, S00, B09, 1
S00, Trade, 4319534.643, 110, S00, B08, 1
S00, Trade, 4319544.793, 87, B05, S00, 1
S00, Trade, 4319555.993, 103, S00, B07, 1
S00, Trade, 4319568.893, 117, B08, S00, 1
S00, Trade, 4319573.243, 103, S00, B07, 1
S00, Trade, 4319579.793, 119, S00, B07, 1
S00, Trade, 4319589.893, 105, S00, B08, 1
S00, Trade, 4319597.593, 113, S00, B07, 1
S00, Trade, 4319608.393, 104, S00, B07, 1
S00, Trade, 4319611.143, 108, S00, B09, 1
S00, Trade, 4319622.393, 120, S00, B09, 1
S00, Trade, 4319632.243, 106, S00, B07, 1
S00, Trade, 4319637.343, 122, S00, B08, 1
S00, Trade, 4319643.593, 108, S00, B07, 1
S00, Trade, 4319651.893, 71, S00, B09, 1
S00, Trade, 4319679.293, 105, S00, B07, 1
S00, Trade, 4319685.843, 97, S00, B07, 1
S00, Trade, 4319691.093, 103, S00, B07, 1
S00, Trade, 4319691.693, 110, S00, B08, 1
S00, Trade, 4319696.593, 120, S00, B07, 1
S00, Trade, 4319704.293, 99, S00, B08, 1
S00, Trade, 4319708.493, 93, S00, B09, 1
S00, Trade, 4319716.293, 104, S00, B09, 1
S00, Trade, 4319718.893, 84, S00, B08, 1
S00, Trade, 4319724.543, 92, S00, B07, 1
S00, Trade, 4319736.943, 95, S00, B09, 1
S00, Trade, 4319741.543, 120, S00, B07, 1
S00, Trade, 4319745.493, 85, S00, B04, 1
S00, Trade, 4319751.643, 115, S00, B09, 1
S00, Trade, 4319759.843, 110, S00, B07, 1
S00, Trade, 4319775.443, 103, S00, B07, 1
S00, Trade, 4319781.393, 109, S00, B09, 1
S00, Trade, 4319789.793, 86, S00, B09, 1
S00, Trade, 4319794.643, 90, S00, B08, 1
S00, Trade, 4319802.993, 111, S00, B07, 1
S00, Trade, 4319819.143, 120, S00, B07, 1
S00, Trade, 4319826.743, 87, S00, B09, 1
S00, Trade, 4319828.693, 98, S00, B09, 1
S00, Trade, 4319844.743, 119, S00, B07, 1
S00, Trade, 4319855.543, 100, S00, B05, 1
S00, Trade, 4319866.393, 108, S00, B07, 1
S00, Trade, 4319871.943, 114, S00, B07, 1
S00, Trade, 4319881.293, 114, S00, B08, 1
S00, Trade, 4319888.443, 110, S00, B08, 1
S00, Trade, 4319894.093, 93, S00, B05, 1
S00, Trade, 4319904.293, 117, S00, B09, 1
S00, Trade, 4319911.843, 116, S00, B07, 1
S00, Trade, 4319915.943, 95, S00, B08, 1
S00, Trade, 4319925.943, 84, S00, B04, 1
S00, Trade, 4319932.943, 116, S00, B07, 1
S00, Trade, 4319939.243, 121, S00, B07, 1
S00, Trade, 4319943.693, 102, S00, B07, 1
S00, Trade, 4319951.293, 96, S00, B09, 1
S00, Trade, 4319960.293, 102, S00, B07, 1
S00, Trade, 4319977.243, 101, S00, B08, 1
S00, Trade, 4319994.793, 88, S00, B08, 1
S00, Trade, 4319996.443, 121, S00, B09, 1
S01, 100
S01, Trade, 4319455.493, 103, B06, S01, 1
S01, Trade, 4319462.343, 87, B08, S01, 1
S01, Trade, 4319470.643, 95, B06, S01, 1
S01, Trade, 4319475.593, 77, B02, S01, 1
S01, Trade, 4319477.593, 128, B08, S01, 1
S01, Trade, 4319484.893, 97, B05, S01, 1
S01, Trade, 4319488.893, 89, B09, S01, 1
S01, Trade, 4319494.543, 82, B05, S01, 1
S01, Trade, 4319502.893, 108, B08, S01, 1
S01, Trade, 4319509.993, 96, B08, S01, 1
S01, Trade, 4319516.093, 91, B09, S01, 1
S01, Trade, 4319520.893, 88, B05, S01, 1
S01, Trade, 4319522.443, 86, B03, S01, 1
S01, Trade, 4319532.093, 93, B06, S01, 1
S01, Trade, 4319535.393, 87, B05, S01, 1
S01, Trade, 4319541.643, 98, B06, S01, 1
S01, Trade, 4319544.893, 86, B03, S01, 1
S01, Trade, 4319552.643, 94, B06, S01, 1
S01, Trade, 4319558.243, 101, B09, S01, 1
S01, Trade, 4319568.143, 86, B03, S01, 1
S01, Trade, 4319575.843, 94, B04, S01, 1
S01, Trade, 4319577.693, 92, B06, S01, 1
S01, Trade, 4319590.043, 98, B05, S01, 1
S01, Trade, 4319590.293, 86, B03, S01, 1
S01, Trade, 4319599.043, 96, B05, S01, 1
S01, Trade, 4319609.093, 87, B05, S01, 1
S01, Trade, 4319616.693, 71, B06, S01, 1
S01, Trade, 4319621.743, 94, B04, S01, 1
S01, Trade, 4319627.643, 120, B09, S01, 1
S01, Trade, 4319633.843, 87, B06, S01, 1
S01, Trade, 4319639.193, 86, B03, S01, 1
S01, Trade, 4319643.643, 99, B09, S01, 1
S01, Trade, 4319645.643, 92, B06, S01, 1
S01, Trade, 4319651.943, 72, S01, B02, 1
S01, Trade, 4319659.343, 98, B05, S01, 1
S01, Trade, 4319663.043, 91, B05, S01, 1
S01, Trade, 4319668.793, 90, B05, S01, 1
S01, Trade, 4319674.593, 98, B09, S01, 1
S01, Trade, 4319677.943, 94, B04, S01, 1
S01, Trade, 4319683.093, 91, B06, S01, 1
S01, Trade, 4319688.893, 93, B06, S01, 1
S01, Trade, 4319690.643, 87, B05, S01, 1
S01, Trade, 4319700.143, 92, B06, S01, 1
S01, Trade, 4319701.243, 87, B05, S01, 1
S01, Trade, 4319705.943, 102, B05, S01, 1
S01, Trade, 4319714.843, 86, B03, S01, 1
S01, Trade, 4319719.593, 94, B04, S01, 1
S01, Trade, 4319720.993, 86, B03, S01, 1
S01, Trade, 4319731.843, 87, B06, S01, 1
S01, Trade, 4319734.593, 77, S01, B02, 1
S01, Trade, 4319738.293, 92, S01, B05, 1
S01, Trade, 4319746.043, 78, B06, S01, 1
S01, Trade, 4319750.393, 83, B03, S01, 1
S01, Trade, 4319755.143, 87, B05, S01, 1
S01, Trade, 4319761.943, 104, B05, S01, 1
S01, Trade, 4319764.843, 104, B05, S01, 1
S01, Trade, 4319769.143, 90, B04, S01, 1
S01, Trade, 4319773.743, 91, B06, S01, 1
S01, Trade, 4319783.243, 90, B06, S01, 1
S01, Trade, 4319783.943, 86, B03, S01, 1
S01, Trade, 4319788.043, 79, B06, S01, 1
S01, Trade, 4319794.393, 77, B03, S01, 1
S01, Trade, 4319798.793, 88, B06, S01, 1
S01, Trade, 4319805.843, 108, B06, S01, 1
S01, Trade, 4319808.843, 86, B03, S01, 1
S01, Trade, 4319816.893, 86, B03, S01, 1
S01, Trade, 4319818.343, 71, B02, S01, 1
S01, Trade, 4319823.693, 85, B04, S01, 1
S01, Trade, 4319834.643, 120, B07, S01, 1
S01, Trade, 4319834.893, 91, B05, S01, 1
S01, Trade, 4319839.943, 86, B03, S01, 1
S01, Trade, 4319849.243, 106, B06, S01, 1
S01, Trade, 4319853.193, 90, B06, S01, 1
S01, Trade, 4319854.793, 86, B03, S01, 1
S01, Trade, 4319859.193, 87, B08, S01, 1
S01, Trade, 4319867.243, 90, B09, S01, 1
S01, Trade, 4319870.293, 101, B06, S01, 1
S01, Trade, 4319876.993, 71, B06, S01, 1
S01, Trade, 4319883.243, 122, B07, S01, 1
S01, Trade, 4319885.643, 90, B06, S01, 1
S01, Trade, 4319891.493, 84, B03, S01, 1
S01, Trade, 4319899.493, 122, B07, S01, 1
S01, Trade, 4319907.593, 74, S01, B08, 1
S01, Trade, 4319911.293, 75, B02, S01, 1
S01, Trade, 4319915.693, 91, B06, S01, 1
S01, Trade, 4319924.593, 87, B06, S01, 1
S01, Trade, 4319927.943, 93, B08, S01, 1
S01, Trade, 4319929.793, 87, B05, S01, 1
S01, Trade, 4319939.043, 87, B05, S01, 1
S01, Trade, 4319943.593, 95, B05, S01, 1
S01, Trade, 4319946.543, 88, S01, B04, 1
S01, Trade, 4319950.093, 93, B06, S01, 1
S01, Trade, 4319955.593, 86, B08, S01, 1
S01, Trade, 4319964.793, 92, B05, S01, 1
S01, Trade, 4319968.893, 86, B03, S01, 1
S01, Trade, 4319970.843, 68, B01, S01, 1
S01, Trade, 4319978.943, 123, B09, S01, 1
S01, Trade, 4319984.993, 86, B03, S01, 1
S01, Trade, 4319990.193, 86, B03, S01, 1
S01, Trade, 4319994.693, 82, B05, S01, 1
S02, 100
S02, Trade, 4318542.493, 95, B08, S02, 1
S02, Trade, 4318553.343, 121, B07, S02, 1
S02, Trade, 4318571.793, 86, B03, S02, 1
S02, Trade, 4318587.543, 83, S02, B07, 1
S02, Trade, 4318590.693, 116, S02, B07, 1
S02, Trade, 4318614.893, 88, B04, S02, 1
S02, Trade, 4318616.843, 117, S02, B07, 1
S02, Trade, 4318630.543, 101, B09, S02, 1
S02, Trade, 4318636.343, 86, B03, S02, 1
S02, Trade, 4318645.443, 100, B05, S02, 1
S02, Trade, 4318647.243, 99, B05, S02, 1
S02, Trade, 4318669.043, 102, S02, B08, 1
S02, Trade, 4318689.793, 90, B04, S02, 1
S02, Trade, 4318702.943, 121, B07, S02, 1
S02, Trade, 4318719.893, 121, B07, S02, 1
S02, Trade, 4318753.093, 91, B06, S02, 1
S02, Trade, 4318769.343, 90, B06, S02, 1
S02, Trade, 4318803.643, 86, B03, S02, 1
S02, Trade, 4318816.143, 103, S02, B07, 1
S02, Trade, 4318824.643, 92, B06, S02, 1
S02, Trade, 4318856.193, 90, B06, S02, 1
S02, Trade, 4318862.093, 100, B06, S02, 1
S02, Trade, 4318877.093, 92, B06, S02, 1
S02, Trade, 4318887.043, 93, B04, S02, 1
S02, Trade, 4318897.293, 88, S02, B05, 1
S02, Trade, 4318916.893, 88, B09, S02, 1
S02, Trade, 4318936.243, 104, S02, B06, 1
S02, Trade, 4318962.543, 121, B08, S02, 1
S02, Trade, 4318973.693, 90, S02, B09, 1
S02, Trade, 4319022.143, 85, B06, S02, 1
S02, Trade, 4319030.193, 87, B08, S02, 1
S02, Trade, 4319036.993, 115, S02, B08, 1
S02, Trade, 4319041.743, 110, B09, S02, 1
S02, Trade, 4319066.243, 93, S02, B09, 1
S02, Trade, 4319087.393, 100, S02, B07, 1
S02, Trade, 4319122.593, 112, S02, B08, 1
S02, Trade, 4319134.543, 92, B06, S02, 1
S02, Trade, 4319145.443, 105, B08, S02, 1
S02, Trade, 4319158.143, 111, B09, S02, 1
S02, Trade, 4319172.593, 107, S02, B07, 1
S02, Trade, 4319177.043, 99, B05, S02, 1
S02, Trade, 4319188.143, 120, B07, S02, 1
S02, Trade, 4319216.643, 92, S02, B07, 1
S02, Trade, 4319239.093, 113, B06, S02, 1
S02, Trade, 4319242.893, 105, B08, S02, 1
S02, Trade, 4319250.643, 102, B05, S02, 1
S02, Trade, 4319259.743, 87, B05, S02, 1
S02, Trade, 4319265.993, 93, B06, S02, 1
S02, Trade, 4319284.143, 89, S02, B09, 1
S02, Trade, 4319290.693, 90, B09, S02, 1
S02, Trade, 4319327.293, 101, S02, B07, 1
S02, Trade, 4319345.893, 103, B05, S02, 1
S02, Trade, 4319356.343, 108, B06, S02, 1
S02, Trade, 4319382.643, 83, B05, S02, 1
S02, Trade, 4319388.843, 115, S02, B08, 1
S02, Trade, 4319401.743, 105, B08, S02, 1
S02, Trade, 4319418.943, 103, B05, S02, 1
S02, Trade, 4319424.743, 91, S02, B04, 1
S02, Trade, 4319431.643, 90, S02, B07, 1
S02, Trade, 4319445.943, 116, B07, S02, 1
S02, Trade, 4319449.443, 112, B08, S02, 1
S02, Trade, 4319458.343, 116, S02, B07, 1
S02, Trade, 4319459.643, 87, B05, S02, 1
S02, Trade, 4319463.593, 91, S02, B04, 1
S02, Trade, 4319474.343, 87, B05, S02, 1
S02, Trade, 4319478.193, 84, S02, B07, 1
S02, Trade, 4319506.993, 104, B05, S02, 1
S02, Trade, 4319519.443, 91, B06, S02, 1
S02, Trade, 4319534.093, 97, B05, S02, 1
S02, Trade, 4319539.543, 92, S02, B04, 1
S02, Trade, 4319597.293, 101, B08, S02, 1
S02, Trade, 4319603.393, 104, B05, S02, 1
S02, Trade, 4319607.043, 89, S02, B09, 1
S02, Trade, 4319611.493, 96, B05, S02, 1
S02, Trade, 4319619.693, 120, B07, S02, 1
S02, Trade, 4319653.343, 120, B07, S02, 1
S02, Trade, 4319666.093, 119, S02, B07, 1
S02, Trade, 4319673.893, 108, B06, S02, 1
S02, Trade, 4319708.993, 79, B08, S02, 1
S02, Trade, 4319724.643, 94, S02, B09, 1
S02, Trade, 4319733.293, 86, B03, S02, 1
S02, Trade, 4319741.643, 93, B06, S02, 1
S02, Trade, 4319754.443, 86, B06, S02, 1
S02, Trade, 4319781.543, 115, S02, B07, 1
S02, Trade, 4319791.543, 90, B06, S02, 1
S02, Trade, 4319804.443, 94, B05, S02, 1
S02, Trade, 4319809.493, 102, S02, B09, 1
S02, Trade, 4319825.893, 78, S02, B07, 1
S02, Trade, 4319842.143, 101, S02, B07, 1
S02, Trade, 4319844.443, 104, B06, S02, 1
S02, Trade, 4319861.993, 118, S02, B07, 1
S02, Trade, 4319874.343, 86, B03, S02, 1
S02, Trade, 4319884.793, 91, B05, S02, 1
S02, Trade, 4319896.543, 102, B06, S02, 1
S02, Trade, 4319914.693, 91, B05, S02, 1
S02, Trade, 4319918.143, 95, B04, S02, 1
S02, Trade, 4319930.643, 86, B03, S02, 1
S02, Trade, 4319966.793, 109, S02, B07, 1
S02, Trade, 4319981.993, 90, B06, S02, 1
S02, Trade, 4319988.593, 103, B05, S02, 1
S03, 100
S03, Trade, 4319452.793, 88, B05, S03, 1
S03, Trade, 4319458.843, 97, B08, S03, 1
S03, Trade, 4319462.893, 87, B06, S03, 1
S03, Trade, 4319471.143, 95, B05, S03, 1
S03, Trade, 4319475.743, 87, S03, B07, 1
S03, Trade, 4319479.943, 92, B06, S03, 1
S03, Trade, 4319484.493, 99, B06, S03, 1
S03, Trade, 4319487.493, 99, S03, B08, 1
S03, Trade, 4319494.493, 87, S03, B07, 1
S03, Trade, 4319498.943, 95, B06, S03, 1
S03, Trade, 4319504.693, 104, B09, S03, 1
S03, Trade, 4319511.943, 88, B05, S03, 1
S03, Trade, 4319515.943, 92, S03, B05, 1
S03, Trade, 4319523.143, 86, S03, B07, 1
S03, Trade, 4319526.393, 105, B06, S03, 1
S03, Trade, 4319528.143, 88, S03, B07, 1
S03, Trade, 4319537.393, 91, S03, B07, 1
S03, Trade, 4319539.343, 89, S03, B07, 1
S03, Trade, 4319545.943, 88, S03, B07, 1
S03, Trade, 4319548.393, 92, B06, S03, 1
S03, Trade, 4319557.293, 91, B05, S03, 1
S03, Trade, 4319560.843, 101, B08, S03, 1
S03, Trade, 4319566.893, 100, B05, S03, 1
S03, Trade, 4319567.893, 87, B06, S03, 1
S03, Trade, 4319575.143, 92, B05, S03, 1
S03, Trade, 4319582.243, 93, B06, S03, 1
S03, Trade, 4319583.793, 86, B03, S03, 1
S03, Trade, 4319591.643, 107, B08, S03, 1
S03, Trade, 4319594.843, 88, S03, B05, 1
S03, Trade, 4319601.043, 89, S03, B06, 1
S03, Trade, 4319606.693, 86, S03, B04, 1
S03, Trade, 4319614.193, 88, S03, B08, 1
S03, Trade, 4319616.893, 103, S03, B07, 1
S03, Trade, 4319623.643, 91, B05, S03, 1
S03, Trade, 4319629.643, 98, B06, S03, 1
S03, Trade, 4319633.293, 99, B05, S03, 1
S03, Trade, 4319636.593, 91, B05, S03, 1
S03, Trade, 4319644.993, 92, S03, B05, 1
S03, Trade, 4319646.843, 96, B06, S03, 1
S03, Trade, 4319649.893, 93, B05, S03, 1
S03, Trade, 4319656.493, 122, B07, S03, 1
S03, Trade, 4319664.543, 92, B06, S03, 1
S03, Trade, 4319667.243, 94, S03, B09, 1
S03, Trade, 4319672.293, 106, B06, S03, 1
S03, Trade, 4319679.393, 93, B05, S03, 1
S03, Trade, 4319682.243, 101, S03, B07, 1
S03, Trade, 4319685.743, 91, B05, S03, 1
S03, Trade, 4319694.243, 94, B05, S03, 1
S03, Trade, 4319699.643, 92, S03, B08, 1
S03, Trade, 4319701.643, 86, B03, S03, 1
S03, Trade, 4319719.993, 87, S03, B07, 1
S03, Trade, 4319722.643, 92, B08, S03, 1
S03, Trade, 4319727.993, 98, B05, S03, 1
S03, Trade, 4319732.443, 87, S03, B05, 1
S03, Trade, 4319740.293, 95, B04, S03, 1
S03, Trade, 4319747.343, 89, S03, B07, 1
S03, Trade, 4319758.193, 100, B06, S03, 1
S03, Trade, 4319764.643, 113, B06, S03, 1
S03, Trade, 4319769.693, 89, B08, S03, 1
S03, Trade, 4319774.493, 92, B09, S03, 1
S03, Trade, 4319777.643, 122, B07, S03, 1
S03, Trade, 4319785.143, 96, B05, S03, 1
S03, Trade, 4319788.093, 86, S03, B04, 1
S03, Trade, 4319795.043, 97, S03, B07, 1
S03, Trade, 4319801.593, 99, B08, S03, 1
S03, Trade, 4319806.043, 107, B09, S03, 1
S03, Trade, 4319811.793, 86, S03, B07, 1
S03, Trade, 4319815.893, 90, S03, B04, 1
S03, Trade, 4319822.193, 91, B05, S03, 1
S03, Trade, 4319828.243, 86, B05, S03, 1
S03, Trade, 4319831.093, 102, B06, S03, 1
S03, Trade, 4319836.543, 94, B06, S03, 1
S03, Trade, 4319839.793, 95, B04, S03, 1
S03, Trade, 4319845.793, 97, B05, S03, 1
S03, Trade, 4319852.243, 91, B05, S03, 1
S03, Trade, 4319858.893, 90, B06, S03, 1
S03, Trade, 4319863.893, 90, B05, S03, 1
S03, Trade, 4319872.593, 104, B05, S03, 1
S03, Trade, 4319880.393, 88, S03, B09, 1
S03, Trade, 4319882.993, 92, S03, B09, 1
S03, Trade, 4319891.343, 90, S03, B08, 1
S03, Trade, 4319897.843, 102, B05, S03, 1
S03, Trade, 4319902.593, 89, B05, S03, 1
S03, Trade, 4319909.093, 88, S03, B09, 1
S03, Trade, 4319913.043, 93, B06, S03, 1
S03, Trade, 4319920.593, 104, B08, S03, 1
S03, Trade, 4319926.493, 94, S03, B09, 1
S03, Trade, 4319934.143, 93, B06, S03, 1
S03, Trade, 4319938.543, 106, B06, S03, 1
S03, Trade, 4319943.743, 94, B04, S03, 1
S03, Trade, 4319949.593, 92, B05, S03, 1
S03, Trade, 4319954.343, 88, S03, B04, 1
S03, Trade, 4319961.143, 100, B06, S03, 1
S03, Trade, 4319963.193, 86, S03, B03, 1
S03, Trade, 4319966.193, 87, B06, S03, 1
S03, Trade, 4319971.743, 87, B05, S03, 1
S03, Trade, 4319977.693, 87, B06, S03, 1
S03, Trade, 4319982.543, 88, B05, S03, 1
S03, Trade, 4319991.343, 94, B04, S03, 1
S03, Trade, 4319995.443, 89, S03, B07, 1
S04, 100
S04, Trade, 4318331.443, 113, B06, S04, 1
S04, Trade, 4318338.893, 105, B06, S04, 1
S04, Trade, 4318351.743, 96, S04, B07, 1
S04, Trade, 4318364.693, 113, B09, S04, 1
S04, Trade, 4318367.993, 104, S04, B07, 1
S04, Trade, 4318402.843, 110, B09, S04, 1
S04, Trade, 4318423.843, 122, B07, S04, 1
S04, Trade, 4318433.243, 104, B05, S04, 1
S04, Trade, 4318460.693, 98, S04, B05, 1
S04, Trade, 4318471.093, 100, S04, B07, 1
S04, Trade, 4318477.243, 97, B09, S04, 1
S04, Trade, 4318510.193, 106, S04, B07, 1
S04, Trade, 4318553.393, 104, B05, S04, 1
S04, Trade, 4318582.493, 96, S04, B06, 1
S04, Trade, 4318591.593, 96, S04, B08, 1
S04, Trade, 4318619.643, 111, B09, S04, 1
S04, Trade, 4318641.893, 111, S04, B07, 1
S04, Trade, 4318650.093, 108, S04, B08, 1
S04, Trade, 4318675.143, 100, S04, B07, 1
S04, Trade, 4318690.093, 97, S04, B07, 1
S04, Trade, 4318704.343, 95, S04, B08, 1
S04, Trade, 4318724.693, 122, B07, S04, 1
S04, Trade, 4318748.843, 122, B07, S04, 1
S04, Trade, 4318758.343, 98, S04, B08, 1
S04, Trade, 4318775.493, 98, S04, B07, 1
S04, Trade, 4318802.493, 98, S04, B07, 1
S04, Trade, 4318815.093, 96, S04, B08, 1
S04, Trade, 4318826.193, 95, S04, B08, 1
S04, Trade, 4318842.993, 97, S04, B09, 1
S04, Trade, 4318847.843, 114, S04, B07, 1
S04, Trade, 4318856.393, 102, S04, B07, 1
S04, Trade, 4318863.893, 122, B07, S04, 1
S04, Trade, 4318886.693, 96, S04, B07, 1
S04, Trade, 4318891.593, 103, S04, B09, 1
S04, Trade, 4318904.293, 102, S04, B08, 1
S04, Trade, 4318907.393, 108, S04, B07, 1
S04, Trade, 4318917.043, 99, S04, B07, 1
S04, Trade, 4318939.743, 99, S04, B07, 1
S04, Trade, 4318950.293, 101, S04, B07, 1
S04, Trade, 4318957.843, 112, B09, S04, 1
S04, Trade, 4318968.143, 113, B06, S04, 1
S04, Trade, 4318983.243, 106, S04, B09, 1
S04, Trade, 4318997.893, 97, S04, B08, 1
S04, Trade, 4319011.893, 113, B06, S04, 1
S04, Trade, 4319026.693, 101, S04, B06, 1
S04, Trade, 4319031.193, 107, S04, B07, 1
S04, Trade, 4319033.643, 106, S04, B07, 1
S04, Trade, 4319058.693, 121, S04, B07, 1
S04, Trade, 4319061.993, 100, B05, S04, 1
S04, Trade, 4319069.093, 115, B08, S04, 1
S04, Trade, 4319083.743, 100, S04, B09, 1
S04, Trade, 4319102.643, 104, B09, S04, 1
S04, Trade, 4319136.793, 110, B08, S04, 1
S04, Trade, 4319150.943, 114, S04, B07, 1
S04, Trade, 4319180.543, 98, S04, B09, 1
S04, Trade, 4319185.693, 104, B05, S04, 1
S04, Trade, 4319194.393, 104, B05, S04, 1
S04, Trade, 4319213.343, 113, B06, S04, 1
S04, Trade, 4319215.543, 105, S04, B09, 1
S04, Trade, 4319239.593, 104, B05, S04, 1
S04, Trade, 4319266.493, 108, S04, B08, 1
S04, Trade, 4319300.143, 107, B06, S04, 1
S04, Trade, 4319329.593, 101, B06, S04, 1
S04, Trade, 4319354.543, 102, S04, B07, 1
S04, Trade, 4319367.493, 109, S04, B09, 1
S04, Trade, 4319373.243, 113, B08, S04, 1
S04, Trade, 4319398.443, 108, B06, S04, 1
S04, Trade, 4319425.093, 121, B07, S04, 1
S04, Trade, 4319433.943, 100, S04, B08, 1
S04, Trade, 4319453.793, 106, S04, B07, 1
S04, Trade, 4319465.643, 101, S04, B08, 1
S04, Trade, 4319467.243, 110, S04, B07, 1
S04, Trade, 4319501.693, 116, B09, S04, 1
S04, Trade, 4319509.493, 97, B06, S04, 1
S04, Trade, 4319513.943, 108, S04, B07, 1
S04, Trade, 4319518.943, 116, S04, B07, 1
S04, Trade, 4319546.993, 115, S04, B07, 1
S04, Trade, 4319556.493, 102, B08, S04, 1
S04, Trade, 4319562.143, 110, S04, B09, 1
S04, Trade, 4319565.493, 121, B07, S04, 1
S04, Trade, 4319583.643, 122, B09, S04, 1
S04, Trade, 4319592.943, 99, S04, B07, 1
S04, Trade, 4319598.793, 119, S04, B07, 1
S04, Trade, 4319621.243, 104, B05, S04, 1
S04, Trade, 4319625.893, 104, S04, B07, 1
S04, Trade, 4319632.993, 111, S04, B08, 1
S04, Trade, 4319653.843, 113, B06, S04, 1
S04, Trade, 4319664.443, 99, S04, B07, 1
S04, Trade, 4319709.393, 96, S04, B07, 1
S04, Trade, 4319740.993, 105, B09, S04, 1
S04, Trade, 4319748.743, 114, S04, B09, 1
S04, Trade, 4319759.643, 106, B08, S04, 1
S04, Trade, 4319768.893, 113, B06, S04, 1
S04, Trade, 4319790.693, 95, S04, B07, 1
S04, Trade, 4319818.843, 96, S04, B08, 1
S04, Trade, 4319838.593, 116, B08, S04, 1
S04, Trade, 4319856.393, 101, S04, B09, 1
S04, Trade, 4319903.543, 107, S04, B07, 1
S04, Trade, 4319948.543, 116, S04, B08, 1
S04, Trade, 4319985.843, 112, S04, B09, 1
S05, 100
S05, Trade, 4318157.693, 108, S05, B07, 1
S05, Trade, 4318181.793, 104, S05, B07, 1
S05, Trade, 4318185.493, 119, S05, B07, 1
S05, Trade, 4318198.793, 104, B05, S05, 1
S05, Trade, 4318225.093, 119, B07, S05, 1
S05, Trade, 4318233.293, 113, B06, S05, 1
S05, Trade, 4318242.493, 105, S05, B07, 1
S05, Trade, 4318256.093, 122, B07, S05, 1
S05, Trade, 4318266.043, 113, S05, B07, 1
S05, Trade, 4318268.943, 108, S05, B07, 1
S05, Trade, 4318278.943, 114, S05, B07, 1
S05, Trade, 4318287.243, 119, B07, S05, 1
S05, Trade, 4318319.743, 108, S05, B08, 1
S05, Trade, 4318331.193, 120, B09, S05, 1
S05, Trade, 4318338.043, 108, B09, S05, 1
S05, Trade, 4318346.593, 110, S05, B09, 1
S05, Trade, 4318355.843, 104, S05, B07, 1
S05, Trade, 4318377.693, 122, B07, S05, 1
S05, Trade, 4318388.793, 111, S05, B09, 1
S05, Trade, 4318417.043, 121, B07, S05, 1
S05, Trade, 4318443.193, 108, S05, B07, 1
S05, Trade, 4318455.743, 118, S05, B07, 1
S05, Trade, 4318461.393, 106, S05, B09, 1
S05, Trade, 4318472.043, 111, S05, B07, 1
S05, Trade, 4318482.843, 111, S05, B09, 1
S05, Trade, 4318491.943, 106, S05, B07, 1
S05, Trade, 4318498.393, 117, B09, S05, 1
S05, Trade, 4318501.443, 121, S05, B07, 1
S05, Trade, 4318530.843, 122, B07, S05, 1
S05, Trade, 4318602.993, 121, B07, S05, 1
S05, Trade, 4318627.993, 122, B07, S05, 1
S05, Trade, 4318663.543, 108, S05, B06, 1
S05, Trade, 4318697.493, 120, S05, B09, 1
S05, Trade, 4318730.793, 121, B09, S05, 1
S05, Trade, 4318780.343, 104, S05, B07, 1
S05, Trade, 4318792.843, 116, S05, B07, 1
S05, Trade, 4318801.093, 104, S05, B08, 1
S05, Trade, 4318809.943, 113, B06, S05, 1
S05, Trade, 4318820.593, 110, S05, B09, 1
S05, Trade, 4318825.243, 115, B09, S05, 1
S05, Trade, 4318852.793, 117, S05, B08, 1
S05, Trade, 4318876.343, 107, B08, S05, 1
S05, Trade, 4318880.293, 122, B07, S05, 1
S05, Trade, 4318895.093, 119, S05, B07, 1
S05, Trade, 4318928.743, 105, S05, B07, 1
S05, Trade, 4318955.043, 112, S05, B09, 1
S05, Trade, 4318967.493, 119, B07, S05, 1
S05, Trade, 4318984.043, 122, S05, B07, 1
S05, Trade, 4319004.943, 104, S05, B07, 1
S05, Trade, 4319016.443, 104, S05, B07, 1
S05, Trade, 4319024.893, 112, S05, B07, 1
S05, Trade, 4319049.343, 120, S05, B08, 1
S05, Trade, 4319095.243, 106, S05, B08, 1
S05, Trade, 4319106.193, 108, S05, B07, 1
S05, Trade, 4319132.793, 120, S05, B07, 1
S05, Trade, 4319135.843, 122, B07, S05, 1
S05, Trade, 4319169.793, 113, S05, B08, 1
S05, Trade, 4319191.993, 118, B07, S05, 1
S05, Trade, 4319208.343, 113, S05, B07, 1
S05, Trade, 4319250.193, 104, S05, B07, 1
S05, Trade, 4319256.493, 111, S05, B07, 1
S05, Trade, 4319309.543, 108, S05, B08, 1
S05, Trade, 4319336.443, 121, B07, S05, 1
S05, Trade, 4319339.343, 113, B06, S05, 1
S05, Trade, 4319346.143, 104, S05, B09, 1
S05, Trade, 4319350.593, 109, S05, B08, 1
S05, Trade, 4319385.243, 114, S05, B07, 1
S05, Trade, 4319395.243, 111, S05, B07, 1
S05, Trade, 4319411.193, 122, S05, B07, 1
S05, Trade, 4319445.793, 113, S05, B09, 1
S05, Trade, 4319523.993, 106, S05, B08, 1
S05, Trade, 4319541.893, 116, S05, B09, 1
S05, Trade, 4319561.643, 120, B07, S05, 1
S05, Trade, 4319605.293, 106, S05, B07, 1
S05, Trade, 4319617.443, 110, B09, S05, 1
S05, Trade, 4319623.693, 105, S05, B08, 1
S05, Trade, 4319638.743, 110, B06, S05, 1
S05, Trade, 4319646.243, 113, B08, S05, 1
S05, Trade, 4319667.693, 110, S05, B08, 1
S05, Trade, 4319709.943, 108, S05, B07, 1
S05, Trade, 4319717.043, 104, B05, S05, 1
S05, Trade, 4319748.643, 106, B08, S05, 1
S05, Trade, 4319763.243, 121, B07, S05, 1
S05, Trade, 4319766.943, 105, S05, B07, 1
S05, Trade, 4319814.793, 115, S05, B09, 1
S05, Trade, 4319832.443, 124, S05, B08, 1
S05, Trade, 4319859.093, 110, S05, B07, 1
S05, Trade, 4319876.393, 118, S05, B08, 1
S05, Trade, 4319888.493, 111, S05, B07, 1
S05, Trade, 4319894.393, 113, S05, B07, 1
S05, Trade, 4319909.193, 110, S05, B07, 1
S05, Trade, 4319922.793, 122, B07, S05, 1
S05, Trade, 4319928.743, 121, B07, S05, 1
S05, Trade, 4319933.843, 120, B08, S05, 1
S05, Trade, 4319941.943, 110, S05, B08, 1
S05, Trade, 4319945.693, 106, S05, B07, 1
S05, Trade, 4319952.343, 115, S05, B07, 1
S05, Trade, 4319961.193, 110, S05, B07, 1
S05, Trade, 4319985.443, 105, S05, B07, 1
S05, Trade, 4319988.743, 122, S05, B07, 1
S06, 100
S06, Trade, 4315280.943, 115, S06, B07, 1
S06, Trade, 4315304.743, 114, S06, B09, 1
S06, Trade, 4315373.343, 118, S06, B09, 1
S06, Trade, 4315476.993, 119, S06, B07, 1
S06, Trade, 4315555.793, 119, S06, B07, 1
S06, Trade, 4315603.043, 114, S06, B08, 1
S06, Trade, 4315636.793, 114, S06, B07, 1
S06, Trade, 4315764.993, 121, S06, B07, 1
S06, Trade, 4315774.443, 120, S06, B07, 1
S06, Trade, 4315897.093, 118, S06, B07, 1
S06, Trade, 4315908.243, 115, S06, B08, 1
S06, Trade, 4316051.193, 122, S06, B09, 1
S06, Trade, 4316077.693, 115, B09, S06, 1
S06, Trade, 4316103.043, 122, B07, S06, 1
S06, Trade, 4316109.793, 123, B08, S06, 1
S06, Trade, 4316139.843, 124, S06, B09, 1
S06, Trade, 4316202.693, 120, B07, S06, 1
S06, Trade, 4316250.543, 116, S06, B07, 1
S06, Trade, 4316269.493, 119, S06, B07, 1
S06, Trade, 4316275.643, 122, B07, S06, 1
S06, Trade, 4316285.493, 122, B07, S06, 1
S06, Trade, 4316372.543, 113, S06, B07, 1
S06, Trade, 4316421.093, 118, S06, B07, 1
S06, Trade, 4316428.093, 115, S06, B07, 1
S06, Trade, 4316467.843, 119, S06, B07, 1
S06, Trade, 4316492.743, 122, B07, S06, 1
S06, Trade, 4316549.443, 122, B07, S06, 1
S06, Trade, 4316587.343, 119, S06, B07, 1
S06, Trade, 4316602.243, 113, S06, B07, 1
S06, Trade, 4316622.443, 116, S06, B07, 1
S06, Trade, 4316659.943, 115, S06, B07, 1
S06, Trade, 4316683.943, 113, S06, B09, 1
S06, Trade, 4316876.043, 120, B07, S06, 1
S06, Trade, 4316918.293, 117, S06, B07, 1
S06, Trade, 4317075.743, 119, S06, B07, 1
S06, Trade, 4317177.693, 119, B09, S06, 1
S06, Trade, 4317226.243, 116, S06, B07, 1
S06, Trade, 4317260.993, 122, B07, S06, 1
S06, Trade, 4317327.743, 122, B07, S06, 1
S06, Trade, 4317350.293, 113, S06, B07, 1
S06, Trade, 4317378.793, 121, S06, B07, 1
S06, Trade, 4317382.793, 117, S06, B09, 1
S06, Trade, 4317386.893, 121, S06, B07, 1
S06, Trade, 4317411.293, 118, S06, B07, 1
S06, Trade, 4317443.343, 117, B09, S06, 1
S06, Trade, 4317464.693, 121, B07, S06, 1
S06, Trade, 4317516.043, 120, S06, B07, 1
S06, Trade, 4317522.743, 120, S06, B07, 1
S06, Trade, 4317591.943, 122, B07, S06, 1
S06, Trade, 4317699.093, 115, S06, B09, 1
S06, Trade, 4317723.193, 116, S06, B07, 1
S06, Trade, 4317784.243, 113, B06, S06, 1
S06, Trade, 4317870.493, 113, S06, B08, 1
S06, Trade, 4317884.843, 122, B07, S06, 1
S06, Trade, 4317923.393, 120, S06, B07, 1
S06, Trade, 4317935.293, 119, S06, B07, 1
S06, Trade, 4317953.843, 115, S06, B07, 1
S06, Trade, 4317985.993, 121, S06, B07, 1
S06, Trade, 4318005.843, 121, S06, B07, 1
S06, Trade, 4318014.393, 117, S06, B08, 1
S06, Trade, 4318147.693, 121, S06, B07, 1
S06, Trade, 4318162.393, 113, S06, B07, 1
S06, Trade, 4318323.643, 117, S06, B07, 1
S06, Trade, 4318485.743, 121, S06, B07, 1
S06, Trade, 4318522.293, 121, S06, B07, 1
S06, Trade, 4318556.043, 114, S06, B07, 1
S06, Trade, 4318573.443, 118, B07, S06, 1
S06, Trade, 4318670.543, 115, S06, B08, 1
S06, Trade, 4318679.043, 113, S06, B09, 1
S06, Trade, 4318779.043, 114, S06, B08, 1
S06, Trade, 4318901.293, 117, S06, B07, 1
S06, Trade, 4319089.343, 117, S06, B07, 1
S06, Trade, 4319109.643, 120, S06, B07, 1
S06, Trade, 4319128.743, 123, S06, B09, 1
S06, Trade, 4319162.243, 122, S06, B09, 1
S06, Trade, 4319169.443, 115, S06, B07, 1
S06, Trade, 4319289.043, 120, B07, S06, 1
S06, Trade, 4319292.643, 118, S06, B07, 1
S06, Trade, 4319309.843, 119, S06, B07, 1
S06, Trade, 4319332.593, 119, B07, S06, 1
S06, Trade, 4319402.843, 119, S06, B07, 1
S06, Trade, 4319409.043, 119, S06, B09, 1
S06, Trade, 4319419.043, 113, S06, B07, 1
S06, Trade, 4319441.843, 114, S06, B07, 1
S06, Trade, 4319482.343, 119, S06, B08, 1
S06, Trade, 4319501.343, 120, S06, B07, 1
S06, Trade, 4319505.693, 120, S06, B07, 1
S06, Trade, 4319612.443, 115, B08, S06, 1
S06, Trade, 4319672.793, 114, S06, B07, 1
S06, Trade, 4319695.843, 114, S06, B09, 1
S06, Trade, 4319700.943, 118, S06, B07, 1
S06, Trade, 4319730.043, 114, S06, B07, 1
S06, Trade, 4319734.043, 117, S06, B07, 1
S06, Trade, 4319742.843, 121, S06, B08, 1
S06, Trade, 4319768.843, 120, B09, S06, 1
S06, Trade, 4319830.143, 115, S06, B07, 1
S06, Trade, 4319897.793, 116, B09, S06, 1
S06, Trade, 4319938.193, 117, S06, B09, 1
S06, Trade, 4319973.793, 114, S06, B07, 1
S06, Trade, 4319989.993, 133, B09, S06, 1
S07, 100
S07, Trade, 4313645.843, 122, S07, B09, 1
S07, Trade, 4313668.493, 122, B07, S07, 1
S07, Trade, 4313701.393, 123, S07, B09, 1
S07, Trade, 4313707.243, 122, S07, B09, 1
S07, Trade, 4313965.043, 122, B07, S07, 1
S07, Trade, 4313975.843, 122, S07, B07, 1
S07, Trade, 4314085.393, 122, S07, B07, 1
S07, Trade, 4314091.143, 122, S07, B09, 1
S07, Trade, 4314105.643, 122, S07, B07, 1
S07, Trade, 4314132.743, 122, B07, S07, 1
S07, Trade, 4314145.043, 122, S07, B07, 1
S07, Trade, 4314249.593, 123, S07, B09, 1
S07, Trade, 4314304.443, 122, B08, S07, 1
S07, Trade, 4314343.893, 123, S07, B09, 1
S07, Trade, 4314351.143, 122, B07, S07, 1
S07, Trade, 4314377.743, 122, S07, B07, 1
S07, Trade, 4314526.843, 122, S07, B07, 1
S07, Trade, 4314834.043, 122, S07, B09, 1
S07, Trade, 4314868.993, 122, S07, B09, 1
S07, Trade, 4315115.043, 122, S07, B07, 1
S07, Trade, 4315131.143, 122, B07, S07, 1
S07, Trade, 4315139.643, 122, S07, B08, 1
S07, Trade, 4315211.643, 125, S07, B09, 1
S07, Trade, 4315317.093, 130, S07, B09, 1
S07, Trade, 4315349.993, 122, S07, B09, 1
S07, Trade, 4315381.243, 122, S07, B07, 1
S07, Trade, 4315493.243, 122, S07, B07, 1
S07, Trade, 4315535.343, 125, S07, B09, 1
S07, Trade, 4315603.193, 123, S07, B09, 1
S07, Trade, 4315740.393, 122, B07, S07, 1
S07, Trade, 4315862.393, 126, B09, S07, 1
S07, Trade, 4315905.843, 124, S07, B08, 1
S07, Trade, 4315934.743, 124, S07, B09, 1
S07, Trade, 4315966.693, 122, S07, B09, 1
S07, Trade, 4315985.793, 126, S07, B09, 1
S07, Trade, 4316066.243, 122, S07, B07, 1
S07, Trade, 4316267.993, 122, S07, B08, 1
S07, Trade, 4316306.993, 122, S07, B08, 1
S07, Trade, 4316385.743, 122, S07, B08, 1
S07, Trade, 4316404.943, 123, S07, B09, 1
S07, Trade, 4316491.993, 123, S07, B09, 1
S07, Trade, 4316548.743, 122, S07, B08, 1
S07, Trade, 4316692.843, 123, S07, B08, 1
S07, Trade, 4316812.643, 122, S07, B07, 1
S07, Trade, 4316861.793, 122, B07, S07, 1
S07, Trade, 4316881.093, 122, S07, B09, 1
S07, Trade, 4317186.443, 122, S07, B07, 1
S07, Trade, 4317315.393, 122, S07, B07, 1
S07, Trade, 4317402.993, 122, B07, S07, 1
S07, Trade, 4317459.293, 127, S07, B09, 1
S07, Trade, 4317468.243, 122, S07, B07, 1
S07, Trade, 4317551.493, 123, S07, B08, 1
S07, Trade, 4317631.043, 122, B07, S07, 1
S07, Trade, 4317856.443, 122, S07, B09, 1
S07, Trade, 4317882.743, 126, S07, B09, 1
S07, Trade, 4317929.693, 122, S07, B07, 1
S07, Trade, 4318063.593, 126, S07, B09, 1
S07, Trade, 4318080.943, 122, S07, B09, 1
S07, Trade, 4318122.643, 124, S07, B08, 1
S07, Trade, 4318139.393, 122, B07, S07, 1
S07, Trade, 4318177.793, 129, S07, B09, 1
S07, Trade, 4318200.543, 122, S07, B08, 1
S07, Trade, 4318225.043, 123, S07, B08, 1
S07, Trade, 4318233.343, 124, S07, B08, 1
S07, Trade, 4318244.993, 123, S07, B08, 1
S07, Trade, 4318254.043, 125, S07, B09, 1
S07, Trade, 4318380.343, 122, S07, B07, 1
S07, Trade, 4318433.543, 122, S07, B08, 1
S07, Trade, 4318539.993, 122, S07, B07, 1
S07, Trade, 4318655.943, 122, B07, S07, 1
S07, Trade, 4318680.143, 122, S07, B09, 1
S07, Trade, 4318718.643, 123, S07, B09, 1
S07, Trade, 4318730.643, 122, S07, B07, 1
S07, Trade, 4318734.843, 122, B07, S07, 1
S07, Trade, 4318742.543, 122, S07, B08, 1
S07, Trade, 4318762.143, 122, S07, B07, 1
S07, Trade, 4318767.293, 122, S07, B09, 1
S07, Trade, 4318787.193, 123, S07, B08, 1
S07, Trade, 4318787.793, 122, B07, S07, 1
S07, Trade, 4318854.793, 122, B07, S07, 1
S07, Trade, 4319122.343, 122, B07, S07, 1
S07, Trade, 4319133.843, 125, B09, S07, 1
S07, Trade, 4319152.443, 125, S07, B09, 1
S07, Trade, 4319154.193, 122, B07, S07, 1
S07, Trade, 4319199.593, 122, B07, S07, 1
S07, Trade, 4319282.193, 122, B07, S07, 1
S07, Trade, 4319300.443, 122, S07, B09, 1
S07, Trade, 4319321.343, 122, B07, S07, 1
S07, Trade, 4319378.943, 122, S07, B09, 1
S07, Trade, 4319488.743, 122, S07, B07, 1
S07, Trade, 4319548.893, 123, S07, B09, 1
S07, Trade, 4319583.193, 122, S07, B07, 1
S07, Trade, 4319754.193, 122, S07, B07, 1
S07, Trade, 4319798.293, 122, S07, B07, 1
S07, Trade, 4319838.893, 125, S07, B09, 1
S07, Trade, 4319845.593, 128, S07, B09, 1
S07, Trade, 4319851.843, 122, S07, B07, 1
S07, Trade, 4319874.193, 122, S07, B07, 1
S07, Trade, 4319917.543, 122, B07, S07, 1
S07, Trade, 4319977.993, 122, S07, B07, 1
S08, 100
S08, Trade, 3957138.194, 134, S08, B09, 1
S08, Trade, 3959716.244, 133, S08, B09, 1
S08, Trade, 3961369.544, 132, S08, B09, 1
S08, Trade, 3961482.244, 131, S08, B09, 1
S08, Trade, 3962328.044, 131, S08, B09, 1
S08, Trade, 3963707.994, 131, S08, B09, 1
S08, Trade, 3966943.544, 135, S08, B09, 1
S08, Trade, 3967212.494, 135, S08, B09, 1
S08, Trade, 3968074.144, 138, S08, B09, 1
S08, Trade, 3969369.094, 133, S08, B09, 1
S08, Trade, 3969704.394, 132, S08, B09, 1
S08, Trade, 3972499.144, 131, S08, B09, 1
S08, Trade, 3984808.694, 132, S08, B09, 1
S08, Trade, 4000695.444, 131, S08, B09, 1
S08, Trade, 4000831.094, 131, S08, B09, 1
S08, Trade, 4004362.444, 132, B09, S08, 1
S08, Trade, 4005107.144, 137, S08, B09, 1
S08, Trade, 4005188.894, 132, S08, B09, 1
S08, Trade, 4005779.744, 135, S08, B09, 1
S08, Trade, 4009737.094, 131, S08, B09, 1
S08, Trade, 4026808.294, 131, S08, B09, 1
S08, Trade, 4029012.594, 134, S08, B09, 1
S08, Trade, 4032096.194, 131, S08, B09, 1
S08, Trade, 4044900.244, 136, S08, B09, 1
S08, Trade, 4045835.994, 133, S08, B09, 1
S08, Trade, 4054802.794, 131, S08, B09, 1
S08, Trade, 4055046.844, 131, S08, B09, 1
S08, Trade, 4058486.194, 132, S08, B09, 1
S08, Trade, 4059179.544, 131, S08, B09, 1
S08, Trade, 4059291.944, 133, S08, B09, 1
S08, Trade, 4063632.044, 132, S08, B09, 1
S08, Trade, 4069685.344, 134, S08, B09, 1
S08, Trade, 4070756.594, 134, S08, B09, 1
S08, Trade, 4072689.794, 134, S08, B09, 1
S08, Trade, 4074705.794, 131, S08, B09, 1
S08, Trade, 4087149.694, 132, S08, B09, 1
S08, Trade, 4089459.544, 131, S08, B09, 1
S08, Trade, 4096949.444, 131, S08, B09, 1
S08, Trade, 4102446.744, 135, S08, B09, 1
S08, Trade, 4103145.894, 133, S08, B09, 1
S08, Trade, 4103517.694, 131, S08, B09, 1
S08, Trade, 4104234.594, 133, S08, B09, 1
S08, Trade, 4104392.144, 131, S08, B09, 1
S08, Trade, 4105651.094, 133, S08, B09, 1
S08, Trade, 4109486.044, 131, S08, B09, 1
S08, Trade, 4110151.244, 133, S08, B09, 1
S08, Trade, 4115874.694, 134, S08, B09, 1
S08, Trade, 4126655.694, 132, S08, B09, 1
S08, Trade, 4133840.794, 131, S08, B09, 1
S08, Trade, 4146711.494, 131, S08, B09, 1
S08, Trade, 4154299.194, 131, S08, B09, 1
S08, Trade, 4157075.494, 133, S08, B09, 1
S08, Trade, 4162291.944, 134, S08, B09, 1
S08, Trade, 4162330.494, 131, S08, B09, 1
S08, Trade, 4162463.794, 133, S08, B09, 1
S08, Trade, 4163079.094, 131, S08, B09, 1
S08, Trade, 4163391.794, 133, S08, B09, 1
S08, Trade, 4163738.994, 131, S08, B09, 1
S08, Trade, 4163757.594, 132, B09, S08, 1
S08, Trade, 4164658.544, 135, S08, B09, 1
S08, Trade, 4165277.244, 135, S08, B09, 1
S08, Trade, 4165580.444, 135, S08, B09, 1
S08, Trade, 4167026.094, 134, S08, B09, 1
S08, Trade, 4167340.694, 134, B09, S08, 1
S08, Trade, 4170670.744, 132, S08, B09, 1
S08, Trade, 4170943.844, 134, S08, B09, 1
S08, Trade, 4171475.694, 132, S08, B09, 1
S08, Trade, 4173627.744, 132, S08, B09, 1
S08, Trade, 4174045.294, 131, S08, B09, 1
S08, Trade, 4181982.194, 132, S08, B09, 1
S08, Trade, 4183847.094, 131, S08, B09, 1
S08, Trade, 4187808.094, 131, S08, B09, 1
S08, Trade, 4193954.644, 131, S08, B09, 1
S08, Trade, 4195459.344, 131, B09, S08, 1
S08, Trade, 4209067.544, 133, S08, B09, 1
S08, Trade, 4209549.444, 131, S08, B09, 1
S08, Trade, 4210548.294, 132, S08, B09, 1
S08, Trade, 4212074.793, 131, S08, B09, 1
S08, Trade, 4222026.193, 136, B09, S08, 1
S08, Trade, 4240388.493, 132, S08, B09, 1
S08, Trade, 4242212.543, 135, S08, B09, 1
S08, Trade, 4248259.293, 131, S08, B09, 1
S08, Trade, 4248283.143, 133, S08, B09, 1
S08, Trade, 4254772.543, 134, S08, B09, 1
S08, Trade, 4254864.343, 131, S08, B09, 1
S08, Trade, 4255232.893, 131, S08, B09, 1
S08, Trade, 4273816.043, 131, S08, B09, 1
S08, Trade, 4278177.543, 131, S08, B09, 1
S08, Trade, 4280022.593, 131, S08, B09, 1
S08, Trade, 4280214.143, 131, S08, B09, 1
S08, Trade, 4281042.343, 131, S08, B09, 1
S08, Trade, 4282737.543, 134, S08, B09, 1
S08, Trade, 4293562.993, 131, B09, S08, 1
S08, Trade, 4295493.443, 131, S08, B09, 1
S08, Trade, 4295951.593, 135, S08, B09, 1
S08, Trade, 4297363.543, 131, S08, B09, 1
S08, Trade, 4301956.593, 133, S08, B09, 1
S08, Trade, 4306431.593, 133, S08, B09, 1
S08, Trade, 4307797.193, 131, S08, B09, 1
S08, Trade, 4308836.493, 135, S08, B09, 1
S09, 4
S09, Trade, 84047.050, 140, S09, B09, 1
S09, Trade, 85162.200, 140, S09, B09, 1
S09, Trade, 121044.000, 140, S09, B09, 1
S09, Trade, 323171.100, 140, B09, S09, 1
